Season,Player,Team,Position,evo_rank,evd_rank,ppl_rank,pkl_rank,oio_rank,oid_rank,sht_rank,scr_rank,zon_rank,plm_rank,pen_rank,phy_rank,fof_rank,fan_rank,Role,GP,TOI,Goals,First Assists,Age,Date of Birth,Birth Country,Nationality,Height (in),Weight (lbs),Draft Year,Draft Round,Round Pick,Overall Draft Position
2022-2023,Aaron Ekblad,FLA,D,10.0,134.0,4.0,49.0,10.0,74.0,9.0,6.0,53.0,38.0,131.0,171.0,,7.0,First Pair,71,1660.9833333333,14,15,29,1996-02-07,CAN,CAN,76,215,2014,1,1,1
2022-2023,Adam Boqvist,CBJ,D,78.0,221.0,34.0,,125.0,219.0,95.0,11.0,5.0,43.0,4.0,213.0,,68.0,Second Pair,46,857.13333333333,5,11,24,2000-08-15,SWE,SWE,72,182,2018,1,8,8
2022-2023,Adam Fox,NYR,D,54.0,24.0,3.0,58.0,86.0,46.0,79.0,40.0,73.0,3.0,32.0,231.0,,5.0,First Pair,82,1998.9666666667,12,28,27,1998-02-17,USA,USA,71,182,2016,3,5,66
2022-2023,Adam Larsson,SEA,D,96.0,15.0,,66.0,139.0,32.0,130.0,78.0,69.0,126.0,188.0,41.0,,62.0,First Pair,82,1938.4666666667,8,12,32,1992-11-12,SWE,SWE,75,209,2011,1,4,4
2022-2023,Adam Pelech,NYI,D,80.0,47.0,,72.0,85.0,67.0,115.0,107.0,225.0,117.0,148.0,137.0,,69.0,Second Pair,61,1320.7666666667,6,6,30,1994-08-16,CAN,CAN,75,210,2012,3,4,65
2022-2023,Alec Martinez,VGK,D,103.0,12.0,92.0,131.0,36.0,163.0,163.0,71.0,112.0,194.0,67.0,193.0,,51.0,Second Pair,77,1480.3166666667,3,4,37,1987-07-26,USA,USA,73,210,2007,4,4,95
2022-2023,Alex Goligoski,MIN,D,142.0,53.0,79.0,146.0,67.0,81.0,133.0,165.0,98.0,129.0,125.0,174.0,,108.0,Third Pair,46,812.66666666667,2,2,39,1985-07-30,USA,USA,71,173,2004,2,31,61
2022-2023,Alex Pietrangelo,VGK,D,23.0,51.0,27.0,36.0,38.0,156.0,15.0,30.0,54.0,32.0,59.0,206.0,,4.0,First Pair,73,1750.6333333333,11,19,35,1990-01-18,CAN,CAN,75,215,2008,1,4,4
2022-2023,Alexander Alexeyev,WSH,D,223.0,160.0,,,221.0,176.0,189.0,230.0,231.0,186.0,102.0,151.0,,197.0,Third Pair,32,526.55,0,2,25,1999-11-15,RUS,RUS,76,213,2018,1,31,31
2022-2023,Alexander Edler,LAK,D,33.0,202.0,,89.0,7.0,148.0,114.0,145.0,101.0,79.0,210.0,61.0,,166.0,Third Pair,64,945.56666666667,2,5,39,1986-04-21,SWE,SWE,76,210,2004,3,26,91
2022-2023,Alexander Romanov,NYI,D,144.0,175.0,,32.0,124.0,179.0,109.0,203.0,132.0,149.0,90.0,26.0,,113.0,Second Pair,76,1478.1666666667,2,11,25,2000-01-06,RUS,RUS,73,215,2018,2,7,38
2022-2023,Alexandre Carrier,NSH,D,162.0,67.0,89.0,120.0,128.0,103.0,149.0,155.0,192.0,101.0,81.0,120.0,,109.0,Third Pair,43,769.2,2,4,28,1996-10-08,CAN,CAN,71,174,2015,4,24,115
2022-2023,Andreas Englund,"CHI, COL",D,224.0,61.0,,,215.0,54.0,192.0,228.0,232.0,201.0,42.0,5.0,,232.0,Fringe,47,569.23333333333,0,2,29,1996-01-21,SWE,SWE,75,189,2014,2,10,40
2022-2023,Andrew Peeke,CBJ,D,216.0,115.0,,103.0,198.0,205.0,221.0,153.0,223.0,228.0,103.0,55.0,,117.0,Second Pair,80,1699.75,6,2,27,1998-03-17,USA,USA,75,210,2016,2,4,34
2022-2023,Arber Xhekaj,MTL,D,93.0,225.0,,,211.0,228.0,41.0,35.0,36.0,99.0,230.0,8.0,,150.0,Third Pair,51,778.8,5,5,24,2001-01-30,CAN,CAN,76,238,-,-,-,-
2022-2023,Artem Zub,OTT,D,191.0,106.0,,62.0,130.0,89.0,222.0,117.0,166.0,203.0,209.0,47.0,,151.0,Second Pair,53,1073.4166666667,3,1,29,1995-10-03,RUS,RUS,74,200,-,-,-,-
2022-2023,Ben Chiarot,DET,D,128.0,146.0,90.0,56.0,170.0,186.0,86.0,99.0,152.0,133.0,213.0,67.0,,66.0,Second Pair,76,1566.1833333333,5,7,34,1991-05-09,CAN,CAN,75,232,2009,4,29,120
2022-2023,Ben Harpur,NYR,D,227.0,195.0,,165.0,229.0,200.0,181.0,220.0,137.0,210.0,124.0,79.0,,200.0,Third Pair,42,590.7,1,0,30,1995-01-12,CAN,CAN,78,231,2013,4,17,108
2022-2023,Ben Hutton,VGK,D,79.0,39.0,,175.0,126.0,70.0,42.0,67.0,44.0,150.0,19.0,166.0,,125.0,Third Pair,31,495.81666666667,3,2,32,1993-04-20,CAN,CAN,75,201,2012,5,26,147
2022-2023,Bowen Byram,COL,D,65.0,111.0,,,102.0,90.0,90.0,8.0,63.0,50.0,198.0,65.0,,64.0,Second Pair,42,918.86666666667,10,8,24,2001-06-13,CAN,CAN,73,190,2019,1,4,4
2022-2023,Brad Hunt,COL,D,60.0,135.0,,,108.0,91.0,65.0,38.0,92.0,67.0,192.0,215.0,,181.0,Fringe,47,527.06666666667,4,3,36,1988-08-24,CAN,CAN,69,177,-,-,-,-
2022-2023,Braden Schneider,NYR,D,209.0,145.0,,,230.0,193.0,205.0,109.0,96.0,156.0,29.0,66.0,,167.0,Third Pair,81,1273.4666666667,5,6,23,2001-09-20,CAN,CAN,75,208,2020,1,19,19
2022-2023,Brady Skjei,CAR,D,9.0,76.0,69.0,34.0,23.0,19.0,20.0,14.0,41.0,93.0,186.0,158.0,,54.0,Second Pair,81,1766.4833333333,18,8,31,1994-03-26,USA,USA,75,210,2012,1,28,28
2022-2023,Brandon Carlo,BOS,D,122.0,7.0,,8.0,117.0,9.0,116.0,112.0,209.0,202.0,116.0,81.0,,123.0,Second Pair,75,1412.3,3,6,28,1996-11-26,USA,USA,78,218,2015,2,7,37
2022-2023,Brandon Montour,FLA,D,8.0,166.0,62.0,133.0,19.0,142.0,13.0,12.0,4.0,28.0,151.0,152.0,,24.0,First Pair,80,1930.1,16,26,31,1994-04-11,CAN,CAN,72,194,2014,2,25,55
2022-2023,Brayden McNabb,VGK,D,158.0,6.0,,33.0,94.0,64.0,166.0,206.0,182.0,171.0,79.0,36.0,,85.0,Second Pair,82,1627.1833333333,1,7,34,1991-01-21,CAN,CAN,76,215,2009,3,5,66
2022-2023,Brendan Smith,NJD,D,81.0,131.0,,136.0,32.0,49.0,84.0,121.0,67.0,218.0,166.0,35.0,,218.0,Third Pair,60,933.2,0,1,36,1989-02-08,CAN,CAN,74,200,2007,1,27,27
2022-2023,Brenden Dillon,WPG,D,135.0,101.0,,78.0,77.0,78.0,179.0,197.0,109.0,119.0,164.0,28.0,,146.0,Second Pair,82,1606.25,2,10,34,1990-11-13,CAN,CAN,76,224,-,-,-,-
2022-2023,Brent Burns,CAR,D,6.0,118.0,12.0,59.0,17.0,56.0,10.0,17.0,55.0,17.0,165.0,222.0,,16.0,First Pair,82,1903.65,18,25,40,1985-03-09,CAN,CAN,77,230,2003,1,20,20
2022-2023,Brett Kulak,EDM,D,116.0,72.0,,121.0,103.0,42.0,98.0,130.0,71.0,148.0,144.0,114.0,,143.0,Third Pair,82,1435.7666666667,3,5,31,1994-01-06,CAN,CAN,73,197,2012,4,14,105
2022-2023,Brett Pesce,CAR,D,27.0,23.0,67.0,11.0,8.0,27.0,52.0,106.0,45.0,55.0,36.0,223.0,,63.0,First Pair,82,1804.7833333333,5,15,30,1994-11-15,USA,USA,75,206,2013,3,5,66
2022-2023,Brian Dumoulin,PIT,D,126.0,62.0,,45.0,59.0,100.0,197.0,199.0,57.0,122.0,35.0,127.0,,105.0,Second Pair,82,1692.55,1,13,33,1991-09-06,USA,USA,76,207,2009,2,21,51
2022-2023,Cal Foote,"NSH, TBL",D,164.0,157.0,,,142.0,141.0,150.0,138.0,106.0,195.0,221.0,58.0,,221.0,Third Pair,50,756.11666666667,2,2,26,1998-12-13,USA,USA,77,224,2017,1,14,14
2022-2023,Cale Makar,COL,D,3.0,18.0,1.0,128.0,16.0,6.0,12.0,1.0,3.0,1.0,6.0,176.0,,2.0,First Pair,60,1582.8166666667,17,29,26,1998-10-30,CAN,CAN,71,187,2017,1,4,4
2022-2023,Caleb Jones,CHI,D,196.0,105.0,81.0,,209.0,122.0,155.0,105.0,114.0,151.0,108.0,90.0,,142.0,Second Pair,73,1402.3,4,6,28,1997-06-06,USA,USA,73,194,2015,4,26,117
2022-2023,Calen Addison,MIN,D,179.0,133.0,57.0,,159.0,95.0,113.0,135.0,40.0,22.0,200.0,227.0,,119.0,Third Pair,62,999.43333333333,3,13,25,2000-04-11,CAN,CAN,71,173,2018,2,22,53
2022-2023,Calle Rosen,STL,D,36.0,181.0,,,167.0,189.0,100.0,5.0,142.0,134.0,145.0,228.0,,124.0,Third Pair,49,764.46666666667,8,4,31,1994-02-02,SWE,SWE,73,188,-,-,-,-
2022-2023,Calvin de Haan,CAR,D,98.0,3.0,,147.0,104.0,8.0,73.0,139.0,74.0,159.0,146.0,40.0,,128.0,Third Pair,53,717.25,2,4,34,1991-05-09,CAN,CAN,73,195,2009,1,12,12
2022-2023,Cam Fowler,ANA,D,152.0,205.0,15.0,92.0,158.0,202.0,127.0,49.0,148.0,40.0,60.0,232.0,,48.0,First Pair,82,1982.2166666667,10,21,33,1991-12-05,CAN,USA,74,215,2010,1,12,12
2022-2023,Cam York,PHI,D,169.0,83.0,55.0,,143.0,105.0,210.0,114.0,128.0,57.0,31.0,203.0,,126.0,Second Pair,54,1060.8666666667,2,10,24,2001-01-05,USA,USA,71,175,2019,1,14,14
2022-2023,Carson Soucy,SEA,D,112.0,26.0,,9.0,177.0,28.0,106.0,63.0,97.0,109.0,219.0,48.0,,134.0,Third Pair,78,1270.7666666667,3,5,30,1994-07-27,CAN,CAN,77,208,2013,5,16,137
2022-2023,Casey Fitzgerald,"BUF, FLA",D,200.0,203.0,,,188.0,180.0,193.0,229.0,30.0,130.0,7.0,37.0,,228.0,Fringe,27,321.73333333333,0,2,28,1997-02-25,USA,USA,71,188,2016,3,25,86
2022-2023,Chad Ruhwedel,PIT,D,119.0,19.0,,118.0,37.0,22.0,145.0,180.0,89.0,216.0,176.0,30.0,,202.0,Third Pair,47,684.71666666667,1,1,35,1990-05-07,USA,USA,71,191,-,-,-,-
2022-2023,Charlie McAvoy,BOS,D,28.0,16.0,32.0,12.0,5.0,17.0,93.0,53.0,43.0,21.0,119.0,123.0,,22.0,First Pair,67,1494.3,7,20,27,1997-12-21,USA,USA,73,209,2016,1,14,14
2022-2023,Chris Tanev,CGY,D,91.0,2.0,,2.0,14.0,2.0,185.0,178.0,158.0,154.0,37.0,207.0,,98.0,Second Pair,65,1307.8166666667,1,5,35,1989-12-20,CAN,CAN,74,193,-,-,-,-
2022-2023,Chris Wideman,MTL,D,167.0,228.0,85.0,,153.0,223.0,157.0,181.0,8.0,65.0,232.0,142.0,,176.0,Third Pair,46,621.55,0,3,35,1990-01-07,USA,USA,70,181,2009,4,9,100
2022-2023,Cody Ceci,EDM,D,138.0,102.0,,74.0,91.0,96.0,169.0,174.0,141.0,174.0,92.0,103.0,,127.0,Second Pair,80,1610.75,1,4,31,1993-12-21,CAN,CAN,74,210,2012,1,15,15
2022-2023,Colin Miller,DAL,D,108.0,46.0,94.0,,147.0,23.0,81.0,86.0,32.0,84.0,78.0,91.0,,131.0,Third Pair,79,1325.0,6,7,32,1992-10-29,CAN,CAN,73,200,2012,5,30,151
2022-2023,Colton Parayko,STL,D,182.0,68.0,,42.0,218.0,128.0,104.0,137.0,221.0,127.0,58.0,157.0,,52.0,First Pair,79,1817.2166666667,4,6,32,1993-05-12,CAN,CAN,78,228,2012,3,25,86
2022-2023,Colton White,ANA,D,232.0,222.0,,,219.0,208.0,220.0,231.0,207.0,177.0,150.0,148.0,,231.0,Third Pair,46,668.38333333333,0,3,28,1997-05-03,CAN,CAN,73,187,2015,4,6,97
2022-2023,Connor Clifton,BOS,D,134.0,27.0,,5.0,133.0,33.0,122.0,133.0,116.0,144.0,89.0,17.0,,144.0,Third Pair,78,1392.75,5,9,30,1995-04-28,USA,USA,71,190,2013,5,12,133
2022-2023,Connor Mackey,"ARI, CGY",D,74.0,234.0,,,116.0,233.0,124.0,29.0,91.0,213.0,222.0,22.0,,186.0,Third Pair,30,421.41666666667,3,1,28,1996-09-12,USA,USA,74,197,-,-,-,-
2022-2023,Connor Murphy,CHI,D,217.0,33.0,,50.0,228.0,124.0,170.0,88.0,229.0,224.0,63.0,50.0,,81.0,Second Pair,80,1551.2,7,3,32,1993-03-26,USA,USA,76,212,2011,1,20,20
2022-2023,Conor Timmins,"ARI, TOR",D,100.0,21.0,,,63.0,3.0,162.0,147.0,82.0,29.0,153.0,164.0,,162.0,Third Pair,27,407.43333333333,2,7,26,1998-09-18,CAN,CAN,74,202,2017,2,1,32
2022-2023,Damon Severson,NJD,D,32.0,172.0,38.0,57.0,3.0,60.0,102.0,58.0,135.0,49.0,163.0,190.0,,89.0,Second Pair,81,1616.35,7,12,30,1994-08-07,CAN,CAN,74,205,2012,2,30,60
2022-2023,Dante Fabbro,NSH,D,118.0,48.0,,39.0,98.0,85.0,111.0,179.0,65.0,113.0,167.0,122.0,,106.0,Third Pair,79,1378.35,2,4,27,1998-06-20,CAN,CAN,72,189,2016,1,17,17
2022-2023,Darnell Nurse,EDM,D,17.0,116.0,47.0,64.0,39.0,116.0,14.0,28.0,123.0,72.0,197.0,74.0,,17.0,First Pair,82,1926.65,12,15,30,1995-02-04,CAN,CAN,76,221,2013,1,7,7
2022-2023,David Savard,MTL,D,211.0,186.0,,82.0,207.0,221.0,215.0,169.0,180.0,183.0,123.0,100.0,,71.0,First Pair,62,1388.0,3,6,34,1990-10-22,CAN,CAN,73,235,2009,4,3,94
2022-2023,Dennis Gilbert,CGY,D,120.0,10.0,,,44.0,36.0,206.0,108.0,9.0,199.0,40.0,9.0,,214.0,Fringe,23,270.0,1,1,28,1996-10-30,USA,USA,74,216,2015,3,30,91
2022-2023,Derek Forbort,BOS,D,180.0,73.0,,10.0,180.0,77.0,219.0,84.0,202.0,184.0,118.0,57.0,,152.0,Third Pair,54,957.53333333333,5,5,33,1992-03-04,USA,USA,76,208,2010,1,15,15
2022-2023,Devon Toews,COL,D,22.0,11.0,49.0,60.0,11.0,7.0,64.0,41.0,24.0,54.0,33.0,197.0,,21.0,First Pair,80,2008.5,7,16,31,1994-02-21,CAN,CAN,73,191,2014,4,18,108
2022-2023,Dmitry Kulikov,"ANA, PIT",D,154.0,152.0,,93.0,173.0,164.0,175.0,129.0,212.0,114.0,147.0,102.0,,141.0,Second Pair,67,1304.7666666667,3,8,34,1990-10-29,RUS,RUS,73,201,2009,1,14,14
2022-2023,Dmitry Orlov,"BOS, WSH",D,52.0,58.0,66.0,158.0,66.0,58.0,76.0,33.0,176.0,51.0,95.0,85.0,,49.0,First Pair,66,1488.0,7,13,33,1991-07-23,RUS,RUS,71,214,2009,2,25,55
2022-2023,Dougie Hamilton,NJD,D,1.0,193.0,10.0,172.0,4.0,101.0,1.0,4.0,49.0,12.0,204.0,160.0,,8.0,Second Pair,82,1785.5,22,27,32,1993-06-17,CAN,CAN,78,230,2011,1,9,9
2022-2023,Drew Doughty,LAK,D,104.0,141.0,8.0,90.0,50.0,15.0,83.0,45.0,86.0,45.0,93.0,143.0,,37.0,First Pair,81,2124.55,9,14,35,1989-12-08,CAN,CAN,73,210,2008,1,2,2
2022-2023,Dylan DeMelo,WPG,D,137.0,64.0,,85.0,82.0,40.0,171.0,154.0,110.0,110.0,143.0,88.0,,135.0,Second Pair,75,1467.0666666667,6,10,32,1993-05-01,CAN,CAN,72,195,2011,6,28,179
2022-2023,Dylan Samberg,WPG,D,160.0,37.0,,107.0,55.0,41.0,199.0,177.0,115.0,225.0,132.0,82.0,,196.0,Third Pair,63,940.33333333333,2,2,26,1999-01-24,USA,USA,76,219,2017,2,12,43
2022-2023,Erik Brannstrom,OTT,D,107.0,84.0,75.0,156.0,79.0,75.0,92.0,210.0,22.0,85.0,127.0,169.0,,132.0,Third Pair,74,1192.4,2,6,25,1999-09-02,SWE,SWE,70,185,2017,1,15,15
2022-2023,Erik Cernak,TBL,D,66.0,167.0,,87.0,48.0,61.0,99.0,185.0,213.0,112.0,66.0,20.0,,165.0,Second Pair,70,1346.8166666667,2,5,28,1997-05-28,SVK,SVK,76,224,2015,2,13,43
2022-2023,Erik Gudbranson,CBJ,D,130.0,177.0,,31.0,122.0,192.0,85.0,172.0,103.0,200.0,170.0,56.0,,116.0,Second Pair,70,1490.9333333333,1,5,33,1992-01-07,CAN,CAN,77,222,2010,1,3,3
2022-2023,Erik Gustafsson,"TOR, WSH",D,56.0,119.0,39.0,,81.0,73.0,56.0,87.0,1.0,25.0,50.0,187.0,,72.0,Second Pair,70,1384.1,7,18,33,1992-03-14,SWE,SWE,72,197,2012,4,2,93
2022-2023,Erik Johnson,COL,D,83.0,80.0,,102.0,129.0,137.0,45.0,136.0,214.0,136.0,154.0,49.0,,103.0,Third Pair,63,1087.0333333333,0,5,37,1988-03-21,USA,USA,76,225,2006,1,1,1
2022-2023,Erik Karlsson,SJS,D,2.0,226.0,13.0,148.0,6.0,201.0,25.0,3.0,20.0,4.0,14.0,230.0,,12.0,First Pair,82,2100.4333333333,25,42,35,1990-05-31,SWE,SWE,72,190,2008,1,15,15
2022-2023,Esa Lindell,DAL,D,129.0,35.0,98.0,24.0,161.0,55.0,108.0,89.0,206.0,120.0,28.0,135.0,,67.0,Second Pair,82,1633.1833333333,8,7,31,1994-05-23,FIN,FIN,75,220,2012,3,13,74
2022-2023,Ethan Bear,VAN,D,77.0,65.0,,137.0,80.0,29.0,78.0,102.0,87.0,116.0,72.0,172.0,,140.0,Second Pair,61,1130.15,3,6,28,1997-06-26,CAN,CAN,71,197,2015,5,3,124
2022-2023,Evan Bouchard,EDM,D,7.0,85.0,63.0,169.0,13.0,57.0,5.0,24.0,48.0,62.0,80.0,146.0,,44.0,Second Pair,82,1518.35,8,11,25,1999-10-20,CAN,CAN,75,194,2018,1,10,10
2022-2023,Filip Hronek,"DET, VAN",D,155.0,191.0,31.0,29.0,205.0,136.0,58.0,66.0,154.0,35.0,26.0,139.0,,50.0,Second Pair,64,1388.7833333333,9,13,27,1997-11-02,CZE,CZE,72,190,2016,2,23,53
2022-2023,Gavin Bayreuther,CBJ,D,150.0,156.0,,,152.0,217.0,105.0,214.0,80.0,108.0,138.0,104.0,,160.0,Third Pair,51,813.3,2,5,31,1994-05-12,USA,USA,73,196,-,-,-,-
2022-2023,Gustav Forsling,FLA,D,4.0,140.0,71.0,46.0,15.0,104.0,23.0,27.0,151.0,47.0,70.0,208.0,,39.0,First Pair,82,1921.7333333333,13,16,29,1996-06-12,SWE,SWE,72,186,2014,5,6,126
2022-2023,Gustav Lindstrom,DET,D,222.0,153.0,,167.0,216.0,158.0,232.0,208.0,81.0,155.0,220.0,124.0,,210.0,Third Pair,36,510.1,1,3,26,1998-10-20,SWE,SWE,74,186,2017,2,7,38
2022-2023,Hampus Lindholm,BOS,D,57.0,107.0,65.0,117.0,65.0,66.0,67.0,65.0,133.0,37.0,168.0,178.0,,45.0,First Pair,80,1854.95,10,24,31,1994-01-20,SWE,SWE,76,215,2012,1,6,6
2022-2023,Haydn Fleury,TBL,D,175.0,40.0,,174.0,199.0,24.0,51.0,193.0,99.0,229.0,5.0,78.0,,207.0,Fringe,29,370.98333333333,0,0,29,1996-07-08,CAN,CAN,76,208,2014,1,7,7
2022-2023,Henri Jokiharju,BUF,D,147.0,182.0,91.0,80.0,101.0,155.0,164.0,143.0,68.0,190.0,128.0,154.0,,147.0,Second Pair,60,1261.4666666667,3,3,26,1999-06-17,FIN,FIN,72,200,2017,1,29,29
2022-2023,Ian Cole,TBL,D,102.0,56.0,,44.0,51.0,21.0,152.0,195.0,134.0,153.0,226.0,92.0,,169.0,Second Pair,78,1512.1333333333,3,7,36,1989-02-21,USA,USA,73,225,2007,1,18,18
2022-2023,Ian Mitchell,CHI,D,229.0,229.0,,,227.0,232.0,228.0,116.0,50.0,212.0,139.0,216.0,,204.0,Third Pair,35,554.36666666667,1,2,26,1999-01-18,CAN,CAN,71,193,2017,2,26,57
2022-2023,Ilya Lyubushkin,BUF,D,213.0,44.0,,130.0,166.0,109.0,229.0,189.0,208.0,168.0,169.0,33.0,,187.0,Third Pair,68,1020.6,2,6,31,1994-04-06,RUS,RUS,74,200,-,-,-,-
2022-2023,Ivan Provorov,PHI,D,161.0,149.0,51.0,81.0,184.0,145.0,96.0,85.0,157.0,138.0,76.0,173.0,,46.0,First Pair,82,1887.8666666667,6,9,28,1997-01-13,RUS,RUS,73,201,2015,1,7,7
2022-2023,J.J. Moser,ARI,D,206.0,183.0,61.0,112.0,226.0,196.0,195.0,98.0,233.0,141.0,135.0,179.0,,93.0,Second Pair,82,1726.15,7,8,25,2000-06-06,CHE,CHE,73,173,2021,2,28,60
2022-2023,Jaccob Slavin,CAR,D,29.0,4.0,88.0,1.0,2.0,5.0,62.0,120.0,14.0,80.0,15.0,224.0,,57.0,Second Pair,76,1671.3666666667,7,10,31,1994-05-01,USA,USA,75,207,2012,4,29,120
2022-2023,Jack Johnson,"CHI, COL",D,231.0,184.0,,100.0,212.0,194.0,209.0,219.0,226.0,231.0,104.0,117.0,,206.0,Second Pair,83,1588.8833333333,2,1,38,1987-01-13,USA,USA,73,227,2005,1,3,3
2022-2023,Jacob Bryson,BUF,D,228.0,86.0,87.0,176.0,154.0,99.0,234.0,218.0,105.0,147.0,24.0,192.0,,216.0,Third Pair,59,860.58333333333,1,4,27,1997-11-18,CAN,CAN,69,176,2017,4,6,99
2022-2023,Jacob MacDonald,"COL, SJS",D,58.0,69.0,,,60.0,18.0,27.0,205.0,145.0,103.0,134.0,86.0,,190.0,Fringe,58,698.28333333333,1,3,32,1993-02-26,USA,,72,204,-,-,-,-
2022-2023,Jacob Trouba,NYR,D,40.0,43.0,42.0,15.0,127.0,130.0,16.0,54.0,177.0,68.0,112.0,32.0,,28.0,Second Pair,82,1738.05,8,12,31,1994-02-26,USA,USA,75,203,2012,1,9,9
2022-2023,Jake Christiansen,CBJ,D,226.0,165.0,,,201.0,188.0,136.0,233.0,85.0,135.0,18.0,163.0,,209.0,Third Pair,24,365.31666666667,0,2,25,1999-09-12,CAN,CAN,72,193,-,-,-,-
2022-2023,Jake McCabe,"CHI, TOR",D,172.0,110.0,,94.0,202.0,183.0,174.0,160.0,193.0,115.0,97.0,52.0,,82.0,Second Pair,76,1480.1,3,10,31,1993-10-12,USA,USA,73,204,2012,2,14,44
2022-2023,Jake Middleton,MIN,D,189.0,79.0,,109.0,160.0,149.0,203.0,191.0,215.0,191.0,195.0,108.0,,153.0,Second Pair,79,1504.1,3,6,29,1996-01-02,CAN,CAN,75,219,2014,7,30,210
2022-2023,Jake Sanderson,OTT,D,94.0,128.0,59.0,110.0,56.0,174.0,97.0,170.0,197.0,87.0,20.0,225.0,,58.0,Second Pair,77,1687.8666666667,4,11,23,2002-07-08,USA,USA,75,195,2020,1,5,5
2022-2023,Jake Walman,DET,D,72.0,45.0,,151.0,171.0,93.0,11.0,43.0,139.0,193.0,52.0,150.0,,76.0,Second Pair,63,1242.2666666667,9,5,29,1996-02-20,CAN,CAN,74,215,2014,3,22,82
2022-2023,Jakob Chychrun,"ARI, OTT",D,34.0,125.0,28.0,153.0,168.0,129.0,3.0,10.0,120.0,64.0,201.0,155.0,,9.0,First Pair,48,1089.7833333333,9,7,27,1998-03-31,USA,USA,74,220,2016,1,16,16
2022-2023,Jakub Zboril,BOS,D,188.0,88.0,,,172.0,72.0,218.0,194.0,31.0,165.0,73.0,70.0,,215.0,Third Pair,22,292.36666666667,1,1,28,1997-02-21,CZE,CZE,73,201,2015,1,13,13
2022-2023,Jalen Chatfield,CAR,D,140.0,90.0,,139.0,109.0,80.0,120.0,132.0,187.0,180.0,217.0,134.0,,222.0,Third Pair,78,1101.7333333333,6,5,29,1996-05-15,USA,USA,73,188,-,-,-,-
2022-2023,Jamie Oleksiak,SEA,D,127.0,28.0,,30.0,132.0,20.0,167.0,79.0,196.0,143.0,158.0,46.0,,111.0,Second Pair,75,1443.85,9,6,32,1992-12-21,CAN,CAN,79,257,2011,1,14,14
2022-2023,Jan Rutta,PIT,D,117.0,104.0,,43.0,92.0,71.0,112.0,149.0,143.0,207.0,190.0,109.0,,170.0,Third Pair,56,958.73333333333,3,0,34,1990-07-29,CZE,CZE,75,204,-,-,-,-
2022-2023,Jani Hakanpaa,DAL,D,194.0,91.0,,20.0,189.0,84.0,182.0,113.0,218.0,215.0,162.0,12.0,,164.0,Second Pair,82,1585.1333333333,6,5,33,1992-03-31,FIN,FIN,78,225,2010,4,14,104
2022-2023,Jared Spurgeon,MIN,D,35.0,5.0,46.0,37.0,89.0,11.0,66.0,26.0,107.0,53.0,38.0,205.0,,35.0,Second Pair,79,1723.15,11,11,35,1989-11-29,CAN,CAN,69,166,2008,6,5,156
2022-2023,Jarred Tinordi,CHI,D,230.0,54.0,,96.0,234.0,111.0,165.0,209.0,219.0,219.0,34.0,13.0,,174.0,Third Pair,44,724.13333333333,2,2,33,1992-02-20,USA,USA,78,229,2010,1,22,22
2022-2023,Jaycob Megna,"SJS, SEA",D,110.0,210.0,,101.0,27.0,154.0,204.0,200.0,170.0,152.0,155.0,95.0,,220.0,Second Pair,54,1018.7666666667,1,6,32,1992-12-10,USA,USA,78,220,2012,7,29,210
2022-2023,Jeff Petry,PIT,D,48.0,126.0,40.0,69.0,45.0,112.0,54.0,55.0,163.0,70.0,120.0,43.0,,38.0,First Pair,61,1362.9333333333,5,8,37,1987-12-09,USA,USA,75,209,2006,2,15,45
2022-2023,Jeremy Lauzon,NSH,D,185.0,168.0,,71.0,197.0,121.0,135.0,163.0,189.0,209.0,199.0,7.0,,178.0,Third Pair,67,1128.4,3,2,28,1997-04-28,CAN,CAN,73,204,2015,2,22,52
2022-2023,Joel Edmundson,MTL,D,183.0,223.0,,138.0,162.0,226.0,161.0,104.0,198.0,187.0,160.0,45.0,,87.0,Second Pair,61,1193.5,2,4,32,1993-06-28,CAN,CAN,77,221,2011,2,16,46
2022-2023,Joel Hanley,DAL,D,215.0,1.0,,,203.0,1.0,223.0,211.0,64.0,169.0,137.0,69.0,,227.0,Fringe,26,302.56666666667,0,1,34,1991-06-08,CAN,CAN,71,190,-,-,-,-
2022-2023,John Carlson,WSH,D,14.0,100.0,22.0,65.0,54.0,153.0,7.0,7.0,7.0,19.0,41.0,184.0,,3.0,First Pair,40,935.58333333333,9,9,35,1990-01-10,USA,USA,75,215,2008,1,27,27
2022-2023,John Klingberg,"ANA, MIN",D,75.0,227.0,17.0,,113.0,225.0,49.0,36.0,27.0,20.0,98.0,189.0,,43.0,Second Pair,67,1381.8333333333,10,15,32,1992-08-14,SWE,SWE,75,190,2010,5,11,131
2022-2023,John Marino,NJD,D,141.0,98.0,82.0,68.0,70.0,35.0,201.0,164.0,169.0,86.0,21.0,200.0,,171.0,Second Pair,64,1348.5333333333,4,11,28,1997-05-21,USA,USA,73,181,2015,6,3,154
2022-2023,Johnathan Kovacevic,MTL,D,153.0,207.0,,111.0,174.0,181.0,134.0,176.0,184.0,163.0,113.0,126.0,,183.0,Third Pair,77,1341.3,3,6,27,1997-07-12,CAN,CAN,76,208,2017,3,12,74
2022-2023,Jon Merrill,MIN,D,201.0,20.0,,16.0,195.0,47.0,225.0,162.0,78.0,142.0,182.0,180.0,,172.0,Third Pair,73,1105.6166666667,2,5,33,1992-02-03,USA,USA,75,204,2010,2,8,38
2022-2023,Jonas Brodin,MIN,D,149.0,9.0,77.0,14.0,105.0,12.0,131.0,115.0,149.0,182.0,107.0,210.0,,65.0,First Pair,60,1371.85,3,2,31,1993-07-12,SWE,SWE,74,196,2011,1,10,10
2022-2023,Jonas Siegenthaler,NJD,D,124.0,139.0,,124.0,24.0,38.0,186.0,201.0,150.0,178.0,75.0,118.0,,203.0,Second Pair,80,1612.3166666667,4,7,28,1997-05-06,CHE,CHE,74,218,2015,2,27,57
2022-2023,Jordan Harris,MTL,D,170.0,154.0,,108.0,190.0,198.0,180.0,126.0,185.0,173.0,141.0,185.0,,148.0,Second Pair,65,1212.4,4,5,25,2000-07-07,USA,USA,71,189,2018,3,9,71
2022-2023,Jordan Oesterle,DET,D,203.0,121.0,97.0,171.0,220.0,139.0,139.0,158.0,51.0,157.0,82.0,170.0,,156.0,Third Pair,52,814.1,2,3,33,1992-06-25,USA,USA,72,187,-,-,-,-
2022-2023,Josh Brown,ARI,D,208.0,189.0,,77.0,223.0,204.0,183.0,183.0,175.0,208.0,173.0,14.0,,191.0,Third Pair,68,1071.85,4,2,31,1994-01-21,CAN,CAN,77,220,2013,6,1,152
2022-2023,Josh Mahura,FLA,D,76.0,130.0,,,64.0,144.0,123.0,70.0,58.0,140.0,91.0,59.0,,193.0,Third Pair,82,1151.2666666667,4,8,27,1998-05-05,CAN,CAN,72,185,2016,3,24,85
2022-2023,Josh Manson,COL,D,63.0,95.0,,150.0,192.0,138.0,107.0,80.0,178.0,48.0,225.0,21.0,,96.0,Third Pair,27,477.56666666667,2,6,33,1991-10-07,USA,CAN,75,218,2011,6,9,160
2022-2023,Josh Morrissey,WPG,D,31.0,151.0,21.0,159.0,61.0,151.0,40.0,20.0,33.0,14.0,74.0,132.0,,20.0,First Pair,78,1890.0333333333,16,35,30,1995-03-28,CAN,CAN,72,185,2013,1,13,13
2022-2023,Justin Barron,MTL,D,163.0,233.0,,,224.0,229.0,158.0,37.0,18.0,75.0,156.0,113.0,,145.0,Third Pair,39,635.83333333333,4,5,23,2001-11-15,CAN,CAN,74,201,2020,1,25,25
2022-2023,Justin Braun,PHI,D,202.0,66.0,,55.0,194.0,83.0,176.0,192.0,211.0,214.0,140.0,125.0,,188.0,Third Pair,51,764.11666666667,0,2,38,1987-02-10,USA,USA,74,205,2007,7,20,201
2022-2023,Justin Faulk,STL,D,51.0,192.0,48.0,53.0,182.0,207.0,35.0,22.0,39.0,63.0,129.0,112.0,,26.0,First Pair,82,1916.9333333333,11,20,33,1992-03-20,USA,USA,72,214,2010,2,7,37
2022-2023,Justin Holl,TOR,D,171.0,77.0,,22.0,46.0,68.0,230.0,196.0,173.0,196.0,115.0,76.0,,130.0,Second Pair,80,1619.3166666667,2,2,33,1992-01-30,USA,USA,75,197,2010,2,24,54
2022-2023,Justin Schultz,SEA,D,114.0,49.0,29.0,,165.0,52.0,88.0,69.0,12.0,27.0,191.0,217.0,,79.0,Third Pair,73,1298.6333333333,7,12,35,1990-07-06,CAN,CAN,74,190,2008,2,13,43
2022-2023,Juuso Valimaki,ARI,D,133.0,52.0,78.0,166.0,163.0,44.0,87.0,142.0,125.0,74.0,216.0,188.0,,110.0,Second Pair,78,1417.6666666667,4,11,26,1998-10-06,FIN,FIN,74,205,2017,1,16,16
2022-2023,K'Andre Miller,NYR,D,109.0,103.0,99.0,19.0,114.0,106.0,151.0,52.0,153.0,104.0,122.0,80.0,,78.0,Second Pair,79,1734.2166666667,9,14,25,2000-01-21,USA,USA,77,215,2018,1,22,22
2022-2023,Kaiden Guhle,MTL,D,145.0,214.0,,114.0,233.0,218.0,200.0,82.0,200.0,52.0,133.0,84.0,,101.0,Second Pair,44,902.7,4,9,23,2002-01-18,CAN,CAN,74,205,2020,1,16,16
2022-2023,Kale Clague,BUF,D,192.0,212.0,,,99.0,173.0,208.0,217.0,15.0,162.0,205.0,183.0,,213.0,Third Pair,33,498.43333333333,0,0,27,1998-06-05,CAN,CAN,72,190,2016,2,21,51
2022-2023,Kevin Bahl,NJD,D,73.0,187.0,,,1.0,94.0,212.0,125.0,29.0,197.0,229.0,51.0,,233.0,Third Pair,42,588.85,2,2,25,2000-06-27,CAN,CAN,78,230,-,-,-,-
2022-2023,Kevin Gravel,NSH,D,233.0,159.0,,,232.0,206.0,156.0,227.0,168.0,221.0,47.0,131.0,,217.0,Third Pair,23,328.18333333333,0,1,33,1992-03-06,USA,USA,76,205,2010,5,28,148
2022-2023,Kevin Shattenkirk,ANA,D,121.0,162.0,26.0,126.0,186.0,210.0,43.0,119.0,144.0,56.0,206.0,156.0,,56.0,Second Pair,75,1447.75,4,14,36,1989-01-29,USA,USA,72,212,2007,1,14,14
2022-2023,Kris Letang,PIT,D,25.0,132.0,16.0,145.0,31.0,134.0,22.0,32.0,17.0,18.0,100.0,75.0,,6.0,First Pair,64,1590.8833333333,12,10,38,1987-04-24,CAN,CAN,72,201,2005,3,1,62
2022-2023,Kurtis MacDermid,COL,D,111.0,163.0,,,181.0,191.0,101.0,93.0,113.0,102.0,234.0,3.0,,229.0,Fringe,44,366.61666666667,1,3,31,1994-03-25,CAN,CAN,77,233,-,-,-,-
2022-2023,Kyle Burroughs,VAN,D,207.0,41.0,,144.0,200.0,120.0,160.0,173.0,140.0,227.0,171.0,6.0,,184.0,Third Pair,48,833.43333333333,2,2,29,1995-07-12,CAN,CAN,72,193,2013,7,15,196
2022-2023,Luke Schenn,"TOR, VAN",D,84.0,120.0,,123.0,148.0,118.0,89.0,81.0,100.0,73.0,224.0,1.0,,137.0,Third Pair,70,1144.8333333333,4,11,35,1989-11-02,CAN,CAN,74,225,2008,1,5,5
2022-2023,MacKenzie Weegar,CGY,D,20.0,8.0,80.0,4.0,12.0,4.0,30.0,110.0,75.0,59.0,159.0,53.0,,36.0,Second Pair,81,1708.9833333333,4,9,31,1994-01-07,CAN,CAN,72,206,2013,7,25,206
2022-2023,Marc Staal,FLA,D,173.0,150.0,,47.0,111.0,147.0,214.0,157.0,122.0,179.0,84.0,83.0,,180.0,Second Pair,82,1491.8833333333,3,4,38,1987-01-13,CAN,CAN,76,208,2005,1,12,12
2022-2023,Marc-Edouard Vlasic,SJS,D,181.0,199.0,,61.0,120.0,143.0,194.0,204.0,220.0,172.0,45.0,195.0,,219.0,Third Pair,78,1362.7,1,5,38,1987-03-30,CAN,CAN,73,205,2005,2,5,35
2022-2023,Marcus Bjork,CBJ,D,187.0,224.0,58.0,,141.0,231.0,196.0,57.0,222.0,77.0,233.0,98.0,,122.0,Second Pair,33,599.03333333333,3,5,27,1997-11-24,SWE,SWE,76,211,-,-,-,-
2022-2023,Marcus Pettersson,PIT,D,59.0,34.0,,141.0,35.0,51.0,118.0,212.0,159.0,41.0,185.0,60.0,,114.0,Second Pair,68,1399.7,1,14,29,1996-05-08,SWE,SWE,75,177,2014,2,8,38
2022-2023,Mario Ferraro,SJS,D,204.0,219.0,95.0,91.0,76.0,213.0,231.0,182.0,162.0,226.0,43.0,72.0,,199.0,Second Pair,72,1555.4333333333,4,1,26,1998-09-17,CAN,CAN,72,209,2017,2,18,49
2022-2023,Mark Friedman,PIT,D,68.0,89.0,,,49.0,86.0,55.0,134.0,56.0,189.0,1.0,38.0,,189.0,Third Pair,23,332.35,1,1,29,1995-12-25,CAN,CAN,71,185,2014,3,26,86
2022-2023,Mark Giordano,TOR,D,62.0,14.0,73.0,6.0,62.0,34.0,48.0,77.0,156.0,76.0,187.0,167.0,,47.0,Second Pair,78,1478.1333333333,4,8,41,1983-10-03,CAN,CAN,72,205,-,-,-,-
2022-2023,Markus Niemelainen,EDM,D,210.0,232.0,,,115.0,199.0,138.0,232.0,42.0,234.0,27.0,4.0,,234.0,Fringe,23,230.95,0,0,27,1998-06-08,FIN,FIN,78,190,2016,3,2,63
2022-2023,Martin Fehervary,WSH,D,159.0,142.0,,97.0,169.0,166.0,154.0,59.0,161.0,192.0,65.0,18.0,,115.0,Second Pair,67,1340.0166666667,6,5,25,1999-10-06,SVK,SVK,74,199,2018,2,15,46
2022-2023,Mathew Dumba,MIN,D,123.0,42.0,74.0,28.0,156.0,45.0,94.0,92.0,146.0,95.0,172.0,105.0,,75.0,Second Pair,79,1680.9333333333,4,6,30,1994-07-25,CAN,CAN,72,181,2012,1,7,7
2022-2023,Matt Grzelcyk,BOS,D,49.0,22.0,76.0,,30.0,10.0,69.0,101.0,13.0,66.0,180.0,204.0,,84.0,Third Pair,75,1292.5,4,9,31,1994-01-05,USA,USA,70,176,2012,3,24,85
2022-2023,Matt Irwin,WSH,D,184.0,99.0,,164.0,214.0,190.0,82.0,213.0,216.0,211.0,189.0,23.0,,175.0,Third Pair,61,795.33333333333,2,1,37,1987-11-29,CAN,CAN,74,200,-,-,-,-
2022-2023,Matt Roy,LAK,D,43.0,179.0,,83.0,22.0,92.0,46.0,96.0,108.0,90.0,109.0,97.0,,112.0,Second Pair,82,1539.6166666667,9,7,30,1995-03-01,USA,USA,73,205,2015,7,13,194
2022-2023,Matthew Benning,SJS,D,178.0,176.0,84.0,88.0,151.0,102.0,217.0,223.0,234.0,96.0,22.0,116.0,,201.0,Second Pair,77,1522.95,1,13,31,1994-05-25,CAN,CAN,73,203,2012,6,24,175
2022-2023,Mattias Ekholm,"EDM, NSH",D,41.0,94.0,50.0,75.0,74.0,50.0,61.0,56.0,179.0,60.0,101.0,168.0,,61.0,Second Pair,78,1672.9333333333,9,16,35,1990-05-24,SWE,SWE,76,215,2009,4,11,102
2022-2023,Mattias Samuelsson,BUF,D,186.0,161.0,,105.0,155.0,171.0,191.0,222.0,183.0,175.0,94.0,63.0,,149.0,First Pair,55,1219.6833333333,2,3,25,2000-03-14,USA,USA,76,231,2018,2,1,32
2022-2023,Michael Stone,CGY,D,13.0,30.0,,,53.0,37.0,4.0,13.0,19.0,176.0,207.0,99.0,,97.0,Third Pair,48,639.03333333333,6,3,35,1990-06-07,CAN,CAN,75,210,2008,3,8,69
2022-2023,Mike Matheson,MTL,D,21.0,129.0,68.0,160.0,144.0,119.0,19.0,18.0,118.0,24.0,62.0,147.0,,32.0,First Pair,48,1173.6833333333,8,18,31,1994-02-27,CAN,CAN,74,193,2012,1,23,23
2022-2023,Mikey Anderson,LAK,D,168.0,147.0,,84.0,75.0,39.0,198.0,159.0,131.0,206.0,30.0,62.0,,195.0,Second Pair,77,1667.8166666667,5,4,26,1999-05-25,USA,USA,72,195,2017,4,10,103
2022-2023,Mikhail Sergachev,TBL,D,18.0,185.0,23.0,70.0,18.0,123.0,60.0,60.0,38.0,16.0,152.0,115.0,,41.0,First Pair,79,1881.0666666667,10,28,27,1998-06-25,RUS,RUS,73,217,2016,1,9,9
2022-2023,Miro Heiskanen,DAL,D,64.0,59.0,5.0,21.0,69.0,14.0,31.0,62.0,28.0,9.0,44.0,219.0,,18.0,First Pair,79,2013.8,11,34,25,1999-07-18,FIN,FIN,73,195,2017,1,3,3
2022-2023,Morgan Rielly,TOR,D,30.0,174.0,11.0,116.0,43.0,127.0,38.0,97.0,61.0,7.0,69.0,165.0,,25.0,Second Pair,65,1410.7666666667,4,20,31,1994-03-09,CAN,CAN,73,222,2012,1,5,5
2022-2023,Moritz Seider,DET,D,139.0,136.0,54.0,99.0,176.0,197.0,70.0,127.0,217.0,34.0,53.0,77.0,,30.0,First Pair,82,1898.2,5,17,24,2001-04-06,DEU,DEU,76,204,2019,1,6,6
2022-2023,Nate Schmidt,WPG,D,85.0,138.0,45.0,134.0,78.0,125.0,80.0,72.0,52.0,83.0,11.0,221.0,,91.0,Second Pair,71,1311.1833333333,7,5,33,1991-07-16,USA,USA,72,195,-,-,-,-
2022-2023,Nathan Beaulieu,ANA,D,197.0,231.0,,157.0,222.0,234.0,144.0,225.0,167.0,128.0,196.0,96.0,,208.0,Third Pair,52,792.13333333333,0,2,32,1992-12-05,CAN,CAN,74,200,2011,1,17,17
2022-2023,Neal Pionk,WPG,D,92.0,178.0,43.0,125.0,100.0,195.0,71.0,94.0,76.0,61.0,57.0,54.0,,55.0,Second Pair,82,1799.15,10,7,29,1995-07-29,USA,USA,72,185,-,-,-,-
2022-2023,Nick Blankenburg,CBJ,D,106.0,200.0,,,134.0,220.0,128.0,47.0,174.0,91.0,178.0,94.0,,88.0,Second Pair,36,690.26666666667,4,5,27,1998-05-12,USA,USA,69,177,-,-,-,-
2022-2023,Nick Holden,OTT,D,105.0,108.0,,127.0,96.0,110.0,147.0,166.0,155.0,89.0,46.0,106.0,,154.0,Third Pair,65,1085.9666666667,2,8,38,1987-05-15,CAN,CAN,76,210,-,-,-,-
2022-2023,Nick Jensen,WSH,D,82.0,63.0,,54.0,136.0,62.0,132.0,124.0,230.0,78.0,3.0,111.0,,95.0,Second Pair,77,1587.4833333333,5,14,34,1990-09-21,USA,USA,73,205,2009,5,29,150
2022-2023,Nick Leddy,STL,D,205.0,164.0,83.0,155.0,193.0,161.0,216.0,202.0,194.0,81.0,25.0,218.0,,136.0,Second Pair,78,1647.7333333333,2,13,34,1991-03-20,USA,USA,72,205,2009,1,16,16
2022-2023,Nick Perbix,TBL,D,19.0,213.0,,,34.0,170.0,37.0,75.0,130.0,58.0,85.0,128.0,,177.0,Third Pair,69,1062.35,5,10,27,1998-06-15,USA,USA,74,191,2017,6,14,169
2022-2023,Nick Seeler,PHI,D,193.0,31.0,,143.0,206.0,162.0,148.0,140.0,129.0,205.0,16.0,34.0,,161.0,Third Pair,77,1115.7,4,7,32,1993-06-03,USA,USA,74,201,2011,5,10,131
2022-2023,Nicolas Hague,VGK,D,67.0,50.0,,140.0,106.0,117.0,34.0,111.0,72.0,106.0,142.0,93.0,,86.0,Second Pair,81,1465.3666666667,3,9,26,1998-12-05,CAN,CAN,78,230,2017,2,3,34
2022-2023,Nikita Zadorov,CGY,D,37.0,60.0,,135.0,41.0,13.0,75.0,34.0,34.0,170.0,212.0,25.0,,138.0,Second Pair,82,1532.2333333333,14,4,30,1995-04-16,RUS,RUS,78,248,2013,1,16,16
2022-2023,Nikita Zaitsev,"CHI, OTT",D,214.0,190.0,,48.0,178.0,215.0,227.0,188.0,210.0,166.0,202.0,42.0,,155.0,Third Pair,46,757.33333333333,1,3,33,1991-10-29,RUS,RUS,74,192,-,-,-,-
2022-2023,Niko Mikkola,"NYR, STL",D,225.0,127.0,,23.0,225.0,140.0,207.0,184.0,227.0,204.0,214.0,39.0,,182.0,Third Pair,81,1411.9166666667,1,2,29,1996-04-27,FIN,FIN,76,209,2015,5,6,127
2022-2023,Nils Lundkvist,DAL,D,125.0,197.0,72.0,,97.0,187.0,47.0,68.0,25.0,160.0,105.0,175.0,,157.0,Third Pair,60,978.53333333333,6,5,24,2000-07-27,SWE,SWE,71,190,2018,1,28,28
2022-2023,Noah Dobson,NYI,D,16.0,117.0,19.0,,84.0,178.0,6.0,15.0,11.0,15.0,12.0,182.0,,23.0,Second Pair,78,1589.7166666667,13,22,25,2000-01-07,CAN,CAN,76,194,2018,1,12,12
2022-2023,Noah Hanifin,CGY,D,24.0,71.0,64.0,115.0,29.0,43.0,24.0,61.0,111.0,42.0,77.0,199.0,,42.0,First Pair,81,1833.9833333333,7,17,28,1997-01-25,USA,USA,75,207,2015,1,5,5
2022-2023,Oliver Ekman-Larsson,VAN,D,90.0,204.0,33.0,152.0,138.0,167.0,50.0,152.0,165.0,31.0,83.0,136.0,,70.0,Second Pair,54,1089.5,2,12,33,1991-07-17,SWE,SWE,74,200,2009,1,6,6
2022-2023,Olli Maatta,DET,D,190.0,112.0,,13.0,164.0,88.0,213.0,151.0,121.0,198.0,39.0,153.0,,179.0,Second Pair,78,1459.15,6,8,30,1994-08-22,FIN,FIN,74,207,2012,1,22,22
2022-2023,Owen Power,BUF,D,136.0,216.0,60.0,113.0,73.0,209.0,159.0,187.0,62.0,71.0,111.0,233.0,,92.0,First Pair,79,1880.3333333333,4,15,22,2002-11-22,CAN,CAN,78,218,2021,1,1,1
2022-2023,Patrik Nemeth,ARI,D,234.0,144.0,,76.0,231.0,182.0,211.0,216.0,172.0,223.0,181.0,64.0,,185.0,Third Pair,75,1332.8166666667,0,2,33,1992-02-08,SWE,SWE,76,230,2010,2,11,41
2022-2023,Philip Broberg,EDM,D,131.0,92.0,,,87.0,26.0,110.0,156.0,147.0,220.0,87.0,196.0,,225.0,Fringe,46,579.76666666667,1,2,24,2001-06-25,SWE,SWE,75,199,2019,1,8,8
2022-2023,Pierre-Olivier Joseph,PIT,D,42.0,194.0,70.0,,83.0,133.0,44.0,90.0,66.0,33.0,114.0,101.0,,158.0,Third Pair,75,1143.6833333333,5,9,26,1999-07-01,CAN,CAN,74,185,2017,1,23,23
2022-2023,Quinn Hughes,VAN,D,86.0,122.0,9.0,129.0,118.0,87.0,72.0,103.0,35.0,2.0,49.0,234.0,,15.0,First Pair,78,2001.5666666667,7,35,25,1999-10-14,USA,USA,70,180,2018,1,7,7
2022-2023,Radim Simek,SJS,D,195.0,180.0,,170.0,137.0,135.0,187.0,175.0,190.0,222.0,99.0,16.0,,230.0,Third Pair,44,643.43333333333,1,2,32,1992-09-20,CZE,CZE,72,204,-,-,-,-
2022-2023,Radko Gudas,FLA,D,45.0,25.0,,25.0,20.0,31.0,63.0,186.0,124.0,124.0,177.0,2.0,,107.0,Third Pair,72,1249.9833333333,2,7,35,1990-06-05,CZE,CZE,72,208,2010,3,6,66
2022-2023,Rasmus Andersson,CGY,D,39.0,70.0,18.0,3.0,25.0,76.0,74.0,73.0,102.0,26.0,23.0,212.0,,31.0,First Pair,79,1902.8666666667,11,23,28,1996-10-27,SWE,SWE,73,202,2015,2,23,53
2022-2023,Rasmus Dahlin,BUF,D,47.0,113.0,14.0,122.0,107.0,107.0,39.0,23.0,16.0,8.0,174.0,129.0,,10.0,First Pair,78,2012.0666666667,15,35,25,2000-04-13,SWE,SWE,75,202,2018,1,1,1
2022-2023,Rasmus Ristolainen,PHI,D,199.0,97.0,93.0,63.0,191.0,132.0,141.0,168.0,203.0,121.0,157.0,24.0,,80.0,Second Pair,74,1407.7833333333,3,7,30,1994-10-27,FIN,FIN,76,221,2013,1,8,8
2022-2023,Rasmus Sandin,"TOR, WSH",D,50.0,123.0,56.0,,9.0,108.0,173.0,46.0,94.0,88.0,54.0,68.0,,118.0,Second Pair,71,1372.1833333333,7,10,25,2000-03-07,SWE,SWE,71,182,2018,1,29,29
2022-2023,Riley Stillman,"BUF, VAN",D,165.0,196.0,,,145.0,212.0,142.0,167.0,119.0,161.0,61.0,27.0,,192.0,Third Pair,50,732.13333333333,1,2,27,1998-03-09,CAN,CAN,73,196,2016,4,23,114
2022-2023,Robert Bortuzzo,STL,D,212.0,57.0,,86.0,210.0,114.0,202.0,146.0,136.0,217.0,218.0,29.0,,211.0,Fringe,43,540.36666666667,2,2,36,1989-03-18,CAN,CAN,76,216,2007,3,17,78
2022-2023,Robert Hagg,DET,D,176.0,82.0,,154.0,204.0,115.0,146.0,141.0,26.0,139.0,208.0,11.0,,173.0,Third Pair,38,589.78333333333,2,4,30,1995-02-08,SWE,SWE,74,210,2013,2,11,41
2022-2023,Roman Josi,NSH,D,5.0,87.0,2.0,149.0,72.0,126.0,2.0,2.0,6.0,5.0,55.0,211.0,,1.0,First Pair,67,1686.2,18,21,35,1990-06-01,CHE,CHE,73,201,2008,2,8,38
2022-2023,Ryan Graves,NJD,D,26.0,171.0,,52.0,26.0,97.0,57.0,74.0,204.0,98.0,106.0,140.0,,104.0,Second Pair,78,1555.9333333333,8,5,30,1995-05-21,CAN,CAN,77,220,2013,4,19,110
2022-2023,Ryan Lindgren,NYR,D,151.0,29.0,,26.0,119.0,30.0,172.0,207.0,88.0,97.0,126.0,107.0,,133.0,Second Pair,63,1186.9166666667,1,10,27,1998-02-11,USA,USA,72,190,2016,2,19,49
2022-2023,Ryan McDonagh,NSH,D,143.0,143.0,,67.0,131.0,177.0,178.0,171.0,160.0,107.0,68.0,159.0,,90.0,Second Pair,71,1528.5666666667,2,10,36,1989-06-13,USA,USA,73,215,2007,1,12,12
2022-2023,Ryan Pulock,NYI,D,87.0,114.0,36.0,7.0,110.0,168.0,53.0,123.0,205.0,92.0,17.0,110.0,,53.0,Second Pair,82,1714.2166666667,5,10,30,1994-10-06,CAN,CAN,74,216,2013,1,15,15
2022-2023,Ryan Suter,DAL,D,132.0,75.0,41.0,27.0,58.0,63.0,153.0,144.0,77.0,123.0,121.0,202.0,,99.0,Second Pair,82,1671.1166666667,3,9,40,1985-01-21,USA,USA,73,205,2003,1,7,7
2022-2023,Samuel Girard,COL,D,70.0,38.0,44.0,132.0,40.0,59.0,125.0,95.0,79.0,46.0,13.0,191.0,,60.0,Second Pair,76,1633.6166666667,6,11,27,1998-05-12,CAN,CAN,70,170,2016,2,17,47
2022-2023,Scott Harrington,"ANA, SJS",D,156.0,230.0,,,121.0,230.0,224.0,48.0,224.0,181.0,203.0,133.0,,198.0,Third Pair,45,739.71666666667,4,3,32,1993-03-10,CAN,CAN,74,204,2011,2,24,54
2022-2023,Scott Mayfield,NYI,D,97.0,96.0,,51.0,135.0,98.0,103.0,128.0,199.0,100.0,184.0,119.0,,73.0,Second Pair,82,1721.1833333333,6,9,32,1992-10-14,USA,USA,77,220,2011,2,4,34
2022-2023,Sean Durzi,LAK,D,69.0,209.0,53.0,104.0,42.0,159.0,59.0,76.0,117.0,44.0,179.0,149.0,,77.0,Second Pair,72,1424.55,9,11,26,1998-10-21,CAN,CAN,72,195,2018,2,21,52
2022-2023,Sean Walker,LAK,D,53.0,201.0,86.0,98.0,88.0,184.0,36.0,83.0,93.0,137.0,211.0,130.0,,129.0,Third Pair,70,1037.95,3,5,30,1994-11-13,CAN,CAN,71,195,-,-,-,-
2022-2023,Sebastian Aho,NYI,D,148.0,169.0,,,140.0,165.0,137.0,100.0,46.0,111.0,9.0,186.0,,139.0,Third Pair,71,1190.7,5,7,29,1996-02-17,SWE,SWE,70,186,2017,5,15,139
2022-2023,Seth Jones,CHI,D,99.0,109.0,37.0,18.0,185.0,131.0,33.0,51.0,59.0,69.0,86.0,145.0,,19.0,First Pair,72,1760.4833333333,12,11,30,1994-10-03,USA,USA,76,213,2013,1,4,4
2022-2023,Shayne Gostisbehere,"ARI, CAR",D,88.0,155.0,24.0,168.0,146.0,146.0,32.0,9.0,95.0,39.0,2.0,214.0,,33.0,Second Pair,75,1561.25,13,15,32,1993-04-20,USA,USA,71,180,2012,3,17,78
2022-2023,Shea Theodore,VGK,D,12.0,74.0,25.0,,47.0,113.0,8.0,19.0,84.0,10.0,48.0,229.0,,11.0,Second Pair,55,1178.8166666667,8,15,29,1995-08-03,CAN,CAN,74,197,2013,1,26,26
2022-2023,Simon Benoit,ANA,D,219.0,220.0,,162.0,213.0,224.0,184.0,198.0,186.0,230.0,194.0,10.0,,205.0,Second Pair,78,1509.2333333333,3,1,26,1998-09-19,CAN,CAN,75,203,-,-,-,-
2022-2023,TJ Brodie,TOR,D,157.0,17.0,,17.0,57.0,16.0,226.0,190.0,83.0,167.0,10.0,209.0,,121.0,Second Pair,58,1230.6166666667,2,3,35,1990-06-07,CAN,CAN,74,187,2008,4,23,114
2022-2023,Thomas Chabot,OTT,D,44.0,170.0,30.0,,68.0,169.0,26.0,42.0,60.0,36.0,110.0,161.0,,13.0,First Pair,68,1698.1166666667,11,12,28,1997-01-30,CAN,CAN,74,195,2015,1,18,18
2022-2023,Tim Berni,CBJ,D,220.0,206.0,,,187.0,222.0,188.0,221.0,201.0,233.0,228.0,44.0,,223.0,Third Pair,59,1000.9,1,1,25,2000-02-11,CHE,CHE,72,192,2018,6,4,159
2022-2023,Timothy Liljegren,TOR,D,55.0,81.0,,95.0,28.0,79.0,119.0,50.0,127.0,118.0,130.0,89.0,,120.0,Third Pair,67,1199.8666666667,6,6,26,1999-04-30,SWE,SWE,73,192,2017,1,17,17
2022-2023,Tony DeAngelo,PHI,D,15.0,215.0,52.0,163.0,33.0,211.0,18.0,16.0,47.0,13.0,117.0,201.0,,27.0,First Pair,70,1544.1,11,16,29,1995-10-24,USA,USA,71,180,2014,1,19,19
2022-2023,Torey Krug,STL,D,71.0,198.0,20.0,,112.0,216.0,29.0,39.0,2.0,23.0,149.0,181.0,,34.0,Second Pair,63,1170.7666666667,7,13,34,1991-04-12,USA,USA,69,194,-,-,-,-
2022-2023,Travis Hamonic,OTT,D,38.0,137.0,,73.0,90.0,203.0,28.0,64.0,104.0,145.0,183.0,87.0,,59.0,Second Pair,75,1392.0166666667,6,8,34,1990-08-16,CAN,CAN,73,200,2008,2,23,53
2022-2023,Travis Sanheim,PHI,D,113.0,124.0,,40.0,150.0,152.0,129.0,91.0,181.0,105.0,56.0,198.0,,74.0,Second Pair,81,1652.6166666667,7,11,29,1996-03-29,CAN,CAN,75,181,2014,1,17,17
2022-2023,Trevor van Riemsdyk,WSH,D,95.0,13.0,,119.0,71.0,53.0,143.0,118.0,23.0,158.0,8.0,226.0,,94.0,Second Pair,75,1429.9,7,7,33,1991-07-24,USA,USA,75,191,-,-,-,-
2022-2023,Troy Stecher,"ARI, CGY",D,146.0,188.0,,161.0,175.0,175.0,77.0,148.0,138.0,185.0,136.0,141.0,,163.0,Third Pair,81,1325.9,3,7,31,1994-04-07,CAN,CAN,70,184,-,-,-,-
2022-2023,Tyler Myers,VAN,D,174.0,148.0,96.0,79.0,183.0,185.0,126.0,215.0,171.0,146.0,215.0,121.0,,83.0,Second Pair,78,1630.7,1,7,35,1990-02-01,USA,CAN,80,229,2008,1,12,12
2022-2023,Tyler Tucker,STL,D,218.0,55.0,,,217.0,65.0,177.0,150.0,70.0,232.0,193.0,31.0,,212.0,Third Pair,26,380.68333333333,1,0,25,2000-03-01,CAN,CAN,73,204,2018,7,14,200
2022-2023,Tyson Barrie,"EDM, NSH",D,46.0,173.0,6.0,,93.0,160.0,21.0,25.0,37.0,11.0,64.0,220.0,,29.0,Second Pair,85,1681.1666666667,13,22,33,1991-07-26,CAN,CAN,71,197,2009,3,3,64
2022-2023,Urho Vaakanainen,ANA,D,221.0,218.0,,,208.0,227.0,168.0,226.0,195.0,164.0,51.0,177.0,,194.0,Third Pair,23,378.53333333333,0,1,26,1999-01-01,FIN,FIN,74,200,2017,1,18,18
2022-2023,Victor Hedman,TBL,D,11.0,211.0,7.0,41.0,21.0,150.0,17.0,21.0,21.0,6.0,71.0,162.0,,14.0,First Pair,76,1802.65,9,23,34,1990-12-18,SWE,SWE,79,244,2009,1,2,2
2022-2023,Victor Soderstrom,ARI,D,198.0,208.0,,,196.0,214.0,140.0,234.0,126.0,94.0,231.0,194.0,,159.0,Third Pair,30,485.15,0,3,24,2001-02-26,SWE,SWE,71,184,2019,1,11,11
2022-2023,Vince Dunn,SEA,D,61.0,78.0,35.0,,123.0,48.0,68.0,31.0,10.0,30.0,96.0,144.0,,40.0,First Pair,81,1917.2166666667,14,24,28,1996-10-29,CAN,CAN,72,200,2015,2,26,56
2022-2023,Vincent Desharnais,EDM,D,177.0,93.0,,106.0,95.0,69.0,233.0,224.0,191.0,125.0,227.0,71.0,,226.0,Third Pair,36,487.65,0,3,29,1996-05-29,CAN,CAN,78,215,2016,7,2,183
2022-2023,Vladislav Gavrikov,"CBJ, LAK",D,166.0,158.0,,38.0,149.0,172.0,190.0,122.0,228.0,131.0,175.0,138.0,,100.0,Second Pair,72,1581.9333333333,6,6,29,1995-11-21,RUS,RUS,75,221,2015,6,8,159
2022-2023,Will Borgen,SEA,D,115.0,36.0,,142.0,179.0,25.0,121.0,131.0,188.0,82.0,88.0,19.0,,168.0,Third Pair,82,1341.5,3,10,28,1996-12-19,USA,USA,75,204,2015,4,1,92
2022-2023,Zach Bogosian,TBL,D,101.0,217.0,,173.0,52.0,157.0,91.0,161.0,90.0,188.0,223.0,15.0,,224.0,Third Pair,46,688.85,1,3,34,1990-07-15,USA,USA,74,222,2008,1,3,3
2022-2023,Zach Whitecloud,VGK,D,89.0,32.0,,35.0,157.0,82.0,117.0,44.0,164.0,132.0,161.0,73.0,,102.0,Third Pair,59,1009.5833333333,5,4,28,1996-11-28,CAN,CAN,74,207,-,-,-,-
