Season,Player,Team,Position,evo_rank,evd_rank,ppl_rank,pkl_rank,oio_rank,oid_rank,sht_rank,scr_rank,plm_rank,zon_rank,pen_rank,phy_rank,fof_rank,fan_rank,Role,GP,TOI,Goals,First Assists,Age,Date of Birth,Birth Country,Nationality,Height (in),Weight (lbs),Draft Year,Draft Round,Round Pick,Overall Draft Position,Player ID
2022-2023,A.J. Greer,BOS,F,322.0,24.0,,,338.0,23.0,189.0,347.0,226.0,429.0,445.0,51.0,,412.0,Fourth Line,61,555.65,5,4,25,1996-12-14,CAN,CAN,75,208,2015,2,9,39,8478421.0
2022-2023,Adam Erne,DET,F,426.0,213.0,,152.0,437.0,311.0,394.0,373.0,404.0,251.0,298.0,56.0,,341.0,Fourth Line,61,816.23333333333,8,6,27,1995-04-20,USA,USA,73,212,2013,2,3,33,8477454.0
2022-2023,Adam Henrique,ANA,F,163.0,376.0,67.0,193.0,189.0,398.0,164.0,56.0,264.0,210.0,288.0,389.0,68.0,114.0,First Line,62,1127.1666666667,22,9,32,1990-02-06,CAN,CAN,72,195,2008,3,21,82,8474641.0
2022-2023,Adam Lowry,WPG,F,271.0,115.0,258.0,169.0,179.0,143.0,310.0,260.0,321.0,411.0,258.0,63.0,37.0,258.0,Second Line,82,1283.0833333333,13,13,29,1993-03-29,USA,USA,78,208,2011,3,6,67,8476392.0
2022-2023,Adam Ruzicka,CGY,F,134.0,80.0,211.0,,169.0,13.0,170.0,177.0,55.0,136.0,279.0,238.0,134.0,293.0,Fourth Line,44,509.33333333333,6,7,23,1999-05-11,SVK,SVK,76,215,2017,4,16,109,8480008.0
2022-2023,Adrian Kempe,LAK,F,119.0,354.0,66.0,141.0,145.0,212.0,61.0,48.0,307.0,281.0,302.0,186.0,,75.0,First Line,82,1538.15,41,16,25,1996-09-13,SWE,SWE,74,200,2014,1,29,29,8477960.0
2022-2023,Aleksander Barkov,FLA,F,31.0,85.0,26.0,48.0,20.0,120.0,88.0,88.0,35.0,254.0,78.0,344.0,33.0,13.0,First Line,68,1443.25,23,31,26,1995-09-02,FIN,FIN,75,215,2013,1,2,2,8477493.0
2022-2023,Alex Belzile,MTL,F,275.0,397.0,,187.0,425.0,397.0,272.0,83.0,285.0,330.0,57.0,213.0,128.0,256.0,Fourth Line,31,376.15,6,3,31,1991-08-31,CAN,CAN,72,196,-,-,-,-,8475968.0
2022-2023,Alex DeBrincat,OTT,F,132.0,282.0,39.0,,192.0,329.0,77.0,160.0,137.0,62.0,45.0,209.0,,34.0,First Line,82,1558.5166666667,27,29,24,1997-12-18,USA,USA,68,178,2016,2,9,39,8479337.0
2022-2023,Alex Iafallo,LAK,F,156.0,158.0,85.0,170.0,108.0,141.0,105.0,301.0,133.0,279.0,233.0,378.0,,146.0,Second Line,59,961.7,14,13,28,1993-12-21,USA,USA,72,200,-,-,-,-,8480113.0
2022-2023,Alex Killorn,TBL,F,175.0,416.0,184.0,130.0,137.0,288.0,350.0,89.0,224.0,304.0,321.0,273.0,,134.0,Second Line,82,1411.1333333333,27,18,32,1989-09-14,CAN,CAN,73,194,2007,3,16,77,8473986.0
2022-2023,Alex Newhook,COL,F,272.0,87.0,247.0,,270.0,94.0,321.0,245.0,303.0,319.0,268.0,316.0,176.0,269.0,Third Line,82,1144.15,14,9,21,2001-01-28,CAN,CAN,70,190,2019,1,16,16,8481618.0
2022-2023,Alex Ovechkin,WSH,F,36.0,441.0,76.0,,138.0,410.0,19.0,19.0,82.0,1.0,340.0,88.0,,10.0,First Line,73,1474.9,42,18,36,1985-09-17,RUS,RUS,75,238,2004,1,1,1,8471214.0
2022-2023,Alex Tuch,BUF,F,24.0,154.0,147.0,76.0,50.0,324.0,42.0,52.0,17.0,34.0,159.0,341.0,,36.0,First Line,74,1417.4,36,29,26,1996-05-10,USA,USA,76,219,2014,1,18,18,8477949.0
2022-2023,Alexander Barabanov,SJS,F,208.0,421.0,134.0,,114.0,391.0,390.0,296.0,128.0,275.0,189.0,368.0,,196.0,First Line,68,1227.6166666667,15,21,28,1994-06-17,RUS,RUS,70,195,-,-,-,-,8482222.0
2022-2023,Alexander Kerfoot,TOR,F,232.0,76.0,,32.0,187.0,85.0,268.0,361.0,174.0,296.0,151.0,302.0,,230.0,Third Line,82,1198.75,10,12,28,1994-08-11,CAN,CAN,71,186,2012,5,29,150,8477021.0
2022-2023,Alexander Wennberg,SEA,F,388.0,21.0,206.0,81.0,286.0,71.0,442.0,411.0,279.0,197.0,251.0,379.0,147.0,236.0,First Line,82,1532.8666666667,13,17,27,1994-09-22,SWE,SWE,74,190,2013,1,14,14,8477505.0
2022-2023,Alexey Toropchenko,STL,F,376.0,116.0,,39.0,405.0,170.0,186.0,300.0,411.0,361.0,89.0,62.0,,350.0,Fourth Line,69,833.26666666667,10,5,23,1999-06-25,RUS,RUS,78,222,2017,4,20,113,8480281.0
2022-2023,Alexis Lafreni√®re,NYR,F,273.0,224.0,251.0,,224.0,213.0,318.0,161.0,385.0,144.0,264.0,147.0,,244.0,Third Line,81,1232.7833333333,16,10,20,2001-10-11,CAN,CAN,73,195,2020,1,1,1,8482109.0
2022-2023,Aliaksei Protas,WSH,F,253.0,162.0,,,212.0,35.0,245.0,365.0,186.0,360.0,317.0,300.0,,375.0,Fourth Line,58,668.01666666667,4,5,21,2001-01-06,BLR,BLR,78,225,2019,3,29,91,8481656.0
2022-2023,Anders Lee,NYI,F,72.0,303.0,108.0,,67.0,326.0,80.0,29.0,287.0,37.0,197.0,165.0,,107.0,Second Line,82,1412.2833333333,28,12,32,1990-07-03,USA,USA,75,235,2009,6,1,152,8475314.0
2022-2023,Andre Burakovsky,SEA,F,94.0,263.0,146.0,,134.0,289.0,207.0,152.0,44.0,150.0,175.0,395.0,,112.0,Second Line,49,811.13333333333,13,15,27,1995-02-09,AUT,SWE,75,209,2013,1,23,23,8477444.0
2022-2023,Andreas Athanasiou,CHI,F,195.0,327.0,249.0,,317.0,396.0,95.0,97.0,266.0,199.0,34.0,393.0,,150.0,Second Line,81,1296.2833333333,20,11,28,1994-08-06,CAN,CAN,74,190,2012,4,19,110,8476960.0
2022-2023,Andrei Kuzmenko,VAN,F,138.0,195.0,97.0,,155.0,116.0,362.0,31.0,160.0,96.0,70.0,442.0,,91.0,Second Line,81,1315.5833333333,39,14,26,1996-02-04,RUS,RUS,71,194,-,-,-,-,8483808.0
2022-2023,Andrei Svechnikov,CAR,F,21.0,194.0,40.0,,10.0,38.0,34.0,46.0,56.0,88.0,377.0,82.0,,56.0,First Line,64,1155.0833333333,23,18,22,2000-03-26,RUS,RUS,74,195,2018,1,2,2,8480830.0
2022-2023,Andrew Cogliano,COL,F,425.0,64.0,,135.0,401.0,110.0,381.0,372.0,426.0,408.0,325.0,191.0,,378.0,Fourth Line,79,996.8,10,5,35,1987-06-14,CAN,CAN,70,179,2005,1,25,25,8471699.0
2022-2023,Andrew Copp,DET,F,312.0,352.0,220.0,104.0,314.0,281.0,351.0,371.0,156.0,271.0,285.0,370.0,69.0,159.0,First Line,82,1488.7166666667,9,23,28,1994-07-08,USA,USA,73,199,2013,4,13,104,8477429.0
2022-2023,Andrew Mangiapane,CGY,F,45.0,103.0,199.0,7.0,19.0,62.0,122.0,41.0,143.0,186.0,166.0,245.0,,142.0,Second Line,82,1379.3833333333,17,17,26,1996-04-04,CAN,CAN,70,184,2015,6,15,166,8478233.0
2022-2023,Anthony Beauvillier,NYI,F,219.0,379.0,153.0,,185.0,368.0,216.0,271.0,212.0,128.0,209.0,307.0,,188.0,Second Line,82,1333.8666666667,18,14,25,1997-06-08,CAN,CAN,71,180,2015,1,28,28,8478463.0
2022-2023,Anthony Beauvillier,VAN,F,219.0,379.0,153.0,,185.0,368.0,216.0,271.0,212.0,128.0,209.0,307.0,,188.0,Second Line,82,1333.8666666667,18,14,25,1997-06-08,CAN,CAN,71,180,2015,1,28,28,8478463.0
2022-2023,Anthony Cirelli,TBL,F,169.0,219.0,,114.0,96.0,230.0,217.0,287.0,103.0,339.0,40.0,304.0,83.0,207.0,Second Line,58,960.53333333333,11,12,25,1997-07-15,CAN,CAN,72,189,2015,3,11,72,8478519.0
2022-2023,Anthony Mantha,WSH,F,154.0,157.0,272.0,,202.0,98.0,139.0,175.0,114.0,284.0,283.0,212.0,,201.0,Third Line,67,952.63333333333,11,10,27,1994-09-16,CAN,CAN,77,234,2013,1,20,20,8477511.0
2022-2023,Anton Lundell,FLA,F,126.0,106.0,182.0,97.0,42.0,139.0,131.0,176.0,257.0,231.0,230.0,400.0,156.0,154.0,Second Line,73,1195.05,12,11,20,2001-10-03,FIN,FIN,73,185,2020,1,12,12,8482113.0
2022-2023,Anze Kopitar,LAK,F,141.0,256.0,102.0,181.0,104.0,171.0,262.0,179.0,121.0,292.0,112.0,332.0,15.0,88.0,First Line,82,1664.7833333333,28,24,35,1987-08-24,SVN,SVN,75,225,2005,1,11,11,8471685.0
2022-2023,Artemi Panarin,NYR,F,108.0,430.0,12.0,,144.0,247.0,313.0,166.0,30.0,249.0,156.0,430.0,,30.0,First Line,82,1607.8333333333,29,34,30,1991-10-30,RUS,RUS,72,173,-,-,-,-,8478550.0
2022-2023,Arthur Kaliyev,LAK,F,104.0,312.0,18.0,,81.0,119.0,22.0,237.0,197.0,36.0,326.0,299.0,,208.0,Fourth Line,56,653.95,13,8,21,2001-06-26,USA,USA,74,210,2019,2,2,33,8481560.0
2022-2023,Artturi Lehkonen,COL,F,142.0,113.0,172.0,23.0,83.0,145.0,141.0,165.0,208.0,124.0,293.0,192.0,,115.0,First Line,64,1308.95,21,9,27,1995-07-04,FIN,FIN,71,179,2013,2,25,55,8477476.0
2022-2023,Austin Czarnik,DET,F,415.0,13.0,,,407.0,58.0,373.0,293.0,400.0,89.0,46.0,312.0,158.0,421.0,Fourth Line,29,324.0,3,2,29,1992-12-12,USA,USA,69,170,-,-,-,-,8478512.0
2022-2023,Austin Watson,OTT,F,399.0,100.0,,62.0,409.0,268.0,232.0,298.0,417.0,440.0,436.0,17.0,,353.0,Fourth Line,75,767.46666666667,9,1,30,1992-01-13,USA,USA,76,204,2010,1,18,18,8475766.0
2022-2023,Auston Matthews,TOR,F,1.0,12.0,5.0,,8.0,121.0,2.0,1.0,9.0,30.0,26.0,293.0,35.0,3.0,First Line,74,1500.6,40,29,24,1997-09-17,USA,USA,75,208,2016,1,1,1,8479318.0
2022-2023,Axel Jonsson-Fjallby,WPG,F,328.0,79.0,,134.0,403.0,45.0,226.0,188.0,343.0,310.0,215.0,195.0,,370.0,Fourth Line,50,522.8,6,4,24,1998-02-10,SWE,SWE,73,189,2016,5,26,147,8479536.0
2022-2023,Barclay Goodrow,NYR,F,342.0,250.0,,51.0,300.0,297.0,395.0,321.0,272.0,334.0,356.0,125.0,115.0,277.0,Third Line,82,1162.0,11,12,29,1993-02-26,CAN,CAN,74,204,-,-,-,-,8476624.0
2022-2023,Barrett Hayton,ARI,F,287.0,306.0,227.0,192.0,281.0,264.0,271.0,261.0,326.0,389.0,22.0,208.0,102.0,205.0,Second Line,82,1434.8166666667,19,14,22,2000-06-09,CAN,CAN,73,207,2018,1,5,5,8480849.0
2022-2023,Ben Meyers,COL,F,407.0,6.0,,,326.0,12.0,369.0,193.0,448.0,318.0,193.0,252.0,78.0,440.0,Fourth Line,39,374.26666666667,4,0,23,1998-11-15,USA,USA,71,194,-,-,-,-,8483570.0
2022-2023,Blake Coleman,CGY,F,58.0,66.0,,16.0,47.0,20.0,33.0,141.0,161.0,236.0,373.0,141.0,,173.0,Third Line,82,1246.65,18,12,30,1991-11-28,USA,USA,71,199,2011,3,14,75,8476399.0
2022-2023,Blake Lizotte,LAK,F,180.0,139.0,,87.0,98.0,106.0,283.0,275.0,141.0,139.0,147.0,179.0,60.0,333.0,Fourth Line,81,1048.45,11,17,24,1997-12-13,USA,USA,69,170,-,-,-,-,8481481.0
2022-2023,Blake Wheeler,WPG,F,128.0,222.0,180.0,,105.0,303.0,224.0,290.0,43.0,44.0,411.0,294.0,,102.0,Second Line,72,1227.1833333333,16,23,36,1986-08-31,USA,USA,77,220,2004,1,5,5,8471218.0
2022-2023,Bo Horvat,NYI,F,168.0,206.0,65.0,155.0,191.0,291.0,188.0,116.0,245.0,316.0,205.0,269.0,21.0,49.0,First Line,79,1631.6666666667,38,20,27,1995-04-05,CAN,CAN,72,215,2013,1,9,9,8477500.0
2022-2023,Bo Horvat,VAN,F,168.0,206.0,65.0,155.0,191.0,291.0,188.0,116.0,245.0,316.0,205.0,269.0,21.0,49.0,First Line,79,1631.6666666667,38,20,27,1995-04-05,CAN,CAN,72,215,2013,1,9,9,8477500.0
2022-2023,Boone Jenner,CBJ,F,181.0,317.0,154.0,,260.0,429.0,90.0,110.0,271.0,359.0,204.0,151.0,28.0,71.0,First Line,68,1374.1,26,11,29,1993-06-15,CAN,CAN,74,203,2011,2,7,37,8476432.0
2022-2023,Boris Katchouk,CHI,F,392.0,234.0,,79.0,366.0,236.0,347.0,398.0,332.0,387.0,179.0,71.0,,417.0,Fourth Line,58,701.2,5,7,24,1998-06-18,CAN,CAN,74,206,2016,2,14,44,8479383.0
2022-2023,Brad Marchand,BOS,F,23.0,161.0,27.0,61.0,6.0,11.0,75.0,96.0,21.0,55.0,105.0,227.0,,35.0,First Line,73,1352.55,21,31,34,1988-05-11,CAN,CAN,69,176,2006,3,8,71,8473419.0
2022-2023,Brady Tkachuk,OTT,F,15.0,408.0,17.0,,46.0,307.0,7.0,47.0,27.0,24.0,232.0,41.0,113.0,19.0,First Line,82,1527.8333333333,35,29,22,1999-09-16,USA,USA,76,221,2018,1,4,4,8480801.0
2022-2023,Brandon Duhaime,MIN,F,259.0,110.0,,4.0,329.0,105.0,97.0,156.0,377.0,377.0,300.0,20.0,,374.0,Fourth Line,51,548.6,9,1,25,1997-05-22,USA,USA,74,200,2016,4,15,106,8479520.0
2022-2023,Brandon Hagel,TBL,F,146.0,258.0,203.0,83.0,58.0,306.0,238.0,107.0,269.0,122.0,107.0,296.0,,132.0,First Line,81,1510.4,30,18,24,1998-08-27,CAN,CAN,74,179,2016,6,8,159,8479542.0
2022-2023,Brandon Saad,STL,F,213.0,310.0,168.0,85.0,236.0,323.0,286.0,139.0,244.0,368.0,191.0,423.0,,174.0,Second Line,71,1182.5,19,14,29,1992-10-27,USA,USA,73,215,2011,2,13,43,8476438.0
2022-2023,Brandon Tanev,SEA,F,281.0,17.0,,69.0,353.0,18.0,264.0,224.0,249.0,172.0,122.0,45.0,,213.0,Third Line,82,1166.05,16,12,30,1991-12-31,CAN,CAN,72,189,-,-,-,-,8479293.0
2022-2023,Brayden Point,TBL,F,39.0,361.0,49.0,,26.0,345.0,162.0,16.0,129.0,57.0,47.0,367.0,106.0,29.0,First Line,82,1612.9166666667,51,23,26,1996-03-13,CAN,CAN,71,180,2014,3,19,79,8478010.0
2022-2023,Brayden Schenn,STL,F,261.0,417.0,96.0,,341.0,415.0,397.0,254.0,142.0,313.0,296.0,136.0,137.0,113.0,First Line,82,1511.2,21,22,31,1991-08-22,CAN,CAN,73,199,2009,1,5,5,8475170.0
2022-2023,Brendan Gallagher,MTL,F,59.0,311.0,270.0,,239.0,227.0,9.0,87.0,59.0,297.0,250.0,274.0,,171.0,Third Line,37,528.41666666667,8,5,30,1992-05-06,CAN,CAN,69,186,2010,5,27,147,8475848.0
2022-2023,Brendan Lemieux,LAK,F,278.0,210.0,,,229.0,108.0,277.0,353.0,201.0,91.0,442.0,21.0,,419.0,Fourth Line,45,458.16666666667,2,5,26,1996-03-15,USA,USA,73,215,2014,2,1,31,8477962.0
2022-2023,Brendan Lemieux,PHI,F,278.0,210.0,,,229.0,108.0,277.0,353.0,201.0,91.0,442.0,21.0,,419.0,Fourth Line,45,458.16666666667,2,5,26,1996-03-15,USA,USA,73,215,2014,2,1,31,8477962.0
2022-2023,Brett Howden,VGK,F,366.0,77.0,,123.0,331.0,256.0,414.0,292.0,327.0,269.0,351.0,99.0,80.0,355.0,Fourth Line,54,705.18333333333,6,4,24,1998-03-29,CAN,CAN,74,203,2016,1,27,27,8479353.0
2022-2023,Brett Leason,ANA,F,397.0,388.0,,,393.0,426.0,260.0,299.0,436.0,342.0,315.0,308.0,,423.0,Fourth Line,54,588.16666666667,6,2,23,1999-04-30,CAN,CAN,77,218,2019,2,25,56,8481517.0
2022-2023,Brett Ritchie,ARI,F,250.0,217.0,,,210.0,28.0,108.0,159.0,441.0,168.0,370.0,68.0,,393.0,Fourth Line,50,502.51666666667,8,2,29,1993-07-01,CAN,CAN,76,215,2011,2,14,44,8476439.0
2022-2023,Brett Ritchie,CGY,F,250.0,217.0,,,210.0,28.0,108.0,159.0,441.0,168.0,370.0,68.0,,393.0,Fourth Line,50,502.51666666667,8,2,29,1993-07-01,CAN,CAN,76,215,2011,2,14,44,8476439.0
2022-2023,Brock Boeser,VAN,F,223.0,350.0,71.0,,247.0,373.0,183.0,288.0,235.0,148.0,290.0,361.0,,99.0,Second Line,74,1275.8666666667,18,19,25,1997-02-25,USA,USA,73,208,2015,1,23,23,8478444.0
2022-2023,Brock McGinn,ANA,F,365.0,189.0,,137.0,376.0,226.0,327.0,218.0,410.0,428.0,52.0,164.0,,314.0,Fourth Line,75,977.55,12,3,28,1994-02-02,CAN,CAN,72,187,2012,2,17,47,8476934.0
2022-2023,Brock McGinn,PIT,F,365.0,189.0,,137.0,376.0,226.0,327.0,218.0,410.0,428.0,52.0,164.0,,314.0,Fourth Line,75,977.55,12,3,28,1994-02-02,CAN,CAN,72,187,2012,2,17,47,8476934.0
2022-2023,Brock Nelson,NYI,F,62.0,300.0,59.0,,99.0,377.0,174.0,24.0,76.0,80.0,98.0,383.0,127.0,60.0,First Line,82,1511.7,36,24,30,1991-10-15,USA,USA,76,210,2010,1,30,30,8475754.0
2022-2023,Bryan Rust,PIT,F,76.0,370.0,84.0,55.0,51.0,283.0,62.0,132.0,154.0,4.0,160.0,250.0,,86.0,Second Line,81,1449.8666666667,20,15,30,1992-05-11,USA,USA,71,192,2010,3,20,80,8475810.0
2022-2023,Cal Clutterbuck,NYI,F,428.0,120.0,,126.0,400.0,132.0,402.0,388.0,428.0,433.0,353.0,6.0,,376.0,Fourth Line,49,598.96666666667,6,2,34,1987-11-18,CAN,CAN,72,212,2006,3,9,72,8473504.0
2022-2023,Calle Jarnkrok,TOR,F,237.0,178.0,237.0,111.0,235.0,148.0,294.0,86.0,371.0,258.0,129.0,334.0,,222.0,Third Line,73,1049.9166666667,20,11,30,1991-09-25,SWE,SWE,72,192,2010,2,21,51,8475714.0
2022-2023,Carl Grundstrom,LAK,F,148.0,298.0,,,196.0,175.0,68.0,63.0,282.0,76.0,371.0,37.0,,329.0,Fourth Line,57,612.86666666667,12,5,24,1997-12-01,SWE,SWE,72,195,2016,2,27,57,8479336.0
2022-2023,Carter Verhaeghe,FLA,F,9.0,309.0,104.0,,2.0,217.0,37.0,5.0,86.0,178.0,295.0,387.0,,66.0,Second Line,81,1417.6666666667,42,14,27,1995-08-14,CAN,CAN,74,180,2013,3,21,82,8477409.0
2022-2023,Casey Cizikas,NYI,F,404.0,137.0,,89.0,420.0,153.0,338.0,378.0,349.0,437.0,362.0,72.0,17.0,346.0,Third Line,81,1177.45,6,10,31,1991-02-27,CAN,CAN,71,190,2009,4,1,92,8475231.0
2022-2023,Casey Mittelstadt,BUF,F,227.0,283.0,225.0,,221.0,249.0,311.0,352.0,118.0,194.0,81.0,407.0,148.0,179.0,Second Line,82,1289.7166666667,15,26,23,1998-11-22,USA,USA,73,195,2017,1,8,8,8479999.0
2022-2023,Chandler Stephenson,VGK,F,226.0,141.0,125.0,122.0,115.0,284.0,437.0,389.0,57.0,156.0,118.0,315.0,34.0,123.0,First Line,81,1540.3833333333,16,28,28,1994-04-22,CAN,CAN,72,209,2012,3,16,77,8476905.0
2022-2023,Charlie Coyle,BOS,F,224.0,146.0,,25.0,184.0,203.0,293.0,207.0,239.0,391.0,113.0,268.0,63.0,192.0,Second Line,82,1392.8833333333,16,16,30,1992-03-02,USA,USA,75,223,2010,1,28,28,8475745.0
2022-2023,Chris Kreider,NYR,F,151.0,261.0,13.0,110.0,205.0,135.0,98.0,39.0,299.0,295.0,316.0,137.0,,63.0,First Line,79,1454.6333333333,36,13,31,1991-04-30,USA,USA,75,230,2009,1,19,19,8475184.0
2022-2023,Chris Tierney,FLA,F,436.0,324.0,,184.0,410.0,393.0,443.0,422.0,397.0,347.0,384.0,347.0,130.0,398.0,Fourth Line,36,391.06666666667,3,4,28,1994-07-01,CAN,CAN,73,191,2012,2,25,55,8476919.0
2022-2023,Chris Tierney,MTL,F,436.0,324.0,,184.0,410.0,393.0,443.0,422.0,397.0,347.0,384.0,347.0,130.0,398.0,Fourth Line,36,391.06666666667,3,4,28,1994-07-01,CAN,CAN,73,191,2012,2,25,55,8476919.0
2022-2023,Christian Dvorak,MTL,F,377.0,378.0,253.0,191.0,321.0,432.0,407.0,334.0,364.0,398.0,199.0,413.0,40.0,195.0,Second Line,64,1079.0833333333,10,6,26,1996-02-02,USA,USA,73,193,2014,2,28,58,8477989.0
2022-2023,Christian Fischer,ARI,F,374.0,404.0,,154.0,414.0,374.0,248.0,318.0,330.0,365.0,116.0,105.0,,330.0,Third Line,80,1187.5833333333,13,11,25,1997-04-15,USA,USA,74,212,2015,2,2,32,8478432.0
2022-2023,Claude Giroux,OTT,F,66.0,207.0,83.0,185.0,34.0,155.0,134.0,64.0,183.0,157.0,91.0,303.0,12.0,64.0,First Line,82,1541.2666666667,35,27,34,1988-01-12,CAN,CAN,71,190,2006,1,22,22,8473512.0
2022-2023,Clayton Keller,ARI,F,96.0,331.0,157.0,,275.0,310.0,182.0,60.0,53.0,272.0,72.0,432.0,,48.0,First Line,82,1701.5166666667,37,38,24,1998-07-29,USA,USA,70,178,2016,1,7,7,8479343.0
2022-2023,Cody Glass,NSH,F,254.0,93.0,148.0,,159.0,182.0,247.0,377.0,205.0,182.0,278.0,239.0,92.0,203.0,Third Line,72,1063.2333333333,14,10,23,1999-04-01,CAN,CAN,75,206,2017,1,6,6,8479996.0
2022-2023,Cole Caufield,MTL,F,145.0,425.0,141.0,,340.0,409.0,38.0,7.0,373.0,101.0,25.0,419.0,,69.0,First Line,46,830.28333333333,26,2,21,2001-01-02,USA,USA,67,174,2019,1,15,15,8481540.0
2022-2023,Cole Perfetti,WPG,F,204.0,92.0,150.0,,127.0,93.0,246.0,356.0,153.0,14.0,380.0,333.0,,186.0,Third Line,51,763.43333333333,8,11,20,2002-01-01,CAN,CAN,71,184,2020,1,10,10,8482149.0
2022-2023,Cole Sillinger,CBJ,F,346.0,322.0,197.0,,360.0,386.0,160.0,368.0,317.0,77.0,395.0,132.0,163.0,313.0,Fourth Line,64,851.78333333333,3,5,19,2003-05-16,USA,USA,73,201,2021,1,12,12,8482705.0
2022-2023,Cole Smith,NSH,F,393.0,227.0,,100.0,352.0,238.0,430.0,442.0,213.0,413.0,277.0,26.0,,413.0,Fourth Line,69,879.23333333333,4,10,26,1995-10-28,USA,USA,75,195,-,-,-,-,8482062.0
2022-2023,Colin Blackwell,CHI,F,401.0,297.0,,36.0,421.0,273.0,376.0,390.0,318.0,355.0,8.0,163.0,,377.0,Fourth Line,53,625.45,2,7,29,1993-03-28,USA,USA,69,190,2011,7,13,193,8476278.0
2022-2023,Colin White,FLA,F,329.0,97.0,,,311.0,127.0,337.0,252.0,347.0,108.0,276.0,180.0,,408.0,Fourth Line,68,655.2,8,5,25,1997-01-30,USA,USA,73,194,2015,1,21,21,8478400.0
2022-2023,Colton Sissons,NSH,F,411.0,239.0,,174.0,310.0,301.0,424.0,380.0,402.0,415.0,249.0,81.0,20.0,320.0,Second Line,82,1297.85,12,5,28,1993-11-05,CAN,CAN,73,200,2012,2,20,50,8476925.0
2022-2023,Connor Dewar,MIN,F,385.0,7.0,,35.0,391.0,14.0,234.0,432.0,312.0,381.0,263.0,95.0,149.0,379.0,Fourth Line,81,887.91666666667,6,6,23,1999-06-26,CAN,CAN,70,183,2018,3,30,92,8480980.0
2022-2023,Connor McDavid,EDM,F,6.0,182.0,2.0,47.0,9.0,167.0,55.0,14.0,18.0,79.0,10.0,297.0,62.0,1.0,First Line,82,1835.6166666667,64,60,25,1997-01-13,CAN,CAN,73,193,2015,1,1,1,8478402.0
2022-2023,Conor Garland,VAN,F,106.0,173.0,202.0,,188.0,168.0,78.0,162.0,101.0,224.0,11.0,349.0,,138.0,Third Line,81,1224.2166666667,17,13,26,1996-03-11,USA,USA,70,165,2015,5,2,123,8478856.0
2022-2023,Conor Sheary,WSH,F,171.0,179.0,229.0,172.0,154.0,305.0,148.0,155.0,220.0,73.0,124.0,338.0,,193.0,Second Line,82,1292.7666666667,15,14,30,1992-06-08,USA,USA,69,179,-,-,-,-,8477839.0
2022-2023,Corey Perry,TBL,F,263.0,177.0,117.0,,201.0,55.0,244.0,316.0,308.0,188.0,187.0,228.0,,292.0,Fourth Line,81,936.55,12,7,37,1985-05-16,CAN,CAN,75,208,2003,1,28,28,8470621.0
2022-2023,Craig Smith,BOS,F,135.0,197.0,,,133.0,146.0,47.0,109.0,281.0,257.0,354.0,210.0,,247.0,Fourth Line,64,703.98333333333,9,1,32,1989-09-05,USA,USA,72,204,2009,4,7,98,8475225.0
2022-2023,Craig Smith,WSH,F,135.0,197.0,,,133.0,146.0,47.0,109.0,281.0,257.0,354.0,210.0,,247.0,Fourth Line,64,703.98333333333,9,1,32,1989-09-05,USA,USA,72,204,2009,4,7,98,8475225.0
2022-2023,Curtis Lazar,NJD,F,416.0,16.0,,99.0,382.0,140.0,312.0,346.0,431.0,406.0,291.0,33.0,72.0,373.0,Fourth Line,49,584.56666666667,3,1,27,1995-02-02,CAN,CAN,72,203,2013,1,17,17,8477508.0
2022-2023,Curtis Lazar,VAN,F,416.0,16.0,,99.0,382.0,140.0,312.0,346.0,431.0,406.0,291.0,33.0,72.0,373.0,Fourth Line,49,584.56666666667,3,1,27,1995-02-02,CAN,CAN,72,203,2013,1,17,17,8477508.0
2022-2023,Dakota Joshua,VAN,F,262.0,112.0,,70.0,283.0,164.0,358.0,191.0,209.0,293.0,206.0,19.0,,384.0,Fourth Line,79,910.2,11,5,26,1996-05-15,USA,USA,75,206,2014,5,8,128,8478057.0
2022-2023,Daniel Sprong,SEA,F,18.0,152.0,109.0,,157.0,76.0,13.0,13.0,39.0,40.0,287.0,318.0,,148.0,Fourth Line,66,753.65,21,19,25,1997-03-17,NLD,NLD,72,202,2015,2,16,46,8478466.0
2022-2023,Danton Heinen,PIT,F,111.0,52.0,239.0,,146.0,134.0,103.0,144.0,124.0,317.0,301.0,182.0,,271.0,Fourth Line,65,699.23333333333,8,9,27,1995-07-05,CAN,CAN,73,188,2014,4,26,116,8478046.0
2022-2023,David Gustafsson,WPG,F,410.0,82.0,,14.0,396.0,79.0,306.0,448.0,187.0,362.0,68.0,292.0,86.0,436.0,Fourth Line,46,464.48333333333,0,5,22,2000-04-11,SWE,SWE,74,212,2018,2,29,60,8481019.0
2022-2023,David Kampf,TOR,F,371.0,138.0,,66.0,308.0,123.0,363.0,405.0,338.0,432.0,148.0,255.0,23.0,351.0,Third Line,82,1255.2166666667,7,10,27,1995-01-12,CZE,CZE,74,197,-,-,-,-,8480144.0
2022-2023,David Krejci,BOS,F,147.0,403.0,155.0,,183.0,352.0,410.0,197.0,19.0,72.0,216.0,360.0,146.0,131.0,Second Line,70,1203.6166666667,16,25,36,1986-04-28,CZE,CZE,72,192,2004,2,33,63,8471276.0
2022-2023,David Pastrnak,BOS,F,5.0,318.0,8.0,,95.0,65.0,1.0,2.0,42.0,10.0,50.0,278.0,,4.0,First Line,82,1604.2833333333,61,31,26,1996-05-25,CZE,CZE,73,195,2014,1,25,25,8477956.0
2022-2023,David Perron,DET,F,211.0,200.0,57.0,,274.0,200.0,231.0,149.0,217.0,321.0,217.0,188.0,,92.0,Second Line,82,1387.3166666667,24,20,34,1988-05-28,CAN,CAN,73,196,2007,1,26,26,8474102.0
2022-2023,Dawson Mercer,NJD,F,93.0,373.0,132.0,159.0,103.0,260.0,195.0,76.0,115.0,140.0,237.0,412.0,,162.0,Second Line,82,1357.95,27,19,20,2001-10-27,CAN,CAN,72,180,2020,1,18,18,8482110.0
2022-2023,Denis Gurianov,DAL,F,252.0,396.0,214.0,,328.0,320.0,116.0,359.0,219.0,243.0,257.0,284.0,,263.0,Fourth Line,66,870.95,7,8,25,1997-06-07,RUS,RUS,75,205,2015,1,12,12,8478495.0
2022-2023,Denis Gurianov,MTL,F,252.0,396.0,214.0,,328.0,320.0,116.0,359.0,219.0,243.0,257.0,284.0,,263.0,Fourth Line,66,870.95,7,8,25,1997-06-07,RUS,RUS,75,205,2015,1,12,12,8478495.0
2022-2023,Denis Malgin,COL,F,56.0,86.0,,,113.0,73.0,40.0,27.0,256.0,259.0,103.0,171.0,,282.0,Fourth Line,65,709.76666666667,13,5,25,1997-01-18,CHE,CHE,69,182,2015,4,11,102,8478843.0
2022-2023,Denis Malgin,TOR,F,56.0,86.0,,,113.0,73.0,40.0,27.0,256.0,259.0,103.0,171.0,,282.0,Fourth Line,65,709.76666666667,13,5,25,1997-01-18,CHE,CHE,69,182,2015,4,11,102,8478843.0
2022-2023,Derek Grant,ANA,F,290.0,384.0,256.0,178.0,411.0,436.0,204.0,336.0,164.0,443.0,401.0,219.0,45.0,246.0,Third Line,46,682.9,5,8,32,1990-04-20,CAN,CAN,75,210,2008,4,28,119,8474683.0
2022-2023,Derek Ryan,EDM,F,246.0,5.0,,94.0,198.0,10.0,316.0,158.0,309.0,366.0,286.0,298.0,50.0,365.0,Fourth Line,80,893.28333333333,13,4,35,1986-12-29,USA,USA,70,185,-,-,-,-,8478585.0
2022-2023,Derek Stepan,CAR,F,75.0,4.0,,,25.0,5.0,43.0,219.0,145.0,69.0,343.0,322.0,43.0,360.0,Fourth Line,73,662.88333333333,5,5,32,1990-06-18,USA,USA,71,196,2008,2,21,51,8474613.0
2022-2023,Derick Brassard,OTT,F,285.0,313.0,90.0,,248.0,188.0,346.0,190.0,339.0,337.0,399.0,102.0,87.0,300.0,Fourth Line,62,755.18333333333,13,8,34,1987-09-22,CAN,CAN,73,200,2006,1,6,6,8473544.0
2022-2023,Devin Shore,EDM,F,363.0,47.0,,,315.0,163.0,421.0,435.0,170.0,226.0,181.0,120.0,99.0,427.0,Fringe,47,421.35,1,6,28,1994-07-19,CAN,CAN,73,206,2012,2,31,61,8476913.0
2022-2023,Dillon Dube,CGY,F,155.0,269.0,186.0,12.0,117.0,172.0,177.0,140.0,193.0,102.0,207.0,156.0,,215.0,Third Line,82,1243.2,18,14,24,1998-07-20,CAN,CAN,71,185,2016,2,26,56,8479346.0
2022-2023,Dominik Kubalik,DET,F,296.0,353.0,100.0,,392.0,334.0,155.0,181.0,323.0,246.0,140.0,198.0,,161.0,Third Line,81,1208.0,20,17,27,1995-08-21,CZE,CZE,74,190,2013,7,10,191,8477330.0
2022-2023,Drake Batherson,OTT,F,117.0,337.0,34.0,,130.0,342.0,83.0,232.0,94.0,20.0,235.0,155.0,,78.0,First Line,82,1525.7,22,25,24,1998-04-27,USA,USA,75,200,2017,4,28,121,8480208.0
2022-2023,Drew O'Connor,PIT,F,137.0,277.0,,,116.0,246.0,59.0,157.0,191.0,422.0,275.0,104.0,,369.0,Fourth Line,46,451.51666666667,5,3,24,1998-06-09,USA,USA,75,200,-,-,-,-,8482055.0
2022-2023,Dryden Hunt,NYR,F,427.0,145.0,,,415.0,78.0,371.0,341.0,444.0,167.0,164.0,18.0,,442.0,Fringe,37,298.71666666667,3,0,26,1995-11-24,CAN,CAN,72,193,-,-,-,-,8478211.0
2022-2023,Dryden Hunt,TOR,F,427.0,145.0,,,415.0,78.0,371.0,341.0,444.0,167.0,164.0,18.0,,442.0,Fringe,37,298.71666666667,3,0,26,1995-11-24,CAN,CAN,72,193,-,-,-,-,8478211.0
2022-2023,Dryden Hunt,COL,F,427.0,145.0,,,415.0,78.0,371.0,341.0,444.0,167.0,164.0,18.0,,442.0,Fringe,37,298.71666666667,3,0,26,1995-11-24,CAN,CAN,72,193,-,-,-,-,8478211.0
2022-2023,Dylan Cozens,BUF,F,87.0,362.0,224.0,198.0,181.0,388.0,91.0,55.0,110.0,151.0,93.0,336.0,133.0,119.0,Second Line,81,1336.25,31,21,21,2001-02-09,CAN,CAN,75,195,2019,1,7,7,8481528.0
2022-2023,Dylan Gambrell,OTT,F,439.0,104.0,,115.0,430.0,240.0,419.0,427.0,423.0,409.0,419.0,138.0,124.0,416.0,Fourth Line,60,683.33333333333,4,5,26,1996-08-26,USA,USA,71,185,2016,2,30,60,8479580.0
2022-2023,Dylan Guenther,ARI,F,408.0,401.0,159.0,,413.0,384.0,229.0,431.0,367.0,285.0,434.0,324.0,,234.0,Fourth Line,33,432.7,6,3,19,2003-04-10,CAN,CAN,74,175,2021,1,9,9,8482699.0
2022-2023,Dylan Holloway,EDM,F,384.0,96.0,,,197.0,30.0,374.0,399.0,382.0,85.0,38.0,66.0,,432.0,Fourth Line,51,488.85,3,2,20,2001-09-23,CAN,CAN,73,203,2020,1,14,14,8482077.0
2022-2023,Dylan Larkin,DET,F,95.0,390.0,78.0,142.0,182.0,369.0,104.0,192.0,31.0,219.0,214.0,328.0,61.0,44.0,First Line,80,1564.45,32,24,26,1996-07-30,USA,USA,73,198,2014,1,15,15,8477946.0
2022-2023,Dylan Strome,WSH,F,152.0,247.0,143.0,,131.0,341.0,256.0,79.0,178.0,13.0,349.0,433.0,120.0,121.0,Second Line,81,1351.65,23,24,25,1997-03-07,CAN,CAN,75,200,2015,1,3,3,8478440.0
2022-2023,Eeli Tolvanen,NSH,F,215.0,19.0,151.0,,261.0,66.0,153.0,99.0,356.0,208.0,294.0,97.0,,183.0,Third Line,61,885.5,18,7,23,1999-04-22,FIN,FIN,70,191,2017,1,30,30,8480009.0
2022-2023,Eeli Tolvanen,SEA,F,215.0,19.0,151.0,,261.0,66.0,153.0,99.0,356.0,208.0,294.0,97.0,,183.0,Third Line,61,885.5,18,7,23,1999-04-22,FIN,FIN,70,191,2017,1,30,30,8480009.0
2022-2023,Eetu Luostarinen,FLA,F,202.0,65.0,144.0,108.0,62.0,89.0,323.0,211.0,265.0,220.0,109.0,223.0,168.0,253.0,Second Line,82,1310.8333333333,17,11,23,1998-09-02,FIN,FIN,75,190,2017,2,11,42,8480185.0
2022-2023,Elias Lindholm,CGY,F,84.0,81.0,36.0,91.0,54.0,67.0,205.0,130.0,102.0,248.0,106.0,277.0,13.0,67.0,First Line,80,1492.1166666667,22,25,27,1994-12-02,SWE,SWE,73,202,2013,1,5,5,8477496.0
2022-2023,Elias Pettersson,VAN,F,85.0,71.0,43.0,190.0,204.0,205.0,179.0,58.0,67.0,75.0,2.0,352.0,165.0,16.0,First Line,80,1644.3833333333,39,37,23,1998-11-12,SWE,SWE,74,176,2017,1,5,5,8480012.0
2022-2023,Emil Bemstrom,CBJ,F,234.0,265.0,194.0,,267.0,317.0,143.0,320.0,255.0,189.0,99.0,331.0,,289.0,Fourth Line,55,665.96666666667,7,7,23,1999-06-01,SWE,SWE,72,195,2017,4,24,117,8480205.0
2022-2023,Eric Robinson,CBJ,F,308.0,399.0,,74.0,365.0,414.0,251.0,246.0,229.0,426.0,220.0,111.0,,304.0,Third Line,72,1004.25,12,6,27,1995-06-14,USA,USA,74,205,-,-,-,-,8480762.0
2022-2023,Eric Staal,FLA,F,143.0,316.0,,103.0,76.0,350.0,265.0,115.0,158.0,215.0,400.0,394.0,101.0,256.0,Third Line,72,1025.0666666667,14,9,37,1984-10-29,CAN,CAN,76,195,2003,1,2,2,8470595.0
2022-2023,Erik Haula,NJD,F,150.0,149.0,204.0,119.0,87.0,97.0,147.0,205.0,173.0,142.0,407.0,169.0,38.0,200.0,Second Line,80,1330.4833333333,14,15,31,1991-03-23,FIN,FIN,71,191,2009,7,1,182,8475287.0
2022-2023,Evan Rodrigues,COL,F,125.0,114.0,112.0,,63.0,64.0,57.0,312.0,162.0,187.0,131.0,337.0,89.0,133.0,Second Line,69,1232.0833333333,16,14,29,1993-07-28,CAN,CAN,71,184,-,-,-,-,8478542.0
2022-2023,Evander Kane,EDM,F,43.0,432.0,145.0,18.0,128.0,330.0,10.0,20.0,214.0,227.0,421.0,65.0,,55.0,First Line,41,766.83333333333,16,6,31,1991-08-02,CAN,CAN,74,210,2009,1,4,4,8475169.0
2022-2023,Evgeni Malkin,PIT,F,64.0,273.0,25.0,,43.0,216.0,138.0,128.0,71.0,12.0,339.0,364.0,145.0,33.0,First Line,82,1523.6,27,36,36,1986-07-31,RUS,RUS,75,195,2004,1,2,2,8471215.0
2022-2023,Evgenii Dadonov,DAL,F,192.0,281.0,212.0,,140.0,241.0,200.0,273.0,155.0,162.0,252.0,355.0,,217.0,Third Line,73,1074.85,7,15,33,1989-03-12,RUS,RUS,71,189,2007,3,10,71,8474149.0
2022-2023,Evgenii Dadonov,MTL,F,192.0,281.0,212.0,,140.0,241.0,200.0,273.0,155.0,162.0,252.0,355.0,,217.0,Third Line,73,1074.85,7,15,33,1989-03-12,RUS,RUS,71,189,2007,3,10,71,8474149.0
2022-2023,Evgeny Kuznetsov,WSH,F,220.0,395.0,123.0,73.0,231.0,351.0,322.0,364.0,87.0,2.0,403.0,375.0,164.0,108.0,First Line,81,1462.8166666667,12,25,30,1992-05-19,RUS,RUS,74,207,2010,1,26,26,8475744.0
2022-2023,Evgeny Svechnikov,SJS,F,270.0,365.0,,,256.0,338.0,332.0,221.0,252.0,288.0,406.0,100.0,,401.0,Fourth Line,59,634.11666666667,8,5,25,1996-10-31,RUS,RUS,75,208,2015,1,19,19,8478431.0
2022-2023,Fabian Zetterlund,NJD,F,179.0,422.0,210.0,,119.0,354.0,145.0,400.0,77.0,311.0,203.0,282.0,,325.0,Fourth Line,67,888.21666666667,6,13,23,1999-08-25,SWE,SWE,71,220,2017,3,1,63,8480188.0
2022-2023,Fabian Zetterlund,SJS,F,179.0,422.0,210.0,,119.0,354.0,145.0,400.0,77.0,311.0,203.0,282.0,,325.0,Fourth Line,67,888.21666666667,6,13,23,1999-08-25,SWE,SWE,71,220,2017,3,1,63,8480188.0
2022-2023,Filip Chytil,NYR,F,77.0,188.0,255.0,,264.0,190.0,36.0,72.0,97.0,165.0,218.0,388.0,178.0,160.0,Third Line,74,1086.6,22,16,22,1999-09-05,CZE,CZE,74,204,2017,1,21,21,8480078.0
2022-2023,Filip Forsberg,NSH,F,28.0,274.0,52.0,,112.0,298.0,27.0,6.0,61.0,46.0,33.0,148.0,,28.0,Second Line,50,873.6,19,13,28,1994-08-13,SWE,SWE,73,205,2012,1,11,11,8476887.0
2022-2023,Filip Zadina,DET,F,297.0,148.0,276.0,,255.0,199.0,119.0,363.0,350.0,287.0,183.0,291.0,,287.0,Fourth Line,30,392.9,3,2,22,1999-11-27,CZE,CZE,72,190,2018,1,6,6,8480821.0
2022-2023,Frank Vatrano,ANA,F,153.0,418.0,174.0,200.0,325.0,435.0,28.0,124.0,167.0,241.0,265.0,214.0,,127.0,Second Line,81,1350.9666666667,22,11,28,1994-03-14,USA,USA,71,197,-,-,-,-,8478366.0
2022-2023,Frederick Gaudreau,MIN,F,268.0,49.0,230.0,127.0,278.0,112.0,288.0,289.0,204.0,260.0,185.0,358.0,118.0,206.0,Second Line,82,1315.5166666667,19,11,29,1993-05-01,CAN,CAN,72,184,-,-,-,-,8477919.0
2022-2023,Fredrik Olofsson,DAL,F,298.0,3.0,,,254.0,4.0,178.0,441.0,199.0,396.0,77.0,150.0,,428.0,Fourth Line,28,285.75,1,3,26,1996-05-27,SWE,SWE,74,190,2014,4,8,98,8478028.0
2022-2023,Gabriel Vilardi,LAK,F,212.0,119.0,149.0,,258.0,56.0,255.0,59.0,302.0,164.0,7.0,371.0,,199.0,Second Line,63,983.01666666667,23,10,23,1999-08-16,CAN,CAN,75,215,2017,1,11,11,8480014.0
2022-2023,Garnet Hathaway,BOS,F,314.0,30.0,,26.0,262.0,72.0,296.0,150.0,415.0,447.0,126.0,15.0,,306.0,Fourth Line,84,990.8,13,4,30,1991-11-23,USA,USA,75,208,-,-,-,-,8477903.0
2022-2023,Garnet Hathaway,WSH,F,314.0,30.0,,26.0,262.0,72.0,296.0,150.0,415.0,447.0,126.0,15.0,,306.0,Fourth Line,84,990.8,13,4,30,1991-11-23,USA,USA,75,208,-,-,-,-,8477903.0
2022-2023,Givani Smith,DET,F,348.0,252.0,,,363.0,308.0,173.0,404.0,304.0,106.0,448.0,23.0,,439.0,Fringe,36,252.15,1,2,24,1998-02-28,CAN,CAN,74,214,2016,2,16,46,8479379.0
2022-2023,Givani Smith,FLA,F,348.0,252.0,,,363.0,308.0,173.0,404.0,304.0,106.0,448.0,23.0,,439.0,Fringe,36,252.15,1,2,24,1998-02-28,CAN,CAN,74,214,2016,2,16,46,8479379.0
2022-2023,Gustav Nyquist,CBJ,F,248.0,340.0,263.0,143.0,251.0,424.0,340.0,291.0,159.0,111.0,328.0,351.0,,164.0,Second Line,51,898.6,11,10,33,1989-09-01,SWE,SWE,71,180,2008,4,30,121,8474679.0
2022-2023,Gustav Nyquist,MIN,F,248.0,340.0,263.0,143.0,251.0,424.0,340.0,291.0,159.0,111.0,328.0,351.0,,164.0,Second Line,51,898.6,11,10,33,1989-09-01,SWE,SWE,71,180,2008,4,30,121,8474679.0
2022-2023,Hudson Fasching,NYI,F,167.0,127.0,,,151.0,183.0,325.0,65.0,150.0,352.0,132.0,232.0,,290.0,Fourth Line,49,611.65,10,7,27,1995-07-28,USA,USA,75,204,2013,4,27,118,8477392.0
2022-2023,Ilya Mikheyev,VAN,F,102.0,238.0,196.0,146.0,246.0,162.0,96.0,49.0,151.0,348.0,53.0,366.0,,140.0,Second Line,46,777.96666666667,13,9,27,1994-10-10,RUS,RUS,74,192,-,-,-,-,8481624.0
2022-2023,Isac Lundestrom,ANA,F,435.0,330.0,,162.0,428.0,407.0,423.0,407.0,408.0,416.0,134.0,408.0,150.0,358.0,Third Line,61,874.36666666667,4,6,22,1999-11-06,SWE,SWE,72,193,2018,1,23,23,
2022-2023,Ivan Barbashev,STL,F,239.0,415.0,209.0,28.0,253.0,420.0,403.0,226.0,139.0,266.0,177.0,101.0,,198.0,Second Line,82,1374.0,16,16,26,1995-12-14,RUS,RUS,73,195,2014,2,3,33,8477964.0
2022-2023,Ivan Barbashev,VGK,F,239.0,415.0,209.0,28.0,253.0,420.0,403.0,226.0,139.0,266.0,177.0,101.0,,198.0,Second Line,82,1374.0,16,16,26,1995-12-14,RUS,RUS,73,195,2014,2,3,33,8477964.0
2022-2023,J.T. Compher,COL,F,304.0,56.0,163.0,149.0,200.0,102.0,384.0,231.0,351.0,305.0,270.0,392.0,84.0,152.0,First Line,82,1684.3333333333,17,22,27,1995-04-08,USA,USA,72,190,2013,2,5,35,8477456.0
2022-2023,J.T. Miller,VAN,F,188.0,262.0,16.0,168.0,176.0,287.0,289.0,217.0,132.0,212.0,280.0,93.0,42.0,27.0,First Line,81,1675.05,32,37,29,1993-03-14,USA,USA,73,218,2011,1,15,15,8476468.0
2022-2023,JJ Peterka,BUF,F,144.0,435.0,246.0,,84.0,423.0,196.0,239.0,109.0,173.0,243.0,424.0,,276.0,Third Line,77,1050.8333333333,12,13,20,2002-01-14,DEU,DEU,72,189,2020,2,3,34,8482175.0
2022-2023,Jack Drury,CAR,F,82.0,1.0,216.0,,21.0,1.0,25.0,384.0,123.0,105.0,346.0,386.0,66.0,339.0,Fourth Line,38,409.83333333333,2,3,22,2000-02-03,USA,USA,71,174,2018,2,11,42,8480835.0
2022-2023,Jack Eichel,VGK,F,68.0,136.0,86.0,,156.0,215.0,29.0,42.0,227.0,94.0,51.0,264.0,153.0,25.0,First Line,67,1257.3833333333,27,22,25,1996-10-28,USA,USA,74,207,2015,1,2,2,8478403.0
2022-2023,Jack Hughes,NJD,F,11.0,333.0,22.0,,33.0,154.0,18.0,12.0,48.0,33.0,23.0,447.0,181.0,12.0,First Line,78,1557.35,43,35,21,2001-05-14,USA,USA,71,175,2019,1,1,1,8481559.0
2022-2023,Jack McBain,ARI,F,390.0,386.0,,183.0,426.0,418.0,417.0,269.0,296.0,395.0,431.0,11.0,159.0,342.0,Third Line,82,1146.45,12,9,22,2000-01-06,CAN,CAN,75,201,2018,3,1,63,8480855.0
2022-2023,Jack Quinn,BUF,F,97.0,356.0,241.0,,69.0,340.0,199.0,94.0,96.0,49.0,12.0,350.0,,227.0,Third Line,75,1038.5333333333,14,12,20,2001-09-19,CAN,CAN,73,185,2020,1,8,8,8482097.0
2022-2023,Jack Roslovic,CBJ,F,225.0,424.0,228.0,145.0,289.0,422.0,319.0,294.0,79.0,26.0,62.0,345.0,172.0,182.0,Second Line,77,1266.3833333333,11,20,25,1997-01-29,USA,USA,73,200,2015,1,25,25,8478458.0
2022-2023,Jack Studnicka,BOS,F,409.0,237.0,,,442.0,371.0,121.0,338.0,409.0,323.0,337.0,126.0,112.0,399.0,Fourth Line,48,508.55,4,1,23,1999-02-18,CAN,CAN,73,187,2017,2,22,53,8480021.0
2022-2023,Jack Studnicka,VAN,F,409.0,237.0,,,442.0,371.0,121.0,338.0,409.0,323.0,337.0,126.0,112.0,399.0,Fourth Line,48,508.55,4,1,23,1999-02-18,CAN,CAN,73,187,2017,2,22,53,8480021.0
2022-2023,Jaden Schwartz,SEA,F,249.0,70.0,177.0,,242.0,83.0,163.0,323.0,268.0,125.0,318.0,283.0,,135.0,Second Line,71,1237.05,21,12,30,1992-06-25,CAN,CAN,70,185,2010,1,14,14,8475768.0
2022-2023,Jake DeBrusk,BOS,F,34.0,29.0,79.0,5.0,37.0,16.0,41.0,15.0,136.0,52.0,61.0,207.0,,96.0,Second Line,64,1073.7,27,16,25,1996-10-17,CAN,CAN,72,197,2015,1,14,14,8478498.0
2022-2023,Jake Evans,MTL,F,334.0,294.0,,158.0,297.0,265.0,387.0,445.0,106.0,376.0,73.0,247.0,52.0,303.0,Third Line,54,782.46666666667,2,13,26,1996-06-02,CAN,CAN,72,186,2014,7,27,207,8478133.0
2022-2023,Jake Guentzel,PIT,F,37.0,296.0,54.0,,14.0,325.0,109.0,66.0,81.0,7.0,97.0,281.0,,22.0,First Line,78,1569.05,36,26,27,1994-10-06,USA,USA,71,180,2013,3,16,77,8477404.0
2022-2023,Jake Leschyshyn,NYR,F,444.0,271.0,,,444.0,375.0,385.0,447.0,440.0,109.0,158.0,106.0,119.0,446.0,Fourth Line,35,319.5,0,0,23,1999-03-10,USA,USA,71,195,2017,2,31,62,8479991.0
2022-2023,Jake Leschyshyn,VGK,F,444.0,271.0,,,444.0,375.0,385.0,447.0,440.0,109.0,158.0,106.0,119.0,446.0,Fourth Line,35,319.5,0,0,23,1999-03-10,USA,USA,71,195,2017,2,31,62,8479991.0
2022-2023,Jake Neighbours,STL,F,423.0,216.0,231.0,,422.0,403.0,315.0,285.0,439.0,322.0,335.0,121.0,,356.0,Fourth Line,43,534.38333333333,6,2,20,2002-03-29,CAN,CAN,72,201,2020,1,26,26,8482089.0
2022-2023,Jakob Silfverberg,ANA,F,396.0,314.0,205.0,176.0,440.0,412.0,175.0,410.0,315.0,436.0,402.0,429.0,,235.0,Third Line,81,1229.5166666667,10,10,31,1990-10-13,SWE,SWE,73,207,2009,2,9,39,8475164.0
2022-2023,Jakub Vrana,STL,F,79.0,442.0,95.0,,339.0,437.0,74.0,11.0,99.0,234.0,408.0,346.0,,105.0,Third Line,25,363.75,11,4,26,1996-02-28,CZE,CZE,72,190,2014,1,13,13,8477944.0
2022-2023,Jakub Vrana,DET,F,79.0,442.0,95.0,,339.0,437.0,74.0,11.0,99.0,234.0,408.0,346.0,,105.0,Third Line,25,363.75,11,4,26,1996-02-28,CZE,CZE,72,190,2014,1,13,13,8477944.0
2022-2023,James van Riemsdyk,PHI,F,206.0,153.0,223.0,,208.0,174.0,158.0,209.0,221.0,110.0,397.0,405.0,,185.0,Third Line,61,936.58333333333,12,8,33,1989-05-04,USA,USA,75,208,2007,1,2,2,8474037.0
2022-2023,Jamie Benn,DAL,F,112.0,260.0,32.0,29.0,153.0,279.0,107.0,108.0,134.0,121.0,211.0,152.0,16.0,84.0,Second Line,82,1294.25,33,22,33,1989-07-18,CAN,CAN,74,205,2007,5,8,129,8473994.0
2022-2023,Jared McCann,SEA,F,40.0,46.0,94.0,1.0,175.0,47.0,89.0,4.0,112.0,81.0,29.0,280.0,,77.0,Second Line,79,1290.8,40,19,26,1996-05-31,CAN,CAN,73,191,2014,1,24,24,8477955.0
2022-2023,Jaret Anderson-Dolan,LAK,F,283.0,393.0,,,282.0,290.0,241.0,126.0,427.0,29.0,142.0,123.0,,390.0,Fourth Line,46,488.4,7,3,22,1999-09-12,CAN,CAN,71,200,2017,2,10,41,8479994.0
2022-2023,Jason Dickinson,CHI,F,403.0,63.0,,120.0,389.0,257.0,348.0,392.0,386.0,357.0,282.0,143.0,129.0,280.0,Second Line,78,1243.2333333333,9,13,27,1995-07-04,CAN,CAN,74,200,2013,1,29,29,8477450.0
2022-2023,Jason Robertson,DAL,F,8.0,125.0,7.0,,17.0,29.0,44.0,17.0,14.0,68.0,225.0,353.0,,11.0,First Line,82,1544.7833333333,46,39,23,1999-07-22,USA,USA,75,200,2017,2,8,39,8480027.0
2022-2023,Jason Zucker,PIT,F,67.0,218.0,207.0,,71.0,196.0,54.0,40.0,293.0,23.0,169.0,94.0,,137.0,Second Line,78,1221.1666666667,27,9,30,1992-01-16,USA,USA,71,192,2010,2,29,59,8475722.0
2022-2023,Jayson Megna,ANA,F,445.0,412.0,,196.0,443.0,442.0,439.0,446.0,434.0,401.0,333.0,185.0,59.0,443.0,Fourth Line,55,550.23333333333,2,2,32,1990-02-01,USA,USA,73,195,-,-,-,-,8477126.0
2022-2023,Jayson Megna,COL,F,445.0,412.0,,196.0,443.0,442.0,439.0,446.0,434.0,401.0,333.0,185.0,59.0,443.0,Fourth Line,55,550.23333333333,2,2,32,1990-02-01,USA,USA,73,195,-,-,-,-,8477126.0
2022-2023,Jean-Gabriel Pageau,NYI,F,320.0,241.0,165.0,102.0,215.0,299.0,359.0,394.0,200.0,435.0,196.0,75.0,4.0,166.0,Second Line,70,1232.8833333333,13,15,29,1992-11-11,CAN,CAN,71,185,2011,4,5,96,8476419.0
2022-2023,Jeff Carter,PIT,F,257.0,212.0,126.0,129.0,303.0,272.0,115.0,235.0,288.0,434.0,412.0,204.0,10.0,176.0,Third Line,79,1082.8,13,9,37,1985-01-01,CAN,CAN,75,219,2003,1,11,11,8470604.0
2022-2023,Jeff Skinner,BUF,F,7.0,411.0,116.0,,49.0,380.0,23.0,8.0,8.0,16.0,19.0,422.0,111.0,58.0,Second Line,79,1374.3833333333,35,30,30,1992-05-16,CAN,CAN,71,197,2010,1,7,7,8475784.0
2022-2023,Jesper Boqvist,NJD,F,277.0,336.0,,,178.0,197.0,364.0,182.0,342.0,176.0,141.0,306.0,,371.0,Fourth Line,70,812.4,10,4,23,1998-10-30,SWE,SWE,72,180,2017,2,5,36,8480003.0
2022-2023,Jesper Bratt,NJD,F,19.0,326.0,77.0,,3.0,194.0,63.0,51.0,40.0,103.0,83.0,420.0,,80.0,Second Line,82,1424.1333333333,32,22,24,1998-07-30,SWE,SWE,70,175,2016,6,11,162,8479407.0
2022-2023,Jesper Fast,CAR,F,282.0,32.0,,6.0,55.0,7.0,427.0,267.0,368.0,155.0,146.0,175.0,,327.0,Third Line,80,1178.5166666667,10,6,30,1991-12-02,SWE,SWE,73,191,2010,6,7,157,8475855.0
2022-2023,Jesperi Kotkaniemi,CAR,F,214.0,38.0,213.0,,89.0,8.0,335.0,174.0,336.0,31.0,376.0,160.0,79.0,238.0,Third Line,82,1208.35,18,8,22,2000-07-06,FIN,FIN,74,201,2018,1,3,3,8480829.0
2022-2023,Jesse Puljujarvi,CAR,F,178.0,75.0,,,64.0,41.0,92.0,314.0,331.0,115.0,331.0,116.0,,264.0,Fourth Line,75,917.38333333333,5,6,24,1998-05-07,SWE,FIN,76,201,2016,1,4,4,8479344.0
2022-2023,Jesse Puljujarvi,EDM,F,178.0,75.0,,,64.0,41.0,92.0,314.0,331.0,115.0,331.0,116.0,,264.0,Fourth Line,75,917.38333333333,5,6,24,1998-05-07,SWE,FIN,76,201,2016,1,4,4,8479344.0
2022-2023,Jesse Ylonen,MTL,F,406.0,363.0,257.0,,438.0,392.0,401.0,281.0,360.0,278.0,92.0,409.0,,265.0,Fourth Line,37,497.53333333333,6,3,22,1999-10-03,USA,USA,73,188,2018,2,4,35,8481058.0
2022-2023,Jimmy Vesey,NYR,F,324.0,107.0,,13.0,166.0,151.0,230.0,358.0,378.0,332.0,157.0,178.0,,332.0,Third Line,81,1102.45,11,7,29,1993-05-26,USA,USA,75,202,2012,3,5,66,8476918.0
2022-2023,Joe Pavelski,DAL,F,74.0,53.0,31.0,,40.0,34.0,239.0,200.0,34.0,70.0,15.0,217.0,65.0,51.0,Second Line,82,1453.2666666667,28,24,38,1984-07-11,USA,USA,71,200,2003,7,8,205,8470794.0
2022-2023,Joe Veleno,DET,F,433.0,165.0,,,441.0,245.0,409.0,350.0,424.0,282.0,319.0,90.0,155.0,381.0,Fourth Line,81,1034.85,9,6,22,2000-01-13,CAN,CAN,73,203,2018,1,30,30,8480813.0
2022-2023,Joel Armia,MTL,F,340.0,323.0,273.0,182.0,319.0,356.0,159.0,319.0,393.0,262.0,355.0,172.0,,285.0,Third Line,43,642.68333333333,7,3,29,1993-05-31,FIN,FIN,75,216,2011,1,16,16,8476469.0
2022-2023,Joel Eriksson Ek,MIN,F,113.0,23.0,50.0,121.0,219.0,33.0,48.0,241.0,58.0,378.0,165.0,144.0,136.0,76.0,First Line,78,1481.5833333333,23,22,25,1997-01-29,SWE,SWE,75,207,2015,1,20,20,8478493.0
2022-2023,Joel Farabee,PHI,F,199.0,371.0,275.0,106.0,277.0,379.0,280.0,102.0,182.0,127.0,155.0,241.0,,190.0,Second Line,82,1394.8833333333,15,10,22,2000-02-25,USA,USA,72,183,2018,1,14,14,8480797.0
2022-2023,Joel Kiviranta,DAL,F,418.0,41.0,,49.0,348.0,27.0,331.0,391.0,435.0,327.0,374.0,83.0,,418.0,Fourth Line,70,850.8,8,0,26,1996-03-23,FIN,FIN,71,185,-,-,-,-,8481641.0
2022-2023,Joey Anderson,CHI,F,247.0,34.0,,161.0,250.0,32.0,275.0,125.0,325.0,324.0,3.0,215.0,,387.0,Fourth Line,38,444.5,6,3,24,1998-06-19,USA,USA,72,207,2016,3,12,73,8479315.0
2022-2023,Joey Anderson,TOR,F,247.0,34.0,,161.0,250.0,32.0,275.0,125.0,325.0,324.0,3.0,215.0,,387.0,Fourth Line,38,444.5,6,3,24,1998-06-19,USA,USA,72,207,2016,3,12,73,8479315.0
2022-2023,John Tavares,TOR,F,60.0,264.0,3.0,,80.0,214.0,64.0,77.0,126.0,71.0,332.0,197.0,8.0,23.0,Second Line,80,1412.5166666667,36,27,31,1990-09-20,CAN,CAN,73,216,2009,1,1,1,8475166.0
2022-2023,Johnny Gaudreau,CBJ,F,50.0,398.0,56.0,,100.0,337.0,128.0,121.0,11.0,185.0,27.0,448.0,,43.0,First Line,80,1553.45,21,30,29,1993-08-13,USA,USA,69,165,2011,4,13,104,8476346.0
2022-2023,Jonah Gadjovich,SJS,F,378.0,420.0,,,301.0,318.0,308.0,351.0,396.0,244.0,366.0,13.0,,444.0,Fringe,35,314.7,3,1,23,1998-10-12,CAN,CAN,74,209,2017,2,24,55,8479981.0
2022-2023,Jonatan Berggren,DET,F,354.0,246.0,111.0,,385.0,166.0,284.0,253.0,363.0,123.0,309.0,411.0,,245.0,Fourth Line,67,901.8,15,9,22,2000-07-16,SWE,SWE,71,197,2018,2,2,33,8481013.0
2022-2023,Jonathan Drouin,MTL,F,316.0,419.0,252.0,,290.0,416.0,379.0,425.0,107.0,175.0,310.0,330.0,144.0,242.0,Third Line,58,864.66666666667,2,14,27,1995-03-28,CAN,CAN,71,198,2013,1,3,3,8477494.0
2022-2023,Jonathan Huberdeau,CGY,F,90.0,279.0,81.0,,57.0,101.0,329.0,183.0,29.0,38.0,94.0,243.0,,83.0,Second Line,79,1332.2666666667,15,23,29,1993-06-04,CAN,CAN,73,200,2011,1,3,3,8476456.0
2022-2023,Jonathan Marchessault,VGK,F,57.0,211.0,38.0,,122.0,181.0,32.0,74.0,113.0,198.0,329.0,295.0,,68.0,Second Line,76,1302.6666666667,28,16,31,1990-12-27,CAN,CAN,69,183,-,-,-,-,8476539.0
2022-2023,Jonathan Toews,CHI,F,373.0,423.0,160.0,173.0,349.0,428.0,413.0,420.0,198.0,328.0,394.0,428.0,2.0,187.0,Second Line,53,938.66666666667,15,12,34,1988-04-29,CAN,CAN,74,201,2006,1,3,3,8473604.0
2022-2023,Jordan Eberle,SEA,F,92.0,111.0,218.0,,173.0,137.0,124.0,112.0,83.0,61.0,338.0,384.0,,126.0,Second Line,82,1368.1166666667,20,32,32,1990-05-15,CAN,CAN,71,190,2008,1,22,22,8474586.0
2022-2023,Jordan Greenway,BUF,F,356.0,135.0,,,350.0,131.0,197.0,383.0,313.0,325.0,393.0,96.0,,305.0,Third Line,62,837.3,6,2,25,1997-02-16,USA,USA,78,231,2015,2,20,50,8478413.0
2022-2023,Jordan Greenway,MIN,F,356.0,135.0,,,350.0,131.0,197.0,383.0,313.0,325.0,393.0,96.0,,305.0,Third Line,62,837.3,6,2,25,1997-02-16,USA,USA,78,231,2015,2,20,50,8478413.0
2022-2023,Jordan Kyrou,STL,F,51.0,414.0,68.0,,309.0,413.0,30.0,26.0,75.0,174.0,66.0,445.0,,46.0,First Line,79,1422.2833333333,37,24,24,1998-05-05,CAN,CAN,73,196,2016,2,5,35,8479385.0
2022-2023,Jordan Martinook,CAR,F,121.0,28.0,,95.0,74.0,9.0,114.0,263.0,84.0,100.0,410.0,162.0,,283.0,Second Line,82,1281.8833333333,13,15,30,1992-07-25,CAN,CAN,72,196,2012,2,28,58,8476921.0
2022-2023,Jordan Staal,CAR,F,182.0,37.0,,63.0,68.0,6.0,274.0,138.0,329.0,192.0,311.0,85.0,5.0,224.0,Second Line,81,1317.7166666667,17,7,33,1988-09-10,CAN,CAN,76,220,2006,1,2,2,8473533.0
2022-2023,Josh Anderson,MTL,F,183.0,406.0,232.0,138.0,279.0,433.0,113.0,68.0,316.0,253.0,382.0,103.0,,147.0,Second Line,69,1170.2333333333,21,7,28,1994-05-07,CAN,CAN,75,218,2012,4,4,95,8476981.0
2022-2023,Josh Archibald,PIT,F,331.0,20.0,,15.0,228.0,21.0,180.0,277.0,403.0,420.0,108.0,4.0,,400.0,Fourth Line,62,618.56666666667,6,2,29,1992-10-06,CAN,CAN,70,176,2011,6,23,174,8476326.0
2022-2023,Josh Bailey,NYI,F,301.0,434.0,179.0,78.0,217.0,394.0,426.0,280.0,184.0,104.0,247.0,436.0,,267.0,Third Line,64,968.5,8,12,32,1989-10-02,CAN,CAN,73,200,2008,1,9,9,8474573.0
2022-2023,Josh Leivo,STL,F,120.0,33.0,,,244.0,88.0,51.0,333.0,16.0,367.0,224.0,176.0,,317.0,Fourth Line,51,606.45,4,9,29,1993-05-26,CAN,CAN,74,192,2011,3,25,86,8476410.0
2022-2023,Jujhar Khaira,CHI,F,431.0,84.0,,128.0,424.0,96.0,372.0,374.0,425.0,402.0,398.0,39.0,81.0,364.0,Third Line,51,707.81666666667,6,4,28,1994-08-13,CAN,CAN,76,212,2012,3,2,63,8476915.0
2022-2023,Julien Gauthier,NYR,F,294.0,329.0,,,372.0,357.0,198.0,154.0,324.0,184.0,6.0,46.0,,410.0,Fringe,57,492.16666666667,9,3,24,1997-10-15,CAN,CAN,76,224,2016,1,21,21,8479328.0
2022-2023,Julien Gauthier,OTT,F,294.0,329.0,,,372.0,357.0,198.0,154.0,324.0,184.0,6.0,46.0,,410.0,Fringe,57,492.16666666667,9,3,24,1997-10-15,CAN,CAN,76,224,2016,1,21,21,8479328.0
2022-2023,Juraj Slafkovsky,MTL,F,432.0,259.0,269.0,,388.0,387.0,396.0,412.0,422.0,181.0,423.0,134.0,,363.0,Fourth Line,39,476.4,4,2,18,2004-03-30,SVK,SVK,75,238,2022,1,1,1,
2022-2023,Juuso Parssinen,NSH,F,288.0,201.0,187.0,,123.0,346.0,412.0,415.0,215.0,274.0,120.0,117.0,88.0,240.0,Third Line,45,645.0,6,9,21,2001-02-01,FIN,FIN,75,212,2019,7,24,210,8481704.0
2022-2023,Kaapo Kakko,NYR,F,233.0,133.0,248.0,,162.0,104.0,342.0,198.0,260.0,200.0,123.0,426.0,,250.0,Third Line,82,1255.1666666667,18,14,21,2001-02-13,FIN,FIN,74,206,2019,1,2,2,8481554.0
2022-2023,Kailer Yamamoto,EDM,F,267.0,130.0,,65.0,132.0,209.0,375.0,210.0,362.0,218.0,168.0,193.0,,233.0,Second Line,58,961.53333333333,10,7,23,1998-09-29,USA,USA,68,153,2017,1,22,22,8479977.0
2022-2023,Karson Kuhlman,SEA,F,383.0,132.0,,156.0,266.0,122.0,225.0,428.0,416.0,240.0,152.0,157.0,,411.0,Fourth Line,47,556.65,3,1,26,1995-09-26,USA,USA,70,184,-,-,-,-,8480901.0
2022-2023,Karson Kuhlman,WPG,F,383.0,132.0,,156.0,266.0,122.0,225.0,428.0,416.0,240.0,152.0,157.0,,411.0,Fourth Line,47,556.65,3,1,26,1995-09-26,USA,USA,70,184,-,-,-,-,8480901.0
2022-2023,Kasperi Kapanen,PIT,F,190.0,332.0,215.0,,296.0,315.0,168.0,257.0,92.0,314.0,240.0,146.0,,220.0,Third Line,66,903.15,15,14,26,1996-07-23,FIN,FIN,73,194,2014,1,22,22,8477953.0
2022-2023,Kasperi Kapanen,STL,F,190.0,332.0,215.0,,296.0,315.0,168.0,257.0,92.0,314.0,240.0,146.0,,220.0,Third Line,66,903.15,15,14,26,1996-07-23,FIN,FIN,73,194,2014,1,22,22,8477953.0
2022-2023,Keegan Kolesar,VGK,F,315.0,151.0,,,259.0,144.0,406.0,354.0,166.0,353.0,299.0,12.0,,386.0,Fourth Line,74,849.06666666667,8,10,25,1997-04-08,CAN,CAN,74,217,2015,3,8,69,8478434.0
2022-2023,Kent Johnson,CBJ,F,335.0,400.0,137.0,,383.0,389.0,352.0,337.0,192.0,18.0,182.0,439.0,,219.0,Third Line,79,1146.8,16,17,19,2002-10-18,CAN,CAN,72,175,2021,1,5,5,8482660.0
2022-2023,Kevin Fiala,LAK,F,26.0,368.0,45.0,,75.0,219.0,45.0,105.0,5.0,143.0,194.0,340.0,,37.0,Second Line,69,1214.0666666667,23,33,26,1996-07-22,CHE,CHE,70,204,2014,1,11,11,8477942.0
2022-2023,Kevin Hayes,PHI,F,140.0,372.0,221.0,,232.0,378.0,76.0,302.0,45.0,170.0,162.0,339.0,143.0,122.0,Second Line,81,1422.8166666667,18,26,30,1992-05-08,USA,USA,77,216,2010,1,24,24,8475763.0
2022-2023,Kevin Labanc,SJS,F,61.0,364.0,238.0,,12.0,328.0,212.0,145.0,26.0,270.0,433.0,221.0,,241.0,Third Line,72,1031.4833333333,15,13,26,1995-12-12,USA,USA,71,185,2014,6,21,171,8478099.0
2022-2023,Kevin Stenlund,WPG,F,414.0,18.0,,151.0,377.0,26.0,227.0,393.0,432.0,430.0,372.0,288.0,9.0,402.0,Fourth Line,54,628.83333333333,6,1,25,1996-09-20,SWE,SWE,77,215,2015,2,28,58,8478831.0
2022-2023,Kiefer Sherwood,NSH,F,177.0,308.0,250.0,,269.0,399.0,136.0,71.0,240.0,82.0,427.0,24.0,,226.0,Third Line,32,434.93333333333,7,3,27,1995-03-31,USA,USA,72,194,-,-,-,-,8480748.0
2022-2023,Kieffer Bellows,PHI,F,332.0,389.0,,,387.0,349.0,112.0,230.0,412.0,119.0,208.0,60.0,,359.0,Fourth Line,28,271.33333333333,3,0,24,1998-06-10,USA,USA,73,195,2016,1,19,19,8479356.0
2022-2023,Kieffer Bellows,NYI,F,332.0,389.0,,,387.0,349.0,112.0,230.0,412.0,119.0,208.0,60.0,,359.0,Fourth Line,28,271.33333333333,3,0,24,1998-06-10,USA,USA,73,195,2016,1,19,19,8479356.0
2022-2023,Kirby Dach,MTL,F,349.0,191.0,245.0,,342.0,313.0,333.0,331.0,305.0,161.0,342.0,313.0,177.0,170.0,First Line,58,1072.75,14,15,21,2001-01-21,CAN,CAN,76,212,2019,1,3,3,8481523.0
2022-2023,Kirill Kaprizov,MIN,F,46.0,101.0,14.0,,147.0,39.0,69.0,33.0,85.0,11.0,24.0,309.0,,9.0,First Line,67,1414.55,40,26,25,1997-04-26,RUS,RUS,70,202,2015,5,14,135,8478864.0
2022-2023,Kirill Marchenko,CBJ,F,221.0,235.0,93.0,,291.0,401.0,137.0,62.0,419.0,147.0,67.0,369.0,,149.0,Second Line,59,955.16666666667,21,4,22,2000-07-21,RUS,RUS,75,197,2018,2,18,49,8480893.0
2022-2023,Klim Kostin,EDM,F,266.0,293.0,,,336.0,178.0,357.0,104.0,306.0,204.0,144.0,22.0,,385.0,Fourth Line,57,573.38333333333,11,7,23,1999-05-05,RUS,RUS,75,215,2017,1,31,31,8480011.0
2022-2023,Kyle Connor,WPG,F,69.0,348.0,41.0,,111.0,347.0,85.0,37.0,185.0,42.0,261.0,406.0,,18.0,First Line,82,1683.4,31,31,25,1996-12-09,USA,USA,74,179,2015,1,17,17,8478398.0
2022-2023,Kyle Okposo,BUF,F,295.0,164.0,242.0,148.0,356.0,90.0,111.0,362.0,234.0,358.0,234.0,237.0,108.0,212.0,Third Line,75,1100.0666666667,11,8,34,1988-04-16,USA,USA,72,218,2006,1,7,7,8473449.0
2022-2023,Kyle Palmieri,NYI,F,98.0,367.0,162.0,,106.0,302.0,157.0,78.0,147.0,132.0,149.0,199.0,,158.0,Second Line,55,940.41666666667,16,12,31,1991-02-01,USA,USA,71,198,2009,1,26,26,8475151.0
2022-2023,Lane Pederson,CBJ,F,395.0,436.0,,,292.0,438.0,418.0,421.0,352.0,195.0,404.0,42.0,103.0,434.0,Fourth Line,27,322.01666666667,3,3,25,1997-08-04,CAN,CAN,72,192,-,-,-,-,8478967.0
2022-2023,Lane Pederson,VAN,F,395.0,436.0,,,292.0,438.0,418.0,421.0,352.0,195.0,404.0,42.0,103.0,434.0,Fourth Line,27,322.01666666667,3,3,25,1997-08-04,CAN,CAN,72,192,-,-,-,-,8478967.0
2022-2023,Lars Eller,COL,F,260.0,128.0,,64.0,220.0,99.0,223.0,317.0,253.0,375.0,379.0,201.0,53.0,275.0,Third Line,84,1242.5166666667,10,8,33,1989-05-08,DNK,DNK,74,205,2007,1,13,13,8474189.0
2022-2023,Lars Eller,WSH,F,260.0,128.0,,64.0,220.0,99.0,223.0,317.0,253.0,375.0,379.0,201.0,53.0,275.0,Third Line,84,1242.5166666667,10,8,33,1989-05-08,DNK,DNK,74,205,2007,1,13,13,8474189.0
2022-2023,Lawson Crouse,ARI,F,210.0,287.0,244.0,194.0,337.0,332.0,203.0,129.0,169.0,371.0,334.0,59.0,,151.0,Second Line,77,1367.25,24,13,25,1997-06-23,CAN,CAN,76,215,2015,1,11,11,8478474.0
2022-2023,Leon Draisaitl,EDM,F,55.0,380.0,1.0,,60.0,309.0,320.0,113.0,10.0,129.0,84.0,356.0,57.0,5.0,First Line,80,1738.7166666667,52,60,26,1995-10-27,DEU,DEU,74,208,2014,1,3,3,8477934.0
2022-2023,Liam Foudy,CBJ,F,352.0,413.0,,189.0,368.0,439.0,366.0,270.0,297.0,341.0,56.0,205.0,,409.0,Fourth Line,62,752.35,7,6,22,2000-02-04,CAN,CAN,74,188,2018,1,18,18,8480853.0
2022-2023,Liam O'Brien,ARI,F,442.0,304.0,,67.0,446.0,263.0,420.0,436.0,395.0,345.0,447.0,3.0,,437.0,Fourth Line,56,639.9,3,5,28,1994-07-29,CAN,CAN,73,213,-,-,-,-,8477070.0
2022-2023,Logan Brown,STL,F,413.0,255.0,280.0,,399.0,239.0,436.0,367.0,359.0,216.0,375.0,249.0,184.0,430.0,Fourth Line,30,312.1,2,2,24,1998-03-05,USA,USA,78,218,2016,1,11,11,8479366.0
2022-2023,Logan Couture,SJS,F,162.0,366.0,55.0,167.0,92.0,406.0,243.0,167.0,135.0,349.0,231.0,173.0,109.0,98.0,First Line,82,1568.7833333333,27,23,33,1989-03-28,CAN,CAN,73,206,2007,1,9,9,8474053.0
2022-2023,Logan O'Connor,COL,F,313.0,11.0,,33.0,364.0,22.0,257.0,343.0,172.0,397.0,212.0,149.0,,311.0,Third Line,82,1164.7666666667,9,11,26,1996-08-14,USA,USA,72,175,-,-,-,-,8481186.0
2022-2023,Lucas Raymond,DET,F,330.0,391.0,192.0,,302.0,385.0,299.0,229.0,370.0,256.0,28.0,354.0,,141.0,Second Line,74,1285.8166666667,17,12,20,2002-03-28,SWE,SWE,71,176,2020,1,4,4,8482078.0
2022-2023,Lukas Sedlak,COL,F,241.0,10.0,,139.0,333.0,40.0,154.0,262.0,243.0,354.0,274.0,67.0,116.0,278.0,Fourth Line,30,366.13333333333,3,3,29,1993-02-25,CZE,CZE,72,205,2011,6,7,158,8476310.0
2022-2023,Lukas Sedlak,PHI,F,241.0,10.0,,139.0,333.0,40.0,154.0,262.0,243.0,354.0,274.0,67.0,116.0,278.0,Fourth Line,30,366.13333333333,3,3,29,1993-02-25,CZE,CZE,72,205,2011,6,7,158,8476310.0
2022-2023,Luke Glendening,DAL,F,441.0,36.0,,52.0,427.0,86.0,365.0,429.0,445.0,419.0,226.0,78.0,6.0,394.0,Fourth Line,70,844.36666666667,3,0,33,1989-04-28,USA,USA,71,190,-,-,-,-,8476822.0
2022-2023,Luke Kunin,SJS,F,274.0,341.0,119.0,171.0,378.0,361.0,144.0,212.0,283.0,298.0,426.0,57.0,,239.0,Third Line,31,478.38333333333,5,5,24,1997-12-04,USA,USA,72,197,2016,1,15,15,8479316.0
2022-2023,MacKenzie Entwistle,CHI,F,448.0,231.0,274.0,,445.0,262.0,446.0,438.0,433.0,412.0,76.0,49.0,117.0,435.0,Fourth Line,66,786.51666666667,4,2,23,1999-07-14,CAN,CAN,75,184,2017,3,7,69,8480025.0
2022-2023,Marcus Foligno,MIN,F,300.0,51.0,268.0,38.0,280.0,37.0,399.0,228.0,247.0,390.0,383.0,25.0,,261.0,Third Line,65,974.4,7,7,31,1991-08-10,USA,CAN,75,226,2009,4,13,104,8475220.0
2022-2023,Marcus Johansson,MIN,F,299.0,232.0,164.0,,164.0,177.0,361.0,328.0,290.0,211.0,65.0,418.0,,216.0,Second Line,80,1319.2,19,17,31,1990-10-06,SWE,SWE,73,203,2009,1,24,24,8475149.0
2022-2023,Marcus Johansson,WSH,F,299.0,232.0,164.0,,164.0,177.0,361.0,328.0,290.0,211.0,65.0,418.0,,216.0,Second Line,80,1319.2,19,17,31,1990-10-06,SWE,SWE,73,203,2009,1,24,24,8475149.0
2022-2023,Mark Jankowski,NSH,F,387.0,187.0,,75.0,374.0,282.0,302.0,370.0,381.0,424.0,396.0,206.0,22.0,352.0,Fourth Line,50,621.98333333333,7,3,27,1994-09-13,CAN,CAN,76,212,2012,1,21,21,8476873.0
2022-2023,Mark Kastelic,OTT,F,265.0,74.0,,,334.0,221.0,120.0,131.0,407.0,446.0,446.0,14.0,7.0,404.0,Fringe,65,578.05,7,2,23,1999-03-11,USA,,75,233,2019,5,1,125,8480355.0
2022-2023,Mark Scheifele,WPG,F,176.0,302.0,88.0,,107.0,360.0,341.0,57.0,340.0,64.0,37.0,396.0,123.0,50.0,First Line,81,1658.7833333333,42,15,29,1993-03-15,CAN,CAN,75,198,2011,1,7,7,8476460.0
2022-2023,Mark Stone,VGK,F,53.0,26.0,75.0,9.0,90.0,109.0,210.0,80.0,36.0,113.0,80.0,374.0,,73.0,First Line,43,833.2,17,13,30,1992-05-13,CAN,CAN,75,217,2010,6,28,178,8475913.0
2022-2023,Martin Kaut,COL,F,341.0,167.0,271.0,,227.0,210.0,161.0,325.0,399.0,312.0,55.0,253.0,,405.0,Fourth Line,36,374.45,4,1,22,1999-10-02,CZE,CZE,74,190,2018,1,16,16,8480822.0
2022-2023,Martin Kaut,SJS,F,341.0,167.0,271.0,,227.0,210.0,161.0,325.0,399.0,312.0,55.0,253.0,,405.0,Fourth Line,36,374.45,4,1,22,1999-10-02,CZE,CZE,74,190,2018,1,16,16,8480822.0
2022-2023,Martin Necas,CAR,F,70.0,268.0,103.0,,61.0,100.0,102.0,249.0,47.0,66.0,153.0,320.0,131.0,97.0,First Line,82,1509.8,28,32,23,1999-01-15,CZE,CZE,74,189,2017,1,12,12,8480039.0
2022-2023,Mason Appleton,WPG,F,269.0,285.0,,188.0,120.0,179.0,252.0,403.0,286.0,302.0,63.0,235.0,,295.0,Second Line,41,656.78333333333,5,6,26,1996-01-15,USA,USA,75,197,2015,6,17,168,8478891.0
2022-2023,Mason Marchment,DAL,F,107.0,109.0,114.0,,124.0,95.0,106.0,172.0,93.0,265.0,135.0,129.0,,157.0,Second Line,68,1067.9833333333,12,13,27,1995-06-18,CAN,,76,210,-,-,-,-,8478975.0
2022-2023,Mason McTavish,ANA,F,289.0,433.0,44.0,,343.0,443.0,339.0,342.0,91.0,331.0,133.0,311.0,180.0,165.0,Third Line,80,1229.95,17,18,19,2003-01-30,CHE,CHE,72,213,2021,1,3,3,8482745.0
2022-2023,Mason Shaw,MIN,F,336.0,54.0,,41.0,395.0,36.0,87.0,278.0,358.0,385.0,359.0,86.0,,321.0,Fourth Line,59,666.13333333333,7,5,23,1998-11-03,CAN,CAN,70,184,2017,4,4,97,8479972.0
2022-2023,Mathew Barzal,NYI,F,89.0,266.0,105.0,,65.0,225.0,235.0,208.0,41.0,6.0,154.0,397.0,162.0,85.0,First Line,58,1085.5333333333,14,22,25,1997-05-26,CAN,CAN,73,190,2015,1,16,16,8478445.0
2022-2023,Mathieu Joseph,OTT,F,350.0,156.0,,43.0,214.0,136.0,392.0,439.0,228.0,320.0,85.0,118.0,,331.0,Third Line,56,785.36666666667,3,11,25,1997-02-09,CAN,CAN,73,187,2015,4,29,120,8478472.0
2022-2023,Mathieu Olivier,CBJ,F,343.0,284.0,,,327.0,440.0,298.0,375.0,176.0,441.0,440.0,28.0,,357.0,Fourth Line,66,767.6,5,7,25,1997-02-11,USA,USA,73,217,-,-,-,-,8479671.0
2022-2023,Matias Maccelli,ARI,F,286.0,385.0,236.0,,257.0,278.0,447.0,339.0,60.0,351.0,238.0,401.0,,191.0,Second Line,64,1003.6166666667,11,22,21,2000-10-14,FIN,FIN,71,176,2019,4,5,98,8481711.0
2022-2023,Mats Zuccarello,MIN,F,165.0,94.0,53.0,,136.0,117.0,314.0,284.0,38.0,17.0,86.0,381.0,,65.0,First Line,78,1575.1,22,30,35,1987-09-01,NOR,NOR,68,181,-,-,-,-,8475692.0
2022-2023,Matt Boldy,MIN,F,81.0,73.0,47.0,,199.0,52.0,58.0,32.0,261.0,203.0,269.0,329.0,,70.0,First Line,81,1498.4833333333,31,17,21,2001-04-05,USA,USA,74,201,2019,1,12,12,8481557.0
2022-2023,Matt Duchene,NSH,F,149.0,394.0,98.0,,109.0,331.0,221.0,147.0,140.0,56.0,111.0,402.0,73.0,79.0,First Line,71,1299.2333333333,22,18,31,1991-01-16,CAN,CAN,71,195,2009,1,3,3,8475168.0
2022-2023,Matt Martin,NYI,F,420.0,117.0,,,416.0,107.0,368.0,414.0,355.0,407.0,320.0,9.0,,414.0,Fourth Line,81,903.03333333333,7,8,33,1989-05-08,CAN,CAN,75,220,2008,5,27,148,8474709.0
2022-2023,Matt Nieto,SJS,F,319.0,328.0,,157.0,263.0,321.0,287.0,264.0,369.0,363.0,223.0,263.0,,354.0,Third Line,81,1095.5,12,4,29,1992-11-05,USA,USA,71,187,2011,2,17,47,8476442.0
2022-2023,Matt Nieto,COL,F,319.0,328.0,,157.0,263.0,321.0,287.0,264.0,369.0,363.0,223.0,263.0,,354.0,Third Line,81,1095.5,12,4,29,1992-11-05,USA,USA,71,187,2011,2,17,47,8476442.0
2022-2023,Matthew Tkachuk,FLA,F,3.0,290.0,10.0,,1.0,92.0,39.0,21.0,4.0,166.0,96.0,225.0,,8.0,First Line,79,1614.4333333333,40,39,24,1997-12-11,USA,USA,74,201,2016,1,6,6,8479314.0
2022-2023,Mattias Janmark,EDM,F,359.0,229.0,,131.0,312.0,130.0,391.0,409.0,262.0,202.0,322.0,415.0,,310.0,Third Line,66,967.81666666667,10,10,29,1992-12-08,SWE,SWE,73,205,2013,3,18,79,8477406.0
2022-2023,Matty Beniers,SEA,F,187.0,59.0,226.0,,233.0,81.0,297.0,90.0,207.0,67.0,5.0,256.0,183.0,124.0,Second Line,80,1367.3666666667,24,18,19,2002-11-05,USA,USA,74,178,2021,1,2,2,8482665.0
2022-2023,Max Comtois,ANA,F,353.0,446.0,259.0,,347.0,434.0,336.0,238.0,376.0,309.0,314.0,124.0,,312.0,Third Line,64,883.86666666667,9,5,23,1999-01-08,CAN,CAN,74,210,2017,2,19,50,
2022-2023,Max Domi,CHI,F,218.0,410.0,201.0,,252.0,405.0,343.0,386.0,46.0,98.0,418.0,410.0,44.0,156.0,Second Line,80,1421.6666666667,20,22,27,1995-03-02,CAN,CAN,70,194,2013,1,12,12,8477503.0
2022-2023,Max Domi,DAL,F,218.0,410.0,201.0,,252.0,405.0,343.0,386.0,46.0,98.0,418.0,410.0,44.0,156.0,Second Line,80,1421.6666666667,20,22,27,1995-03-02,CAN,CAN,70,194,2013,1,12,12,8477503.0
2022-2023,Max Jones,ANA,F,345.0,440.0,,,412.0,441.0,184.0,216.0,284.0,379.0,239.0,112.0,,343.0,Fourth Line,69,877.23333333333,9,4,24,1998-02-17,USA,USA,75,216,2016,1,24,24,8479368.0
2022-2023,Michael Amadio,VGK,F,186.0,61.0,,,170.0,158.0,278.0,81.0,222.0,191.0,210.0,272.0,,308.0,Fourth Line,67,818.23333333333,16,8,26,1996-05-13,CAN,CAN,73,204,2014,3,30,90,8478020.0
2022-2023,Michael Bunting,TOR,F,30.0,253.0,129.0,,18.0,234.0,125.0,61.0,25.0,43.0,200.0,211.0,,136.0,Second Line,82,1295.35,23,19,26,1995-09-17,CAN,CAN,72,192,2014,4,27,117,8478047.0
2022-2023,Michael Eyssimont,SJS,F,54.0,180.0,,,16.0,195.0,8.0,248.0,188.0,268.0,323.0,74.0,,279.0,Fourth Line,54,661.7,5,5,25,1996-09-09,USA,USA,72,180,2016,5,21,142,8479591.0
2022-2023,Michael Eyssimont,TBL,F,54.0,180.0,,,16.0,195.0,8.0,248.0,188.0,268.0,323.0,74.0,,279.0,Fourth Line,54,661.7,5,5,25,1996-09-09,USA,USA,72,180,2016,5,21,142,8479591.0
2022-2023,Michael Eyssimont,WPG,F,54.0,180.0,,,16.0,195.0,8.0,248.0,188.0,268.0,323.0,74.0,,279.0,Fourth Line,54,661.7,5,5,25,1996-09-09,USA,USA,72,180,2016,5,21,142,8479591.0
2022-2023,Michael McCarron,NSH,F,309.0,124.0,,144.0,276.0,275.0,166.0,286.0,361.0,431.0,428.0,27.0,24.0,388.0,Fourth Line,32,337.35,2,1,27,1995-03-07,USA,USA,78,232,2013,1,25,25,8477446.0
2022-2023,Michael McLeod,NJD,F,326.0,343.0,,58.0,171.0,277.0,367.0,430.0,230.0,444.0,245.0,98.0,3.0,392.0,Fourth Line,80,980.13333333333,4,12,24,1998-02-03,CAN,CAN,74,190,2016,1,12,12,8479415.0
2022-2023,Michael Pezzetta,MTL,F,201.0,427.0,,,381.0,348.0,167.0,170.0,98.0,233.0,437.0,1.0,,403.0,Fourth Line,63,587.31666666667,7,8,24,1998-03-13,CAN,CAN,73,210,2016,6,9,160,8479543.0
2022-2023,Michael Rasmussen,DET,F,276.0,126.0,,107.0,379.0,304.0,279.0,251.0,138.0,290.0,173.0,79.0,97.0,225.0,Third Line,56,845.46666666667,10,13,23,1999-04-17,CAN,CAN,78,211,2017,1,9,9,8479992.0
2022-2023,Mika Zibanejad,NYR,F,157.0,254.0,4.0,77.0,245.0,220.0,228.0,163.0,62.0,335.0,64.0,285.0,75.0,20.0,First Line,82,1636.9,39,32,29,1993-04-18,SWE,SWE,74,202,2011,1,6,6,8476459.0
2022-2023,Mikael Backlund,CGY,F,49.0,35.0,135.0,96.0,41.0,15.0,31.0,201.0,78.0,294.0,378.0,254.0,56.0,111.0,First Line,82,1489.3666666667,19,23,33,1989-03-17,SWE,SWE,72,206,2007,1,24,24,8474150.0
2022-2023,Mikael Granlund,NSH,F,358.0,249.0,133.0,53.0,152.0,319.0,433.0,423.0,295.0,183.0,117.0,242.0,121.0,180.0,Second Line,79,1406.95,10,20,30,1992-02-26,FIN,FIN,70,185,2010,1,9,9,8475798.0
2022-2023,Mikael Granlund,PIT,F,358.0,249.0,133.0,53.0,152.0,319.0,433.0,423.0,295.0,183.0,117.0,242.0,121.0,180.0,Second Line,79,1406.95,10,20,30,1992-02-26,FIN,FIN,70,185,2010,1,9,9,8475798.0
2022-2023,Mike Hoffman,MTL,F,357.0,402.0,124.0,,408.0,336.0,240.0,225.0,372.0,255.0,405.0,399.0,,153.0,Second Line,67,1050.1333333333,14,12,32,1989-11-24,CAN,CAN,72,190,2009,5,9,130,8474884.0
2022-2023,Mikko Rantanen,COL,F,35.0,123.0,15.0,,32.0,159.0,81.0,23.0,130.0,15.0,289.0,325.0,100.0,6.0,First Line,82,1822.3833333333,55,37,25,1996-10-29,FIN,FIN,76,215,2015,1,10,10,8478420.0
2022-2023,Milan Lucic,CGY,F,333.0,257.0,,,218.0,129.0,377.0,330.0,314.0,95.0,429.0,48.0,,397.0,Fourth Line,77,870.63333333333,7,9,34,1988-06-07,CAN,CAN,75,240,2006,2,20,50,8473473.0
2022-2023,Miles Wood,NJD,F,48.0,439.0,127.0,,91.0,364.0,12.0,137.0,70.0,340.0,308.0,128.0,,254.0,Fourth Line,76,920.13333333333,13,10,26,1995-09-13,USA,USA,74,195,2013,4,9,100,8477425.0
2022-2023,Mitch Marner,TOR,F,20.0,102.0,20.0,42.0,13.0,69.0,236.0,103.0,2.0,53.0,130.0,342.0,,14.0,First Line,80,1702.1,30,40,25,1997-05-05,CAN,CAN,72,181,2015,1,4,4,8478483.0
2022-2023,Morgan Barron,WPG,F,321.0,147.0,,68.0,293.0,186.0,146.0,326.0,341.0,373.0,365.0,80.0,,344.0,Fourth Line,70,928.0,8,9,23,1998-12-02,CAN,CAN,76,220,2017,6,19,174,8480289.0
2022-2023,Morgan Frost,PHI,F,229.0,159.0,264.0,,271.0,293.0,250.0,240.0,149.0,84.0,246.0,236.0,151.0,214.0,Second Line,81,1323.7833333333,19,14,23,1999-05-14,CAN,CAN,71,170,2017,1,27,27,8480028.0
2022-2023,Morgan Geekie,SEA,F,203.0,134.0,,153.0,243.0,184.0,291.0,279.0,89.0,65.0,236.0,229.0,74.0,337.0,Fourth Line,69,721.4,9,11,24,1998-07-20,CAN,CAN,75,200,2017,3,5,67,8479987.0
2022-2023,Nathan Bastian,NJD,F,184.0,121.0,170.0,17.0,226.0,114.0,169.0,123.0,196.0,427.0,313.0,31.0,,338.0,Fourth Line,43,534.73333333333,6,5,24,1997-12-06,CAN,CAN,76,205,2016,2,11,41,8479414.0
2022-2023,Nathan MacKinnon,COL,F,2.0,221.0,28.0,,27.0,207.0,5.0,22.0,1.0,22.0,16.0,343.0,166.0,2.0,First Line,71,1584.5333333333,42,42,27,1995-09-01,CAN,CAN,72,200,2013,1,1,1,8477492.0
2022-2023,Nathan Walker,STL,F,364.0,31.0,,,406.0,128.0,380.0,255.0,294.0,326.0,36.0,87.0,67.0,361.0,Fourth Line,56,575.9,2,4,28,1994-02-07,GBR,AUS,69,187,2014,3,29,89,8477573.0
2022-2023,Nazem Kadri,CGY,F,33.0,220.0,42.0,,53.0,142.0,21.0,136.0,22.0,92.0,17.0,231.0,135.0,53.0,Second Line,82,1411.1166666667,24,17,31,1990-10-06,CAN,CAN,72,185,2009,1,7,7,8475172.0
2022-2023,Nic Dowd,WSH,F,236.0,25.0,,92.0,268.0,59.0,388.0,92.0,274.0,448.0,254.0,70.0,19.0,273.0,Fourth Line,65,867.83333333333,13,8,32,1990-05-27,USA,USA,73,193,2009,7,17,198,8475343.0
2022-2023,Nick Bjugstad,ARI,F,244.0,170.0,,202.0,335.0,180.0,127.0,143.0,301.0,388.0,352.0,91.0,85.0,270.0,Second Line,78,1263.6333333333,17,7,30,1992-07-17,USA,USA,78,209,2010,1,19,19,8475760.0
2022-2023,Nick Bjugstad,EDM,F,244.0,170.0,,202.0,335.0,180.0,127.0,143.0,301.0,388.0,352.0,91.0,85.0,270.0,Second Line,78,1263.6333333333,17,7,30,1992-07-17,USA,USA,78,209,2010,1,19,19,8475760.0
2022-2023,Nick Bonino,PIT,F,311.0,248.0,267.0,132.0,330.0,343.0,328.0,204.0,263.0,394.0,391.0,404.0,77.0,302.0,Second Line,62,986.73333333333,10,7,34,1988-04-20,USA,USA,73,195,2007,6,22,173,8474009.0
2022-2023,Nick Bonino,SJS,F,311.0,248.0,267.0,132.0,330.0,343.0,328.0,204.0,263.0,394.0,391.0,404.0,77.0,302.0,Second Line,62,986.73333333333,10,7,34,1988-04-20,USA,USA,73,195,2007,6,22,173,8474009.0
2022-2023,Nick Cousins,FLA,F,217.0,230.0,,,141.0,259.0,201.0,313.0,231.0,229.0,42.0,177.0,,326.0,Fourth Line,79,871.01666666667,9,8,29,1993-07-20,CAN,CAN,71,192,2011,3,7,68,8476393.0
2022-2023,Nick Foligno,BOS,F,255.0,15.0,217.0,,318.0,19.0,292.0,329.0,120.0,414.0,381.0,38.0,,297.0,Fourth Line,60,741.96666666667,10,12,34,1987-10-31,USA,USA,72,210,2006,1,28,28,8473422.0
2022-2023,Nick Paul,TBL,F,323.0,223.0,240.0,140.0,211.0,235.0,273.0,310.0,365.0,370.0,167.0,181.0,49.0,255.0,Second Line,80,1292.7333333333,17,8,27,1995-03-20,CAN,CAN,75,223,2013,4,10,101,8477426.0
2022-2023,Nick Ritchie,ARI,F,243.0,405.0,181.0,,237.0,400.0,202.0,146.0,394.0,213.0,441.0,35.0,,243.0,Third Line,74,1002.5666666667,13,9,26,1995-12-05,CAN,CAN,75,236,2014,1,10,10,8477941.0
2022-2023,Nick Ritchie,CGY,F,243.0,405.0,181.0,,237.0,400.0,202.0,146.0,394.0,213.0,441.0,35.0,,243.0,Third Line,74,1002.5666666667,13,9,26,1995-12-05,CAN,CAN,75,236,2014,1,10,10,8477941.0
2022-2023,Nick Schmaltz,ARI,F,161.0,251.0,193.0,,195.0,296.0,354.0,133.0,63.0,264.0,128.0,440.0,,87.0,First Line,63,1241.6833333333,22,16,26,1996-02-23,USA,USA,72,181,2014,1,20,20,8477951.0
2022-2023,Nick Suzuki,MTL,F,317.0,381.0,171.0,163.0,320.0,390.0,383.0,303.0,177.0,223.0,79.0,323.0,138.0,95.0,First Line,82,1729.8333333333,26,25,23,1999-08-10,CAN,CAN,71,208,2017,1,13,13,8480018.0
2022-2023,Nicklas Backstrom,WSH,F,372.0,203.0,166.0,,313.0,244.0,432.0,440.0,131.0,134.0,388.0,377.0,98.0,178.0,Second Line,39,658.25,7,8,34,1987-11-23,SWE,SWE,73,202,2006,1,4,4,8473563.0
2022-2023,Nico Hischier,NJD,F,41.0,175.0,74.0,125.0,45.0,160.0,100.0,148.0,15.0,346.0,20.0,390.0,54.0,62.0,First Line,81,1562.4333333333,31,32,23,1999-01-04,CHE,CHE,73,175,2017,1,1,1,8480002.0
2022-2023,Nico Sturm,SJS,F,242.0,346.0,,117.0,240.0,358.0,192.0,194.0,337.0,417.0,228.0,145.0,27.0,315.0,Third Line,74,1090.0333333333,14,7,27,1995-05-03,DEU,DEU,75,209,-,-,-,-,8481477.0
2022-2023,Nicolas Aube-Kubel,TOR,F,284.0,193.0,,,298.0,82.0,209.0,306.0,258.0,405.0,435.0,53.0,,389.0,Fourth Line,53,601.66666666667,4,3,26,1996-05-10,CAN,CAN,72,207,2014,2,18,48,8477979.0
2022-2023,Nicolas Aube-Kubel,WSH,F,284.0,193.0,,,298.0,82.0,209.0,306.0,258.0,405.0,435.0,53.0,,389.0,Fourth Line,53,601.66666666667,4,3,26,1996-05-10,CAN,CAN,72,207,2014,2,18,48,8477979.0
2022-2023,Nicolas Deslauriers,PHI,F,434.0,169.0,,109.0,429.0,193.0,330.0,395.0,442.0,237.0,424.0,2.0,,424.0,Fourth Line,80,807.53333333333,6,1,31,1991-02-22,CAN,CAN,73,220,2009,3,23,84,8475235.0
2022-2023,Nicolas Roy,VGK,F,238.0,118.0,101.0,80.0,129.0,229.0,382.0,220.0,276.0,364.0,303.0,189.0,132.0,223.0,Second Line,65,1059.4,14,12,25,1997-02-05,CAN,CAN,76,202,2015,4,5,96,8478462.0
2022-2023,Nikita Alexandrov,STL,F,264.0,58.0,,,367.0,57.0,309.0,189.0,225.0,114.0,1.0,159.0,186.0,391.0,Fourth Line,28,274.76666666667,3,3,21,2000-09-16,DEU,DEU,73,177,-,-,-,-,8481543.0
2022-2023,Nikita Kucherov,TBL,F,22.0,444.0,6.0,,7.0,395.0,99.0,95.0,6.0,59.0,30.0,365.0,,7.0,First Line,82,1650.85,30,48,29,1993-06-17,RUS,RUS,71,181,2011,2,28,58,8476453.0
2022-2023,Nikolaj Ehlers,WPG,F,4.0,280.0,82.0,,30.0,243.0,6.0,35.0,3.0,47.0,4.0,327.0,,52.0,Second Line,45,704.16666666667,12,15,26,1996-02-14,DNK,DNK,72,169,2014,1,9,9,8477940.0
2022-2023,Nils Aman,VAN,F,440.0,245.0,,40.0,431.0,295.0,445.0,433.0,346.0,386.0,368.0,314.0,182.0,415.0,Fourth Line,68,863.75,4,7,22,2000-02-07,SWE,SWE,74,179,2020,6,12,167,8482496.0
2022-2023,Nils Hoglander,VAN,F,207.0,342.0,,,193.0,335.0,191.0,214.0,250.0,154.0,95.0,270.0,,301.0,Fourth Line,25,301.38333333333,3,4,21,2000-12-20,SWE,SWE,69,185,2019,2,9,40,8481535.0
2022-2023,Nino Niederreiter,NSH,F,71.0,174.0,234.0,,59.0,91.0,110.0,34.0,223.0,135.0,49.0,119.0,,145.0,Second Line,78,1270.3666666667,24,8,29,1992-09-08,CHE,CHE,74,218,2010,1,5,5,8475799.0
2022-2023,Nino Niederreiter,WPG,F,71.0,174.0,234.0,,59.0,91.0,110.0,34.0,223.0,135.0,49.0,119.0,,145.0,Second Line,78,1270.3666666667,24,8,29,1992-09-08,CHE,CHE,74,218,2010,1,5,5,8475799.0
2022-2023,Noah Cates,PHI,F,382.0,39.0,235.0,98.0,351.0,198.0,429.0,381.0,251.0,382.0,221.0,266.0,185.0,231.0,Second Line,82,1456.9166666667,13,14,23,1999-02-05,USA,USA,73,165,2017,5,13,137,8480220.0
2022-2023,Noah Gregor,SJS,F,164.0,431.0,,,234.0,444.0,24.0,134.0,277.0,338.0,260.0,110.0,,257.0,Fourth Line,57,739.51666666667,10,6,24,1998-07-28,CAN,CAN,72,190,2016,4,20,111,8479393.0
2022-2023,Noel Acciari,TOR,F,370.0,14.0,,72.0,371.0,126.0,303.0,233.0,414.0,393.0,75.0,29.0,46.0,266.0,Third Line,77,1102.0833333333,14,5,30,1991-12-01,USA,USA,70,209,-,-,-,-,8478569.0
2022-2023,Noel Acciari,STL,F,370.0,14.0,,72.0,371.0,126.0,303.0,233.0,414.0,393.0,75.0,29.0,46.0,266.0,Third Line,77,1102.0833333333,14,5,30,1991-12-01,USA,USA,70,209,-,-,-,-,8478569.0
2022-2023,Oliver Bjorkstrand,SEA,F,122.0,105.0,178.0,,272.0,222.0,65.0,100.0,148.0,153.0,115.0,290.0,,118.0,Second Line,81,1265.5,20,12,27,1995-04-10,DNK,DNK,72,175,2013,3,28,89,8477416.0
2022-2023,Oliver Wahlstrom,NYI,F,173.0,143.0,152.0,,223.0,165.0,49.0,117.0,270.0,5.0,409.0,113.0,,210.0,Fourth Line,35,425.8,7,2,22,2000-06-13,USA,USA,74,204,2018,1,11,11,8480789.0
2022-2023,Ondrej Palat,NJD,F,124.0,233.0,185.0,,35.0,138.0,282.0,222.0,105.0,116.0,127.0,168.0,,204.0,Second Line,49,761.23333333333,8,10,31,1991-03-28,CZE,CZE,72,194,2011,7,27,208,8476292.0
2022-2023,Oskar Lindblom,SJS,F,355.0,374.0,,,357.0,362.0,269.0,295.0,328.0,303.0,350.0,202.0,,382.0,Fourth Line,73,771.9,6,4,26,1996-08-15,SWE,SWE,73,191,2014,5,18,138,8478067.0
2022-2023,Oskar Sundqvist,DET,F,398.0,325.0,136.0,,418.0,314.0,428.0,349.0,275.0,283.0,100.0,187.0,,309.0,Third Line,67,928.96666666667,10,8,28,1994-03-23,SWE,SWE,75,220,2012,3,20,81,8476897.0
2022-2023,Oskar Sundqvist,MIN,F,398.0,325.0,136.0,,418.0,314.0,428.0,349.0,275.0,283.0,100.0,187.0,,309.0,Third Line,67,928.96666666667,10,8,28,1994-03-23,SWE,SWE,75,220,2012,3,20,81,8476897.0
2022-2023,Owen Tippett,PHI,F,100.0,131.0,158.0,,149.0,292.0,50.0,142.0,152.0,87.0,71.0,142.0,,125.0,Second Line,77,1341.9,27,11,23,1999-02-16,CAN,CAN,73,207,2017,1,10,10,8480015.0
2022-2023,Parker Kelly,OTT,F,429.0,91.0,,150.0,436.0,211.0,219.0,340.0,438.0,425.0,327.0,5.0,,407.0,Fourth Line,55,577.95,1,1,23,1999-05-14,CAN,CAN,72,190,-,-,-,-,8480448.0
2022-2023,Patrice Bergeron,BOS,F,14.0,2.0,37.0,31.0,4.0,3.0,4.0,53.0,157.0,45.0,102.0,261.0,1.0,39.0,Second Line,78,1356.55,27,16,37,1985-07-24,CAN,CAN,73,196,2003,2,15,45,8470638.0
2022-2023,Patrick Brown,OTT,F,402.0,166.0,,124.0,419.0,253.0,349.0,413.0,335.0,439.0,389.0,32.0,25.0,380.0,Fourth Line,61,694.03333333333,4,4,30,1992-05-29,USA,USA,73,210,-,-,-,-,8477887.0
2022-2023,Patrick Brown,PHI,F,402.0,166.0,,124.0,419.0,253.0,349.0,413.0,335.0,439.0,389.0,32.0,25.0,380.0,Fourth Line,61,694.03333333333,4,4,30,1992-05-29,USA,USA,73,210,-,-,-,-,8477887.0
2022-2023,Patrick Kane,CHI,F,194.0,445.0,99.0,,373.0,431.0,117.0,171.0,175.0,41.0,170.0,444.0,,40.0,First Line,73,1409.5333333333,21,20,33,1988-11-19,USA,USA,70,177,2007,1,1,1,8474141.0
2022-2023,Patrick Kane,NYR,F,194.0,445.0,99.0,,373.0,431.0,117.0,171.0,175.0,41.0,170.0,444.0,,40.0,First Line,73,1409.5333333333,21,20,33,1988-11-19,USA,USA,70,177,2007,1,1,1,8474141.0
2022-2023,Patrick Maroon,TBL,F,368.0,228.0,,,207.0,103.0,405.0,396.0,357.0,190.0,444.0,50.0,,429.0,Fourth Line,80,827.58333333333,5,4,34,1988-04-23,USA,USA,75,234,2007,6,10,161,8474034.0
2022-2023,Patrik Laine,CBJ,F,159.0,437.0,69.0,,241.0,408.0,176.0,119.0,117.0,83.0,259.0,376.0,,42.0,First Line,55,1051.65,22,18,24,1998-04-19,FIN,FIN,77,205,2016,1,2,2,8479339.0
2022-2023,Paul Cotter,VGK,F,307.0,409.0,,,362.0,427.0,259.0,43.0,429.0,207.0,58.0,36.0,,316.0,Fourth Line,55,705.48333333333,13,2,22,1999-11-16,USA,USA,74,212,2018,4,22,115,8481032.0
2022-2023,Paul Stastny,CAR,F,158.0,68.0,188.0,,23.0,48.0,326.0,199.0,206.0,51.0,272.0,403.0,32.0,272.0,Fourth Line,73,866.51666666667,9,6,36,1985-12-27,CAN,USA,72,193,2005,2,14,44,8471669.0
2022-2023,Pavel Buchnevich,STL,F,83.0,339.0,89.0,93.0,174.0,294.0,206.0,45.0,88.0,252.0,367.0,305.0,173.0,54.0,First Line,63,1225.5333333333,26,28,27,1995-04-17,RUS,RUS,73,196,2013,3,14,75,8477402.0
2022-2023,Pavel Zacha,BOS,F,193.0,357.0,169.0,3.0,121.0,251.0,334.0,185.0,179.0,149.0,281.0,279.0,114.0,167.0,Second Line,82,1316.5833333333,21,18,25,1997-04-06,CZE,CZE,76,199,2015,1,6,6,8478401.0
2022-2023,Peyton Krebs,BUF,F,422.0,358.0,254.0,,390.0,228.0,435.0,376.0,398.0,222.0,345.0,222.0,157.0,349.0,Third Line,74,1023.9,9,9,21,2001-01-26,CAN,CAN,72,187,2019,1,17,17,8481522.0
2022-2023,Phil Kessel,VGK,F,230.0,426.0,120.0,,265.0,430.0,156.0,250.0,248.0,177.0,417.0,443.0,,194.0,Fourth Line,82,1050.3166666667,14,9,34,1987-10-02,USA,USA,71,208,2006,1,5,5,8473548.0
2022-2023,Philip Tomasino,NSH,F,228.0,242.0,122.0,,322.0,237.0,276.0,417.0,20.0,118.0,14.0,262.0,,209.0,Second Line,31,483.41666666667,5,10,21,2001-07-28,CAN,CAN,72,179,2019,1,24,24,8481577.0
2022-2023,Philipp Kurashev,CHI,F,375.0,351.0,265.0,112.0,384.0,421.0,345.0,401.0,292.0,205.0,35.0,372.0,,299.0,Second Line,70,1219.4333333333,9,11,22,1999-10-12,CHE,CHE,72,190,2018,4,27,120,8480798.0
2022-2023,Phillip Danault,LAK,F,139.0,305.0,113.0,186.0,48.0,173.0,222.0,122.0,300.0,333.0,255.0,244.0,26.0,144.0,First Line,82,1502.65,18,20,29,1993-02-24,CAN,CAN,73,200,2011,1,26,26,8476479.0
2022-2023,Phillip Di Giuseppe,VAN,F,131.0,160.0,,34.0,158.0,125.0,26.0,82.0,289.0,384.0,425.0,122.0,,202.0,Third Line,30,437.13333333333,6,3,28,1993-10-09,CAN,CAN,72,193,2012,2,8,38,8476858.0
2022-2023,Pierre Engvall,NYI,F,114.0,291.0,278.0,,78.0,74.0,101.0,114.0,254.0,380.0,348.0,287.0,,259.0,Third Line,76,1036.4,17,8,26,1996-05-31,SWE,SWE,77,219,2014,7,8,188,8478115.0
2022-2023,Pierre Engvall,TOR,F,114.0,291.0,278.0,,78.0,74.0,101.0,114.0,254.0,380.0,348.0,287.0,,259.0,Third Line,76,1036.4,17,8,26,1996-05-31,SWE,SWE,77,219,2014,7,8,188,8478115.0
2022-2023,Pierre-Edouard Bellemare,TBL,F,400.0,172.0,,133.0,316.0,87.0,422.0,397.0,380.0,308.0,312.0,196.0,39.0,431.0,Fourth Line,73,823.65,4,8,37,1985-03-06,FRA,FRA,71,198,-,-,-,-,8477930.0
2022-2023,Pierre-Luc Dubois,WPG,F,172.0,215.0,58.0,,102.0,232.0,142.0,215.0,218.0,48.0,161.0,218.0,140.0,72.0,First Line,73,1346.9833333333,27,18,24,1998-06-24,CAN,CAN,76,214,2016,1,3,3,8479400.0
2022-2023,Pius Suter,DET,F,310.0,208.0,,30.0,358.0,250.0,285.0,164.0,320.0,239.0,202.0,398.0,125.0,262.0,Third Line,79,1110.8833333333,14,7,26,1996-05-24,CHE,CHE,71,179,-,-,-,-,8480459.0
2022-2023,Pontus Holmberg,TOR,F,258.0,78.0,,,345.0,53.0,431.0,283.0,52.0,146.0,39.0,251.0,167.0,372.0,Fourth Line,37,385.53333333333,5,6,23,1999-03-09,SWE,SWE,72,202,2018,6,1,156,8480995.0
2022-2023,Quinton Byfield,LAK,F,306.0,202.0,208.0,,230.0,68.0,370.0,424.0,119.0,193.0,416.0,259.0,,362.0,Third Line,53,745.38333333333,3,10,20,2002-08-19,CAN,CAN,77,220,2020,1,2,2,8482124.0
2022-2023,Radek Faksa,DAL,F,412.0,9.0,,44.0,380.0,17.0,400.0,382.0,374.0,410.0,415.0,158.0,41.0,335.0,Third Line,81,1111.3666666667,11,6,28,1994-01-09,CZE,CZE,75,225,2012,1,13,13,8476889.0
2022-2023,Rafael Harvey-Pinard,MTL,F,245.0,163.0,183.0,199.0,287.0,381.0,389.0,50.0,389.0,228.0,59.0,135.0,,109.0,Second Line,34,585.8,14,4,23,1999-01-06,CAN,CAN,69,181,2019,7,15,201,8481093.0
2022-2023,Rasmus Asplund,BUF,F,417.0,315.0,,,361.0,270.0,317.0,444.0,392.0,383.0,138.0,357.0,,383.0,Fourth Line,46,504.26666666667,2,2,24,1997-12-03,SWE,SWE,71,185,2016,2,3,33,8479335.0
2022-2023,Rasmus Asplund,NSH,F,417.0,315.0,,,361.0,270.0,317.0,444.0,392.0,383.0,138.0,357.0,,383.0,Fourth Line,46,504.26666666667,2,2,24,1997-12-03,SWE,SWE,71,185,2016,2,3,33,8479335.0
2022-2023,Rasmus Kupari,LAK,F,367.0,349.0,,164.0,238.0,224.0,416.0,437.0,237.0,28.0,256.0,131.0,90.0,433.0,Fourth Line,66,666.26666666667,3,8,22,2000-03-15,FIN,FIN,74,200,2018,1,20,20,8480845.0
2022-2023,Reese Johnson,CHI,F,447.0,286.0,,60.0,447.0,372.0,411.0,434.0,443.0,423.0,271.0,7.0,64.0,441.0,Fourth Line,57,627.65,4,1,24,1998-07-10,CAN,CAN,73,193,-,-,-,-,8481147.0
2022-2023,Reilly Smith,VGK,F,115.0,307.0,73.0,116.0,82.0,231.0,165.0,187.0,127.0,232.0,198.0,301.0,,110.0,Second Line,78,1323.6333333333,26,17,31,1991-04-01,CAN,CAN,73,185,2009,3,8,69,8475191.0
2022-2023,Rem Pitlick,MTL,F,394.0,448.0,277.0,,397.0,448.0,448.0,335.0,180.0,280.0,358.0,373.0,,334.0,Fourth Line,46,594.43333333333,6,6,25,1997-04-02,CAN,CAN,71,186,2016,3,15,76,8479514.0
2022-2023,Rickard Rakell,PIT,F,101.0,275.0,70.0,,44.0,274.0,79.0,127.0,291.0,27.0,143.0,174.0,,89.0,First Line,82,1511.9,28,13,29,1993-05-05,SWE,SWE,73,195,2011,1,30,30,8476483.0
2022-2023,Robby Fabbri,DET,F,419.0,387.0,118.0,,433.0,365.0,404.0,305.0,379.0,315.0,248.0,139.0,,172.0,Second Line,28,447.95,7,5,26,1996-01-22,CAN,CAN,71,185,2014,1,21,21,8477952.0
2022-2023,Robert Thomas,STL,F,205.0,292.0,130.0,84.0,186.0,376.0,438.0,324.0,33.0,158.0,229.0,438.0,71.0,120.0,First Line,73,1412.0666666667,18,30,23,1999-07-02,CAN,CAN,72,218,2017,1,20,20,8480023.0
2022-2023,Roope Hintz,DAL,F,17.0,129.0,30.0,11.0,38.0,70.0,86.0,9.0,37.0,58.0,201.0,289.0,70.0,32.0,Second Line,73,1281.7166666667,37,24,25,1996-11-17,FIN,FIN,75,215,2015,2,19,49,8478449.0
2022-2023,Ross Colton,TBL,F,88.0,205.0,191.0,,143.0,206.0,71.0,38.0,242.0,214.0,121.0,64.0,,232.0,Fourth Line,81,1000.45,16,10,25,1996-09-11,USA,USA,72,194,2016,4,27,118,8479525.0
2022-2023,Ryan Donato,SEA,F,99.0,95.0,,,323.0,113.0,56.0,54.0,125.0,112.0,190.0,200.0,,248.0,Fourth Line,71,799.05,14,9,26,1996-04-09,USA,USA,72,190,2014,2,26,56,8477987.0
2022-2023,Ryan Hartman,MIN,F,63.0,155.0,140.0,50.0,118.0,191.0,72.0,70.0,72.0,152.0,360.0,230.0,175.0,100.0,Second Line,59,961.58333333333,15,15,27,1994-09-20,USA,USA,72,197,2013,1,30,30,8477451.0
2022-2023,Ryan Johansen,NSH,F,337.0,299.0,87.0,,135.0,286.0,425.0,315.0,345.0,291.0,439.0,240.0,14.0,189.0,Second Line,55,865.78333333333,12,10,30,1992-07-31,CAN,CAN,75,218,2010,1,4,4,8475793.0
2022-2023,Ryan Lomberg,FLA,F,129.0,198.0,,,66.0,223.0,60.0,118.0,311.0,263.0,364.0,55.0,,340.0,Fourth Line,82,927.33333333333,12,5,27,1994-09-12,CAN,CAN,69,187,-,-,-,-,8479066.0
2022-2023,Ryan McLeod,EDM,F,222.0,196.0,243.0,46.0,165.0,31.0,356.0,202.0,211.0,169.0,297.0,326.0,122.0,318.0,Third Line,57,808.58333333333,11,9,22,1999-09-21,CAN,CAN,74,207,2018,2,9,40,8480802.0
2022-2023,Ryan Nugent-Hopkins,EDM,F,209.0,140.0,11.0,177.0,168.0,189.0,266.0,195.0,233.0,247.0,336.0,362.0,141.0,31.0,First Line,82,1623.7,37,28,29,1993-04-12,CAN,CAN,72,195,2011,1,1,1,8476454.0
2022-2023,Ryan O'Reilly,STL,F,216.0,88.0,156.0,165.0,163.0,242.0,307.0,178.0,241.0,399.0,137.0,425.0,11.0,129.0,Second Line,53,950.76666666667,16,8,31,1991-02-07,CAN,CAN,73,207,2009,2,3,33,8475158.0
2022-2023,Ryan O'Reilly,TOR,F,216.0,88.0,156.0,165.0,163.0,242.0,307.0,178.0,241.0,399.0,137.0,425.0,11.0,129.0,Second Line,53,950.76666666667,16,8,31,1991-02-07,CAN,CAN,73,207,2009,2,3,33,8475158.0
2022-2023,Ryan Poehling,PIT,F,251.0,69.0,,21.0,285.0,252.0,187.0,297.0,190.0,404.0,31.0,190.0,154.0,323.0,Fourth Line,53,623.85,7,5,23,1999-01-03,USA,USA,74,196,2017,1,25,25,8480068.0
2022-2023,Ryan Reaves,MIN,F,438.0,181.0,,,435.0,149.0,440.0,418.0,387.0,289.0,306.0,8.0,,438.0,Fourth Line,73,680.41666666667,5,5,35,1987-01-20,CAN,CAN,74,225,2005,5,31,156,8471817.0
2022-2023,Ryan Reaves,NYR,F,438.0,181.0,,,435.0,149.0,440.0,418.0,387.0,289.0,306.0,8.0,,438.0,Fourth Line,73,680.41666666667,5,5,35,1987-01-20,CAN,CAN,74,225,2005,5,31,156,8471817.0
2022-2023,Ryan Strome,ANA,F,292.0,447.0,198.0,,273.0,446.0,360.0,307.0,203.0,179.0,438.0,391.0,174.0,175.0,Second Line,82,1397.25,15,12,29,1993-07-11,CAN,CAN,73,191,2011,1,5,5,8476458.0
2022-2023,Saku Maenalanen,WPG,F,430.0,204.0,,2.0,434.0,202.0,324.0,387.0,405.0,392.0,125.0,58.0,,425.0,Fourth Line,64,661.25,4,2,28,1994-05-29,FIN,FIN,76,214,2013,5,4,125,8477357.0
2022-2023,Sam Bennett,FLA,F,25.0,288.0,91.0,24.0,5.0,254.0,17.0,93.0,64.0,74.0,363.0,89.0,142.0,90.0,Second Line,63,1096.6333333333,16,15,26,1996-06-20,CAN,CAN,73,195,2014,1,4,4,8477935.0
2022-2023,Sam Carrick,ANA,F,421.0,428.0,,195.0,432.0,445.0,300.0,344.0,421.0,421.0,387.0,54.0,104.0,406.0,Fourth Line,52,549.4,3,2,30,1992-02-04,CAN,CAN,72,200,2010,5,24,144,8475842.0
2022-2023,Sam Gagner,WPG,F,231.0,150.0,233.0,,294.0,152.0,129.0,247.0,278.0,277.0,324.0,414.0,,288.0,Fourth Line,48,584.25,8,4,33,1989-08-10,CAN,CAN,71,201,2007,1,6,6,8474040.0
2022-2023,Sam Lafferty,CHI,F,360.0,335.0,,57.0,386.0,316.0,304.0,357.0,280.0,418.0,188.0,76.0,105.0,319.0,Third Line,70,1022.6,12,8,27,1995-03-06,USA,USA,73,195,2014,4,23,113,8478043.0
2022-2023,Sam Lafferty,TOR,F,360.0,335.0,,57.0,386.0,316.0,304.0,357.0,280.0,418.0,188.0,76.0,105.0,319.0,Third Line,70,1022.6,12,8,27,1995-03-06,USA,USA,73,195,2014,4,23,113,8478043.0
2022-2023,Sam Reinhart,FLA,F,110.0,98.0,21.0,54.0,73.0,51.0,149.0,213.0,90.0,230.0,82.0,382.0,94.0,57.0,First Line,82,1622.05,31,24,26,1995-11-06,CAN,CAN,74,193,2014,1,2,2,8477933.0
2022-2023,Sam Steel,MIN,F,347.0,244.0,261.0,105.0,209.0,201.0,386.0,322.0,344.0,117.0,305.0,310.0,95.0,328.0,Third Line,65,972.45,10,7,24,1998-02-03,CAN,CAN,71,184,2016,1,30,30,8479351.0
2022-2023,Sammy Blais,NYR,F,386.0,226.0,279.0,,423.0,233.0,408.0,243.0,354.0,217.0,69.0,16.0,,348.0,Fourth Line,71,837.63333333333,9,6,26,1996-06-17,CAN,CAN,74,206,2014,6,26,176,8478104.0
2022-2023,Sammy Blais,STL,F,386.0,226.0,279.0,,423.0,233.0,408.0,243.0,354.0,217.0,69.0,16.0,,348.0,Fourth Line,71,837.63333333333,9,6,26,1996-06-17,CAN,CAN,74,206,2014,6,26,176,8478104.0
2022-2023,Scott Laughton,PHI,F,303.0,355.0,195.0,180.0,177.0,355.0,254.0,366.0,322.0,350.0,266.0,92.0,96.0,168.0,First Line,78,1426.2333333333,18,13,28,1994-05-30,CAN,CAN,73,190,2012,1,20,20,8476872.0
2022-2023,Sean Kuraly,CBJ,F,391.0,334.0,,118.0,370.0,419.0,281.0,369.0,390.0,445.0,430.0,43.0,76.0,284.0,Third Line,71,1070.2166666667,11,6,29,1993-01-20,USA,USA,74,213,2011,5,12,133,8476374.0
2022-2023,Sean Monahan,MTL,F,200.0,190.0,173.0,197.0,206.0,208.0,193.0,332.0,108.0,126.0,344.0,335.0,51.0,169.0,Second Line,25,434.18333333333,6,7,27,1994-10-12,CAN,CAN,74,196,2013,1,6,6,8477497.0
2022-2023,Sebastian Aho,CAR,F,27.0,176.0,48.0,8.0,28.0,80.0,84.0,25.0,73.0,86.0,174.0,317.0,93.0,45.0,First Line,75,1462.1666666667,36,24,25,1997-07-26,FIN,FIN,72,176,2015,2,5,35,8478427.0
2022-2023,Seth Jarvis,CAR,F,103.0,55.0,167.0,,39.0,25.0,151.0,98.0,210.0,50.0,60.0,258.0,,181.0,Second Line,82,1328.6833333333,14,16,20,2002-02-01,CAN,CAN,70,175,2020,1,13,13,8482093.0
2022-2023,Shane Pinto,OTT,F,256.0,209.0,139.0,,148.0,280.0,263.0,151.0,375.0,97.0,44.0,267.0,55.0,197.0,Second Line,82,1310.2666666667,20,6,21,2000-11-12,USA,USA,75,201,2019,2,1,32,8481596.0
2022-2023,Sheldon Dries,VAN,F,338.0,289.0,176.0,,355.0,359.0,135.0,268.0,391.0,221.0,176.0,115.0,107.0,298.0,Fourth Line,63,726.45,11,3,28,1994-04-23,USA,USA,69,180,-,-,-,-,8480326.0
2022-2023,Sidney Crosby,PIT,F,32.0,270.0,33.0,,15.0,255.0,94.0,69.0,24.0,8.0,244.0,319.0,47.0,15.0,First Line,82,1651.7666666667,33,36,35,1987-08-07,CAN,CAN,71,200,2005,1,1,1,8471675.0
2022-2023,Simon Holmstrom,NYI,F,389.0,62.0,,,203.0,156.0,434.0,272.0,418.0,160.0,74.0,435.0,,426.0,Fourth Line,50,554.86666666667,6,1,21,2001-05-24,SWE,SWE,74,205,2019,1,23,23,8481601.0
2022-2023,Sonny Milano,WSH,F,196.0,338.0,190.0,,150.0,271.0,353.0,196.0,168.0,25.0,242.0,363.0,,249.0,Fourth Line,64,826.05,11,10,26,1996-05-12,USA,USA,72,194,2014,1,16,16,8477947.0
2022-2023,Stefan Noesen,CAR,F,73.0,8.0,80.0,,11.0,2.0,133.0,309.0,28.0,9.0,150.0,127.0,,229.0,Fourth Line,78,961.93333333333,13,11,29,1993-02-12,USA,USA,73,205,2011,1,21,21,8476474.0
2022-2023,Steven Lorentz,SJS,F,293.0,186.0,,19.0,161.0,218.0,194.0,259.0,413.0,209.0,267.0,114.0,126.0,395.0,Fourth Line,80,946.66666666667,10,3,26,1996-04-13,CAN,CAN,76,206,2015,7,5,186,8478904.0
2022-2023,Steven Stamkos,TBL,F,65.0,407.0,19.0,,93.0,327.0,214.0,85.0,23.0,141.0,361.0,226.0,58.0,26.0,First Line,81,1540.6833333333,34,29,32,1990-02-07,CAN,CAN,72,182,2008,1,1,1,8474564.0
2022-2023,T.J. Oshie,WSH,F,305.0,99.0,106.0,,306.0,204.0,344.0,186.0,319.0,93.0,18.0,107.0,91.0,130.0,Second Line,58,969.96666666667,19,8,35,1986-12-23,USA,USA,72,187,2005,1,24,24,8471698.0
2022-2023,Tage Thompson,BUF,F,10.0,392.0,64.0,,85.0,404.0,11.0,10.0,12.0,21.0,178.0,321.0,179.0,17.0,First Line,78,1450.0333333333,47,27,24,1997-10-30,USA,USA,78,220,2016,1,26,26,8479420.0
2022-2023,Tanner Jeannot,NSH,F,280.0,240.0,,179.0,222.0,248.0,270.0,258.0,298.0,343.0,422.0,10.0,,274.0,Third Line,76,1083.2333333333,6,6,25,1997-05-29,CAN,CAN,74,208,-,-,-,-,8479661.0
2022-2023,Tanner Jeannot,TBL,F,280.0,240.0,,179.0,222.0,248.0,270.0,258.0,298.0,343.0,422.0,10.0,,274.0,Third Line,76,1083.2333333333,6,6,25,1997-05-29,CAN,CAN,74,208,-,-,-,-,8479661.0
2022-2023,Tanner Laczynski,PHI,F,446.0,40.0,,,448.0,111.0,415.0,426.0,446.0,299.0,172.0,167.0,82.0,445.0,Fourth Line,32,304.75,2,2,25,1997-06-01,USA,USA,73,190,2016,6,18,169,8479550.0
2022-2023,Taylor Hall,BOS,F,86.0,184.0,175.0,,101.0,115.0,73.0,242.0,51.0,60.0,139.0,359.0,,117.0,Second Line,61,971.68333333333,16,10,30,1991-11-14,CAN,CAN,73,210,2010,1,1,1,8475791.0
2022-2023,Taylor Raddysh,CHI,F,351.0,236.0,189.0,,359.0,276.0,295.0,236.0,383.0,286.0,195.0,184.0,,251.0,Second Line,78,1292.3,20,8,24,1998-02-18,CAN,CAN,75,198,2016,2,28,58,8479390.0
2022-2023,Teddy Blueger,PIT,F,327.0,89.0,,71.0,344.0,169.0,305.0,408.0,171.0,442.0,192.0,166.0,48.0,307.0,Fourth Line,63,813.31666666667,4,10,28,1994-08-15,LVA,LVA,72,185,2012,2,22,52,8476927.0
2022-2023,Teddy Blueger,VGK,F,327.0,89.0,,71.0,344.0,169.0,305.0,408.0,171.0,442.0,192.0,166.0,48.0,307.0,Fourth Line,63,813.31666666667,4,10,28,1994-08-15,LVA,LVA,72,185,2012,2,22,52,8476927.0
2022-2023,Teuvo Teravainen,CAR,F,174.0,185.0,63.0,10.0,79.0,43.0,211.0,360.0,122.0,54.0,385.0,431.0,,128.0,Second Line,68,1149.8,12,18,27,1994-09-11,FIN,FIN,71,191,2012,1,18,18,8476882.0
2022-2023,Tim St√ºtzle,OTT,F,105.0,243.0,51.0,160.0,56.0,300.0,220.0,120.0,146.0,39.0,32.0,183.0,161.0,41.0,First Line,78,1658.6666666667,39,30,20,2002-01-15,DEU,DEU,72,193,2020,1,3,3,8482116.0
2022-2023,Timo Meier,NJD,F,13.0,382.0,24.0,,24.0,312.0,3.0,30.0,74.0,133.0,180.0,133.0,,24.0,First Line,78,1512.2833333333,40,17,25,1996-10-08,CHE,CHE,73,220,2015,1,9,9,8478414.0
2022-2023,Timo Meier,SJS,F,13.0,382.0,24.0,,24.0,312.0,3.0,30.0,74.0,133.0,180.0,133.0,,24.0,First Line,78,1512.2833333333,40,17,25,1996-10-08,CHE,CHE,73,220,2015,1,9,9,8478414.0
2022-2023,Tom Wilson,WSH,F,235.0,321.0,60.0,45.0,284.0,370.0,242.0,206.0,194.0,19.0,414.0,47.0,,103.0,Second Line,33,581.36666666667,13,6,28,1994-03-29,CAN,CAN,76,220,2012,1,16,16,8476880.0
2022-2023,Tomas Hertl,SJS,F,136.0,375.0,72.0,,36.0,383.0,253.0,168.0,163.0,245.0,292.0,234.0,36.0,94.0,First Line,79,1523.2166666667,22,19,28,1993-11-12,CZE,CZE,75,215,2012,1,17,17,8476881.0
2022-2023,Tomas Nosek,BOS,F,379.0,122.0,,59.0,332.0,75.0,355.0,406.0,348.0,438.0,432.0,170.0,18.0,366.0,Fourth Line,66,828.46666666667,7,5,30,1992-09-01,CZE,CZE,75,205,-,-,-,-,8477931.0
2022-2023,Tomas Tatar,NJD,F,130.0,144.0,219.0,,29.0,46.0,185.0,135.0,259.0,242.0,284.0,275.0,,211.0,Third Line,82,1239.6,20,12,31,1990-12-01,SVK,SVK,70,173,2009,2,30,60,8475193.0
2022-2023,Tommy Novak,NSH,F,38.0,429.0,62.0,,70.0,447.0,249.0,44.0,7.0,35.0,21.0,441.0,171.0,101.0,Third Line,51,747.31666666667,17,17,25,1997-04-28,USA,USA,73,179,2015,3,24,85,8478438.0
2022-2023,Travis Boyd,ARI,F,405.0,347.0,262.0,203.0,398.0,425.0,441.0,227.0,388.0,306.0,184.0,348.0,170.0,268.0,Second Line,82,1355.4833333333,15,9,28,1993-09-14,USA,USA,72,190,2011,6,26,177,8476329.0
2022-2023,Travis Konecny,PHI,F,47.0,344.0,121.0,201.0,160.0,382.0,53.0,67.0,32.0,180.0,90.0,276.0,,47.0,First Line,60,1206.9833333333,31,23,25,1997-03-11,CAN,CAN,70,175,2015,1,24,24,8478439.0
2022-2023,Trent Frederic,BOS,F,170.0,43.0,,,225.0,42.0,123.0,91.0,195.0,374.0,341.0,108.0,,291.0,Fourth Line,79,941.5,17,6,24,1998-02-11,USA,USA,75,214,2016,1,29,29,8479365.0
2022-2023,Trevor Lewis,CGY,F,318.0,60.0,,56.0,324.0,49.0,82.0,416.0,310.0,163.0,330.0,69.0,152.0,347.0,Fourth Line,82,993.73333333333,9,7,35,1987-01-08,USA,USA,73,201,2006,1,17,17,8473453.0
2022-2023,Trevor Moore,LAK,F,91.0,272.0,110.0,166.0,97.0,157.0,46.0,308.0,69.0,238.0,171.0,260.0,,163.0,Second Line,59,1002.3166666667,10,14,27,1995-03-31,USA,USA,70,195,-,-,-,-,8479675.0
2022-2023,Trevor Zegras,ANA,F,127.0,443.0,128.0,,194.0,411.0,171.0,203.0,49.0,3.0,213.0,385.0,169.0,104.0,First Line,81,1525.0,23,24,21,2001-03-20,USA,USA,72,185,2019,1,9,9,8481533.0
2022-2023,Troy Terry,ANA,F,123.0,360.0,107.0,,190.0,367.0,172.0,111.0,65.0,145.0,13.0,446.0,,82.0,First Line,70,1355.75,23,22,24,1997-09-10,USA,USA,72,185,2015,5,27,148,8478873.0
2022-2023,Ty Dellandrea,DAL,F,339.0,199.0,,90.0,216.0,133.0,393.0,379.0,273.0,225.0,219.0,130.0,,345.0,Third Line,82,1164.4333333333,9,12,22,2000-07-21,CAN,CAN,73,195,2018,1,13,13,8480848.0
2022-2023,Tyler Bertuzzi,BOS,F,109.0,369.0,161.0,,86.0,344.0,140.0,234.0,116.0,171.0,104.0,257.0,,106.0,Second Line,50,824.41666666667,8,12,27,1995-02-24,CAN,CAN,73,186,2013,2,28,58,8477479.0
2022-2023,Tyler Bertuzzi,DET,F,109.0,369.0,161.0,,86.0,344.0,140.0,234.0,116.0,171.0,104.0,257.0,,106.0,Second Line,50,824.41666666667,8,12,27,1995-02-24,CAN,CAN,73,186,2013,2,28,58,8477479.0
2022-2023,Tyler Johnson,CHI,F,362.0,267.0,200.0,,417.0,339.0,258.0,304.0,334.0,235.0,369.0,194.0,,218.0,Second Line,56,927.71666666667,12,13,32,1990-07-29,USA,USA,68,185,-,-,-,-,8474870.0
2022-2023,Tyler Motte,NYR,F,197.0,50.0,,113.0,354.0,267.0,70.0,256.0,111.0,369.0,9.0,61.0,,237.0,Fourth Line,62,779.5,8,7,27,1995-03-10,USA,USA,70,192,2013,4,30,121,8477353.0
2022-2023,Tyler Motte,OTT,F,197.0,50.0,,113.0,354.0,267.0,70.0,256.0,111.0,369.0,9.0,61.0,,237.0,Fourth Line,62,779.5,8,7,27,1995-03-10,USA,USA,70,192,2013,4,30,121,8477353.0
2022-2023,Tyler Pitlick,STL,F,361.0,45.0,,,369.0,185.0,378.0,345.0,236.0,356.0,87.0,77.0,,396.0,Fourth Line,61,614.61666666667,7,7,30,1991-11-01,USA,USA,74,200,2010,2,1,31,8475752.0
2022-2023,Tyler Seguin,DAL,F,160.0,278.0,92.0,136.0,167.0,192.0,93.0,173.0,202.0,267.0,227.0,216.0,30.0,116.0,Second Line,76,1262.9333333333,21,15,30,1992-01-31,CAN,CAN,73,205,2010,1,2,2,8475794.0
2022-2023,Tyler Toffoli,CGY,F,52.0,171.0,35.0,,88.0,63.0,15.0,73.0,189.0,137.0,136.0,265.0,,61.0,Second Line,82,1362.1,34,19,30,1992-04-24,CAN,CAN,72,203,2010,2,17,47,8475726.0
2022-2023,Tyson Jost,BUF,F,302.0,90.0,,175.0,304.0,150.0,233.0,385.0,238.0,300.0,48.0,248.0,160.0,336.0,Fourth Line,71,940.3,7,8,24,1998-03-14,CAN,CAN,71,187,2016,1,10,10,8479370.0
2022-2023,Tyson Jost,MIN,F,302.0,90.0,,175.0,304.0,150.0,233.0,385.0,238.0,300.0,48.0,248.0,160.0,336.0,Fourth Line,71,940.3,7,8,24,1998-03-14,CAN,CAN,71,187,2016,1,10,10,8479370.0
2022-2023,Valeri Nichushkin,COL,F,78.0,67.0,131.0,88.0,72.0,60.0,66.0,244.0,100.0,138.0,41.0,224.0,,59.0,First Line,53,1074.3666666667,17,15,27,1995-03-04,RUS,RUS,76,210,2013,1,10,10,8477501.0
2022-2023,Vasily Podkolzin,VAN,F,344.0,168.0,,,305.0,147.0,301.0,276.0,366.0,99.0,163.0,161.0,,367.0,Fourth Line,39,461.66666666667,4,2,21,2001-06-24,RUS,RUS,73,190,2019,1,10,10,8481617.0
2022-2023,Victor Olofsson,BUF,F,189.0,359.0,138.0,,299.0,333.0,132.0,101.0,267.0,159.0,101.0,437.0,,139.0,Third Line,75,1076.6333333333,28,8,27,1995-07-18,SWE,SWE,71,181,2014,7,1,181,8478109.0
2022-2023,Viktor Arvidsson,LAK,F,44.0,295.0,23.0,,52.0,187.0,14.0,184.0,80.0,261.0,54.0,421.0,,81.0,Second Line,77,1316.4,26,25,29,1993-04-08,SWE,SWE,70,185,2014,4,22,112,8478042.0
2022-2023,Vincent Trocheck,NYR,F,116.0,192.0,46.0,20.0,110.0,161.0,150.0,265.0,68.0,250.0,347.0,84.0,29.0,93.0,First Line,82,1583.9,22,27,29,1993-07-11,USA,USA,71,184,2011,3,3,64,8476389.0
2022-2023,Vinnie Hinostroza,BUF,F,240.0,377.0,,,249.0,353.0,218.0,355.0,181.0,276.0,88.0,417.0,,294.0,Fourth Line,26,327.61666666667,2,5,28,1994-04-03,USA,USA,70,183,2012,6,18,169,8476994.0
2022-2023,Vitali Kravtsov,NYR,F,437.0,44.0,,,346.0,50.0,398.0,402.0,447.0,130.0,420.0,286.0,,422.0,Fourth Line,44,493.13333333333,4,2,22,1999-12-23,RUS,RUS,75,186,2018,1,9,9,8480833.0
2022-2023,Vitali Kravtsov,VAN,F,437.0,44.0,,,346.0,50.0,398.0,402.0,447.0,130.0,420.0,286.0,,422.0,Fourth Line,44,493.13333333333,4,2,22,1999-12-23,RUS,RUS,75,186,2018,1,9,9,8480833.0
2022-2023,Vladimir Tarasenko,NYR,F,133.0,383.0,61.0,,288.0,417.0,118.0,75.0,144.0,107.0,43.0,220.0,,74.0,Second Line,69,1159.2166666667,18,16,30,1991-12-13,RUS,RUS,73,228,2010,1,16,16,8475765.0
2022-2023,Vladimir Tarasenko,STL,F,133.0,383.0,61.0,,288.0,417.0,118.0,75.0,144.0,107.0,43.0,220.0,,74.0,Second Line,69,1159.2166666667,18,16,30,1991-12-13,RUS,RUS,73,228,2010,1,16,16,8475765.0
2022-2023,Vladislav Namestnikov,WPG,F,291.0,83.0,260.0,,213.0,84.0,267.0,282.0,333.0,196.0,241.0,153.0,,324.0,Fourth Line,77,972.06666666667,8,8,29,1992-11-22,RUS,RUS,72,179,2011,1,27,27,8476480.0
2022-2023,Vladislav Namestnikov,TBL,F,291.0,83.0,260.0,,213.0,84.0,267.0,282.0,333.0,196.0,241.0,153.0,,324.0,Fourth Line,77,972.06666666667,8,8,29,1992-11-22,RUS,RUS,72,179,2011,1,27,27,8476480.0
2022-2023,Wade Allison,PHI,F,325.0,48.0,,,295.0,366.0,190.0,153.0,401.0,329.0,392.0,30.0,,281.0,Fourth Line,60,773.68333333333,9,2,24,1997-10-14,CAN,CAN,74,205,2016,2,22,52,8479322.0
2022-2023,Walker Duehr,CGY,F,12.0,183.0,,,94.0,124.0,20.0,3.0,13.0,63.0,273.0,52.0,,252.0,Fourth Line,27,275.3,7,4,24,1997-11-23,USA,USA,74,210,-,-,-,-,8482652.0
2022-2023,Warren Foegele,EDM,F,80.0,72.0,,,125.0,54.0,67.0,106.0,104.0,206.0,222.0,140.0,,260.0,Fourth Line,67,851.01666666667,13,10,26,1996-04-01,CAN,CAN,74,198,2014,3,7,67,8477998.0
2022-2023,William Carrier,VGK,F,42.0,57.0,,,139.0,77.0,35.0,18.0,95.0,336.0,307.0,44.0,,228.0,Fourth Line,56,704.76666666667,16,8,27,1994-12-20,CAN,CAN,74,218,2013,2,27,57,8477478.0
2022-2023,William Karlsson,VGK,F,191.0,108.0,115.0,101.0,77.0,118.0,237.0,327.0,165.0,273.0,119.0,380.0,31.0,143.0,Second Line,82,1432.45,14,19,29,1993-01-08,SWE,SWE,72,190,2011,2,23,53,8476448.0
2022-2023,William Nylander,TOR,F,16.0,142.0,9.0,,22.0,258.0,16.0,36.0,54.0,32.0,145.0,434.0,,21.0,First Line,82,1520.45,40,27,26,1996-05-01,CAN,SWE,72,204,2014,1,8,8,8477939.0
2022-2023,Wyatt Johnston,DAL,F,118.0,301.0,142.0,,142.0,269.0,181.0,28.0,216.0,120.0,386.0,427.0,139.0,184.0,Third Line,82,1269.5,24,10,19,2003-05-14,CAN,CAN,73,185,2021,1,23,23,8482740.0
2022-2023,Yakov Trenin,NSH,F,279.0,276.0,,37.0,307.0,176.0,130.0,223.0,353.0,400.0,390.0,73.0,,286.0,Third Line,77,1166.3,12,9,25,1997-01-13,RUS,RUS,74,201,2015,2,25,55,8478508.0
2022-2023,Yanni Gourde,SEA,F,185.0,42.0,,27.0,180.0,61.0,290.0,311.0,66.0,201.0,186.0,203.0,110.0,155.0,Second Line,81,1387.8833333333,14,17,30,1991-12-15,CAN,CAN,69,174,-,-,-,-,8476826.0
2022-2023,Yegor Chinakhov,CBJ,F,380.0,319.0,266.0,,394.0,402.0,213.0,348.0,384.0,131.0,304.0,233.0,,296.0,Fourth Line,30,397.56666666667,4,4,21,2001-02-01,RUS,RUS,73,204,2020,1,21,21,8482475.0
2022-2023,Yegor Sharangovich,NJD,F,166.0,345.0,,82.0,126.0,261.0,126.0,169.0,246.0,78.0,253.0,416.0,,221.0,Third Line,75,1081.3666666667,13,11,24,1998-06-06,BLR,BLR,74,196,2018,5,17,141,8481068.0
2022-2023,Zach Aston-Reese,TOR,F,381.0,27.0,,22.0,375.0,44.0,261.0,274.0,406.0,403.0,357.0,40.0,,368.0,Fourth Line,77,841.43333333333,10,2,28,1994-08-10,USA,USA,73,205,-,-,-,-,
2022-2023,Zach Hyman,EDM,F,29.0,320.0,29.0,,31.0,266.0,52.0,84.0,50.0,90.0,114.0,271.0,,38.0,First Line,79,1591.9,36,27,30,1992-06-09,CAN,CAN,73,211,2010,5,3,123,8475786.0
2022-2023,Zach Parise,NYI,F,198.0,214.0,222.0,86.0,172.0,322.0,152.0,180.0,232.0,307.0,262.0,246.0,,177.0,Second Line,82,1323.6166666667,21,10,38,1984-07-28,USA,USA,71,195,2003,1,17,17,8470610.0
2022-2023,Zack Kassian,ARI,F,443.0,438.0,,,439.0,363.0,444.0,443.0,430.0,344.0,443.0,109.0,,447.0,Fourth Line,51,467.0,2,0,31,1991-01-24,CAN,CAN,75,211,2009,1,13,13,8475178.0
2022-2023,Zack MacEwen,PHI,F,424.0,225.0,,,404.0,285.0,215.0,419.0,437.0,301.0,413.0,34.0,,420.0,Fourth Line,56,648.15,4,1,26,1996-07-08,CAN,CAN,75,205,-,-,-,-,8479772.0
2022-2023,Zack MacEwen,LAK,F,424.0,225.0,,,404.0,285.0,215.0,419.0,437.0,301.0,413.0,34.0,,420.0,Fourth Line,56,648.15,4,1,26,1996-07-08,CAN,CAN,75,205,-,-,-,-,8479772.0
2022-2023,Zemgus Girgensons,BUF,F,369.0,22.0,,147.0,402.0,24.0,208.0,266.0,420.0,372.0,110.0,154.0,,322.0,Fourth Line,80,1038.15,10,4,28,1994-01-05,LVA,LVA,74,200,2012,1,14,14,8476878.0
