Season,Player,Team,Position,evo_rank,evd_rank,ppl_rank,pkl_rank,oio_rank,oid_rank,sht_rank,scr_rank,zon_rank,plm_rank,pen_rank,phy_rank,fof_rank,fan_rank,Role,GP,TOI,Goals,First Assists,Age,Date of Birth,Birth Country,Nationality,Height (in),Weight (lbs),Draft Year,Draft Round,Round Pick,Overall Draft Position,Contract Years,Cap Hit
2019-2020,Adam Erne,DET,F,398.0,103.0,,,410.0,53.0,286.0,386.0,303.0,397.0,328.0,29.0,,396.0,Bottom 6,56,661.68333333333,2,3,30,1995-04-20,USA,USA,73,212,2013,2,3,33,,
2019-2020,Adam Gaudette,VAN,F,327.0,377.0,189.0,,351.0,397.0,322.0,231.0,34.0,277.0,269.0,250.0,142.0,309.0,Bottom 6,59,730.63333333333,12,7,28,1996-10-03,USA,USA,73,194,2015,5,28,149,,
2019-2020,Adam Henrique,ANA,F,167.0,237.0,116.0,167.0,265.0,309.0,199.0,80.0,203.0,190.0,213.0,254.0,34.0,130.0,Second Line,71,1197.5666666667,26,11,35,1990-02-06,CAN,CAN,72,195,2008,3,21,82,,
2019-2020,Adam Lowry,WPG,F,374.0,64.0,,42.0,337.0,103.0,349.0,360.0,401.0,395.0,149.0,39.0,10.0,307.0,Bottom 6,49,733.11666666667,4,3,32,1993-03-29,USA,USA,78,208,2011,3,6,67,,
2019-2020,Adrian Kempe,LAK,F,277.0,191.0,131.0,157.0,125.0,80.0,189.0,272.0,125.0,191.0,319.0,196.0,117.0,220.0,Second Line,69,1104.8333333333,11,14,28,1996-09-13,SWE,SWE,74,200,2014,1,29,29,,
2019-2020,Aleksander Barkov,FLA,F,77.0,261.0,56.0,96.0,124.0,316.0,174.0,107.0,237.0,28.0,14.0,423.0,23.0,22.0,First Line,66,1320.9833333333,20,22,29,1995-09-02,FIN,FIN,75,215,2013,1,2,2,,
2019-2020,Alex Chiasson,EDM,F,353.0,283.0,214.0,208.0,296.0,254.0,290.0,146.0,224.0,234.0,373.0,199.0,,228.0,Bottom 6,65,853.03333333333,11,7,34,1990-10-01,CAN,CAN,76,208,2009,2,8,38,,
2019-2020,Alex DeBrincat,CHI,F,78.0,409.0,53.0,,247.0,396.0,34.0,37.0,61.0,99.0,66.0,347.0,,67.0,Second Line,70,1224.5666666667,18,19,27,1997-12-18,USA,USA,68,178,2016,2,9,39,,
2019-2020,Alex Galchenyuk,"MIN, PIT",F,251.0,334.0,62.0,,273.0,306.0,117.0,178.0,35.0,84.0,279.0,246.0,201.0,179.0,Bottom 6,59,725.75,8,12,31,1994-02-12,USA,USA,73,194,2012,1,3,3,,
2019-2020,Alex Iafallo,LAK,F,286.0,145.0,217.0,166.0,261.0,184.0,267.0,248.0,298.0,203.0,206.0,289.0,,163.0,First Line,70,1324.9333333333,17,16,31,1993-12-21,USA,USA,72,200,-,-,-,-,,
2019-2020,Alex Killorn,TBL,F,79.0,179.0,120.0,55.0,121.0,64.0,222.0,86.0,264.0,151.0,331.0,243.0,,148.0,Second Line,68,1218.9166666667,26,12,35,1989-09-14,CAN,CAN,73,194,2007,3,16,77,,
2019-2020,Alex Nylander,CHI,F,133.0,421.0,212.0,,183.0,413.0,260.0,242.0,354.0,196.0,173.0,362.0,,308.0,Bottom 6,65,788.78333333333,10,9,27,1998-03-02,CAN,CAN,73,192,2016,1,8,8,,
2019-2020,Alex Ovechkin,WSH,F,7.0,425.0,42.0,,229.0,399.0,2.0,2.0,88.0,126.0,251.0,97.0,,5.0,First Line,68,1404.1166666667,48,13,39,1985-09-17,RUS,RUS,75,238,2004,1,1,1,,
2019-2020,Alex Tuch,VGK,F,131.0,52.0,81.0,,252.0,69.0,54.0,165.0,139.0,155.0,24.0,169.0,,139.0,Bottom 6,42,614.06666666667,8,6,29,1996-05-10,USA,USA,76,219,2014,1,18,18,,
2019-2020,Alexander Kerfoot,TOR,F,231.0,141.0,165.0,,141.0,162.0,354.0,227.0,134.0,141.0,326.0,312.0,75.0,209.0,Bottom 6,65,960.0,9,11,30,1994-08-11,CAN,CAN,71,186,2012,5,29,150,,
2019-2020,Alexander Radulov,DAL,F,130.0,120.0,39.0,,48.0,198.0,94.0,93.0,14.0,73.0,407.0,271.0,,50.0,Second Line,60,1004.5166666667,15,11,39,1986-07-05,RUS,RUS,73,200,2004,1,15,15,,
2019-2020,Alexander Steen,STL,F,288.0,16.0,242.0,41.0,232.0,24.0,295.0,321.0,327.0,249.0,51.0,316.0,,206.0,Bottom 6,55,771.86666666667,7,6,41,1984-03-01,CAN,SWE,72,211,2002,1,24,24,,
2019-2020,Alexander Wennberg,CBJ,F,388.0,136.0,170.0,16.0,77.0,135.0,434.0,428.0,210.0,209.0,158.0,397.0,107.0,294.0,Second Line,57,950.91666666667,5,7,30,1994-09-22,SWE,SWE,74,190,2013,1,14,14,,
2019-2020,Alexandre Texier,CBJ,F,270.0,165.0,,,319.0,97.0,314.0,229.0,153.0,317.0,311.0,320.0,,333.0,Bottom 6,36,458.93333333333,6,4,25,1999-09-13,FRA,FRA,73,186,2017,2,14,45,,
2019-2020,Anders Bjork,BOS,F,307.0,41.0,,,243.0,26.0,369.0,267.0,46.0,274.0,266.0,275.0,,329.0,Bottom 6,58,749.98333333333,9,5,28,1996-08-05,USA,USA,72,190,2014,5,26,146,,
2019-2020,Anders Lee,NYI,F,103.0,354.0,98.0,,110.0,388.0,68.0,61.0,167.0,180.0,307.0,176.0,,75.0,First Line,68,1244.15,20,13,35,1990-07-03,USA,USA,75,235,2009,6,1,152,,
2019-2020,Andre Burakovsky,COL,F,62.0,304.0,232.0,,107.0,340.0,201.0,66.0,185.0,117.0,193.0,333.0,,166.0,Bottom 6,58,881.63333333333,20,14,30,1995-02-09,AUT,SWE,75,209,2013,1,23,23,,
2019-2020,Andreas Athanasiou,"DET, EDM",F,177.0,412.0,99.0,,402.0,389.0,47.0,105.0,141.0,162.0,33.0,344.0,190.0,123.0,Second Line,55,871.45,11,9,30,1994-08-06,CAN,CAN,74,190,2012,4,19,110,,
2019-2020,Andreas Johnsson,TOR,F,124.0,303.0,181.0,,27.0,333.0,212.0,138.0,64.0,154.0,291.0,245.0,,182.0,Second Line,43,677.45,8,7,30,1994-11-21,SWE,SWE,70,195,2013,7,21,202,,
2019-2020,Andrei Svechnikov,CAR,F,71.0,345.0,179.0,,4.0,241.0,58.0,82.0,225.0,139.0,422.0,130.0,,105.0,Second Line,68,1138.1833333333,24,17,25,2000-03-26,RUS,RUS,74,195,2018,1,2,2,,
2019-2020,Andrew Agozzino,"ANA, PIT",F,395.0,3.0,,,326.0,2.0,440.0,415.0,183.0,188.0,275.0,77.0,147.0,437.0,Fringe,22,161.81666666667,1,2,34,1991-01-03,CAN,CAN,70,187,-,-,-,-,,
2019-2020,Andrew Cogliano,DAL,F,325.0,219.0,,53.0,266.0,192.0,323.0,417.0,395.0,219.0,270.0,160.0,,362.0,Bottom 6,68,848.1,3,9,38,1987-06-14,CAN,CAN,70,179,2005,1,25,25,,
2019-2020,Andrew Copp,WPG,F,253.0,161.0,267.0,45.0,227.0,111.0,296.0,287.0,319.0,296.0,63.0,214.0,43.0,244.0,Second Line,63,1114.8666666667,10,9,31,1994-07-08,USA,USA,73,199,2013,4,13,104,,
2019-2020,Andrew Mangiapane,CGY,F,92.0,49.0,,,151.0,41.0,175.0,100.0,312.0,253.0,216.0,175.0,,259.0,Bottom 6,68,931.66666666667,17,12,29,1996-04-04,CAN,CAN,70,184,2015,6,15,166,,
2019-2020,Andrew Shaw,CHI,F,115.0,379.0,154.0,,26.0,380.0,172.0,213.0,145.0,135.0,398.0,55.0,81.0,174.0,Bottom 6,26,375.9,3,3,33,1991-07-20,CAN,CAN,71,182,2011,5,18,139,,
2019-2020,Anthony Beauvillier,NYI,F,175.0,365.0,144.0,,254.0,362.0,186.0,121.0,186.0,261.0,34.0,203.0,,171.0,Second Line,68,1173.6833333333,18,15,28,1997-06-08,CAN,CAN,71,180,2015,1,28,28,,
2019-2020,Anthony Cirelli,TBL,F,189.0,32.0,247.0,112.0,178.0,43.0,352.0,183.0,390.0,124.0,22.0,206.0,129.0,178.0,First Line,68,1255.35,16,19,27,1997-07-15,CAN,CAN,72,189,2015,3,11,72,,
2019-2020,Anthony Duclair,OTT,F,76.0,376.0,115.0,171.0,188.0,404.0,53.0,47.0,54.0,212.0,68.0,292.0,,133.0,Second Line,66,1073.2166666667,23,12,29,1995-08-26,CAN,CAN,71,197,2013,3,19,80,,
2019-2020,Anthony Mantha,DET,F,55.0,209.0,65.0,,109.0,141.0,33.0,49.0,72.0,59.0,282.0,230.0,,46.0,First Line,43,812.41666666667,16,15,30,1994-09-16,CAN,CAN,77,234,2013,1,20,20,,
2019-2020,Antoine Roussel,VAN,F,195.0,266.0,265.0,192.0,212.0,312.0,280.0,240.0,168.0,148.0,435.0,107.0,,278.0,Bottom 6,41,485.21666666667,7,3,35,1989-11-21,FRA,FRA,71,200,-,-,-,-,,
2019-2020,Antti Suomela,SJS,F,236.0,249.0,,,152.0,258.0,250.0,398.0,184.0,163.0,294.0,171.0,131.0,360.0,Bottom 6,20,193.76666666667,1,2,31,1994-03-17,FIN,FIN,72,180,-,-,-,-,,
2019-2020,Anze Kopitar,LAK,F,221.0,199.0,52.0,89.0,164.0,249.0,341.0,150.0,349.0,56.0,52.0,367.0,12.0,54.0,First Line,70,1472.8,21,23,37,1987-08-24,SVN,SVN,75,225,2005,1,11,11,,
2019-2020,Artem Anisimov,OTT,F,209.0,381.0,92.0,164.0,242.0,421.0,160.0,85.0,129.0,303.0,208.0,430.0,89.0,187.0,Bottom 6,49,678.58333333333,15,4,37,1988-05-24,RUS,RUS,76,199,2006,2,24,54,,
2019-2020,Artemi Panarin,NYR,F,9.0,382.0,48.0,,8.0,259.0,80.0,43.0,21.0,5.0,83.0,428.0,,17.0,First Line,69,1421.6666666667,32,35,33,1991-10-30,RUS,RUS,72,173,-,-,-,-,,
2019-2020,Artturi Lehkonen,MTL,F,81.0,102.0,280.0,82.0,99.0,56.0,102.0,279.0,173.0,226.0,148.0,140.0,,200.0,Bottom 6,70,1079.95,13,11,30,1995-07-04,FIN,FIN,71,179,2013,2,25,55,,
2019-2020,Austin Wagner,LAK,F,198.0,269.0,,,328.0,177.0,97.0,175.0,226.0,361.0,267.0,30.0,,356.0,Bottom 6,65,763.28333333333,6,2,28,1997-06-23,CAN,CAN,73,195,2015,4,8,99,,
2019-2020,Austin Watson,NSH,F,373.0,105.0,,13.0,422.0,248.0,320.0,235.0,439.0,339.0,401.0,27.0,,258.0,Bottom 6,53,615.86666666667,6,4,33,1992-01-13,USA,USA,76,204,2010,1,18,18,,
2019-2020,Auston Matthews,TOR,F,2.0,216.0,4.0,,44.0,360.0,7.0,3.0,27.0,55.0,50.0,404.0,35.0,4.0,First Line,70,1467.8666666667,47,19,27,1997-09-17,USA,USA,75,208,2016,1,1,1,,
2019-2020,Barclay Goodrow,"SJS, TBL",F,328.0,5.0,,137.0,245.0,35.0,342.0,357.0,257.0,362.0,369.0,67.0,51.0,276.0,Second Line,70,1114.8166666667,8,9,32,1993-02-26,CAN,CAN,74,204,-,-,-,-,,
2019-2020,Barrett Hayton,ARI,F,361.0,406.0,,,282.0,400.0,243.0,432.0,18.0,298.0,432.0,218.0,160.0,409.0,Bottom 6,20,222.85,1,2,25,2000-06-09,CAN,CAN,73,207,2018,1,5,5,,
2019-2020,Blake Coleman,"NJD, TBL",F,116.0,117.0,,23.0,352.0,193.0,36.0,98.0,400.0,376.0,357.0,45.0,187.0,118.0,Second Line,66,1103.3833333333,21,5,33,1991-11-28,USA,USA,71,199,2011,3,14,75,,
2019-2020,Blake Comeau,DAL,F,343.0,220.0,,87.0,304.0,150.0,372.0,353.0,419.0,389.0,349.0,71.0,207.0,314.0,Bottom 6,55,821.7,8,3,39,1986-02-18,CAN,CAN,73,200,2004,2,17,47,,
2019-2020,Blake Lizotte,LAK,F,365.0,133.0,207.0,118.0,81.0,101.0,356.0,412.0,316.0,198.0,177.0,305.0,148.0,330.0,Bottom 6,65,907.4,6,10,27,1997-12-13,USA,USA,69,170,-,-,-,-,,
2019-2020,Blake Wheeler,WPG,F,117.0,250.0,15.0,159.0,194.0,278.0,110.0,156.0,100.0,9.0,272.0,222.0,174.0,23.0,First Line,71,1371.6666666667,22,27,38,1986-08-31,USA,USA,77,220,2004,1,5,5,,
2019-2020,Bo Horvat,VAN,F,206.0,343.0,95.0,200.0,148.0,406.0,149.0,118.0,378.0,122.0,127.0,338.0,6.0,52.0,First Line,69,1361.5,22,20,30,1995-04-05,CAN,CAN,72,215,2013,1,9,9,,
2019-2020,Bobby Ryan,OTT,F,140.0,225.0,156.0,,123.0,317.0,98.0,174.0,97.0,176.0,330.0,127.0,,185.0,Bottom 6,24,324.41666666667,5,2,38,1987-03-17,USA,USA,74,208,2005,1,2,2,,
2019-2020,Boone Jenner,CBJ,F,191.0,114.0,172.0,21.0,228.0,286.0,105.0,296.0,398.0,272.0,230.0,114.0,20.0,137.0,First Line,70,1268.15,11,7,32,1993-06-15,CAN,CAN,74,203,2011,2,7,37,,
2019-2020,Brad Marchand,BOS,F,6.0,264.0,26.0,28.0,25.0,71.0,90.0,21.0,23.0,8.0,100.0,301.0,,14.0,First Line,70,1361.65,28,36,37,1988-05-11,CAN,CAN,69,176,2006,3,8,71,,
2019-2020,Brad Richardson,ARI,F,290.0,180.0,,73.0,284.0,300.0,282.0,283.0,435.0,371.0,355.0,183.0,24.0,265.0,Bottom 6,59,805.11666666667,6,5,40,1985-02-04,CAN,CAN,72,190,2003,5,27,163,,
2019-2020,Brady Tkachuk,OTT,F,35.0,359.0,186.0,,208.0,363.0,19.0,119.0,263.0,101.0,198.0,36.0,186.0,76.0,First Line,71,1344.3333333333,21,18,25,1999-09-16,USA,USA,76,221,2018,1,4,4,,
2019-2020,Brandon Saad,CHI,F,51.0,423.0,175.0,62.0,89.0,422.0,83.0,72.0,197.0,225.0,102.0,358.0,,126.0,Second Line,58,971.35,21,8,32,1992-10-27,USA,USA,73,215,2011,2,13,43,,
2019-2020,Brandon Sutter,VAN,F,323.0,408.0,,80.0,388.0,412.0,285.0,269.0,438.0,349.0,54.0,279.0,79.0,246.0,Bottom 6,44,653.38333333333,8,6,36,1989-02-14,USA,CAN,75,190,2007,1,11,11,,
2019-2020,Brandon Tanev,PIT,F,344.0,6.0,,11.0,367.0,5.0,292.0,246.0,397.0,368.0,8.0,14.0,,217.0,Bottom 6,68,1003.6833333333,11,4,33,1991-12-31,CAN,CAN,72,189,-,-,-,-,,
2019-2020,Brayden Point,TBL,F,27.0,156.0,67.0,201.0,53.0,182.0,163.0,19.0,71.0,23.0,39.0,415.0,64.0,33.0,First Line,66,1247.5166666667,25,26,29,1996-03-13,CAN,CAN,71,180,2014,3,19,79,,
2019-2020,Brayden Schenn,STL,F,174.0,175.0,36.0,,136.0,115.0,231.0,106.0,89.0,46.0,324.0,149.0,84.0,86.0,First Line,71,1308.7,25,21,33,1991-08-22,CAN,CAN,73,199,2009,1,5,5,,
2019-2020,Brendan Gallagher,MTL,F,1.0,62.0,163.0,,17.0,82.0,1.0,18.0,348.0,152.0,204.0,200.0,,39.0,Second Line,59,997.71666666667,22,12,33,1992-05-06,CAN,CAN,69,186,2010,5,27,147,,
2019-2020,Brendan Leipsic,WSH,F,298.0,159.0,273.0,,240.0,128.0,288.0,404.0,165.0,182.0,69.0,179.0,,366.0,Bottom 6,61,558.78333333333,3,4,31,1994-05-19,CAN,CAN,70,180,2012,3,28,89,,
2019-2020,Brendan Lemieux,NYR,F,274.0,351.0,244.0,,349.0,425.0,229.0,182.0,289.0,350.0,132.0,19.0,,306.0,Bottom 6,59,759.35,6,8,29,1996-03-15,USA,USA,73,215,2014,2,1,31,,
2019-2020,Brendan Perlini,"CHI, DET",F,372.0,426.0,275.0,,429.0,427.0,121.0,318.0,117.0,408.0,313.0,237.0,,354.0,Bottom 6,40,427.83333333333,1,2,29,1996-04-27,GBR,GBR,75,211,2014,1,12,12,,
2019-2020,Brett Connolly,FLA,F,101.0,276.0,149.0,,213.0,263.0,215.0,56.0,81.0,276.0,360.0,247.0,,202.0,Bottom 6,69,1000.1,19,5,33,1992-05-02,CAN,CAN,75,198,2010,1,6,6,,
2019-2020,Brett Howden,NYR,F,382.0,434.0,269.0,113.0,380.0,441.0,430.0,371.0,321.0,292.0,350.0,211.0,132.0,318.0,Bottom 6,70,919.98333333333,9,6,27,1998-03-29,CAN,CAN,74,203,2016,1,27,27,,
2019-2020,Brett Ritchie,BOS,F,375.0,177.0,281.0,,370.0,42.0,164.0,373.0,228.0,386.0,426.0,8.0,,401.0,Bottom 6,27,280.9,2,3,32,1993-07-01,CAN,CAN,76,215,2011,2,14,44,,
2019-2020,Brian Boyle,FLA,F,267.0,125.0,243.0,185.0,401.0,299.0,182.0,143.0,372.0,346.0,371.0,74.0,52.0,218.0,Bottom 6,39,482.63333333333,6,4,40,1984-12-18,USA,USA,78,245,2003,1,26,26,,
2019-2020,Brock Boeser,VAN,F,98.0,282.0,66.0,,235.0,236.0,35.0,67.0,1.0,110.0,211.0,409.0,,48.0,First Line,57,1058.6,16,14,28,1997-02-25,USA,USA,73,208,2015,1,23,23,,
2019-2020,Brock McGinn,CAR,F,268.0,186.0,,58.0,181.0,161.0,232.0,342.0,113.0,345.0,49.0,133.0,,303.0,Bottom 6,68,897.73333333333,7,7,31,1994-02-02,CAN,CAN,72,187,2012,2,17,47,,
2019-2020,Brock Nelson,NYI,F,176.0,335.0,135.0,172.0,333.0,354.0,155.0,68.0,292.0,200.0,245.0,324.0,69.0,90.0,First Line,68,1282.4666666667,26,15,33,1991-10-15,USA,USA,76,210,2010,1,30,30,,
2019-2020,Bryan Rust,PIT,F,59.0,248.0,237.0,5.0,74.0,228.0,147.0,52.0,37.0,120.0,138.0,172.0,,66.0,First Line,55,1087.0833333333,27,15,33,1992-05-11,USA,USA,71,192,2010,3,20,80,,
2019-2020,Cal Clutterbuck,NYI,F,425.0,72.0,272.0,90.0,397.0,119.0,400.0,389.0,402.0,356.0,192.0,18.0,,327.0,Bottom 6,37,496.71666666667,3,3,37,1987-11-18,CAN,CAN,72,212,2006,3,9,72,,
2019-2020,Calle Jarnkrok,NSH,F,242.0,155.0,219.0,85.0,219.0,123.0,233.0,208.0,136.0,236.0,98.0,357.0,180.0,198.0,Second Line,64,1019.85,15,12,33,1991-09-25,SWE,SWE,72,192,2010,2,21,51,,
2019-2020,Cam Atkinson,CBJ,F,48.0,227.0,100.0,3.0,236.0,210.0,11.0,50.0,19.0,194.0,165.0,411.0,,43.0,Second Line,44,785.18333333333,12,8,36,1989-06-05,USA,USA,68,176,2008,6,6,157,,
2019-2020,Carl Hagelin,WSH,F,192.0,147.0,,34.0,166.0,54.0,180.0,365.0,137.0,157.0,309.0,263.0,,236.0,Bottom 6,58,830.51666666667,8,12,36,1988-08-23,SWE,SWE,72,183,2007,6,17,168,,
2019-2020,Carl Soderberg,ARI,F,213.0,245.0,145.0,24.0,293.0,324.0,176.0,136.0,370.0,224.0,210.0,215.0,97.0,140.0,Second Line,70,1112.75,17,9,39,1985-10-12,SWE,SWE,75,210,2004,2,19,49,,
2019-2020,Carter Rowney,ANA,F,369.0,337.0,,43.0,300.0,370.0,432.0,356.0,391.0,251.0,199.0,32.0,179.0,379.0,Bottom 6,71,910.18333333333,8,10,36,1989-05-10,CAN,CAN,74,208,-,-,-,-,,
2019-2020,Carter Verhaeghe,TBL,F,168.0,205.0,,,95.0,189.0,261.0,102.0,330.0,424.0,277.0,268.0,,398.0,Bottom 6,52,486.78333333333,9,2,29,1995-08-14,CAN,CAN,74,180,2013,3,21,82,,
2019-2020,Casey Cizikas,NYI,F,309.0,21.0,,75.0,385.0,47.0,321.0,132.0,411.0,377.0,290.0,60.0,40.0,223.0,Bottom 6,48,686.1,10,3,34,1991-02-27,CAN,CAN,71,190,2009,4,1,92,,
2019-2020,Casey Mittelstadt,BUF,F,368.0,391.0,187.0,,366.0,351.0,337.0,286.0,24.0,325.0,88.0,394.0,138.0,340.0,Bottom 6,31,395.56666666667,4,4,26,1998-11-22,USA,USA,73,195,2017,1,8,8,,
2019-2020,Cedric Paquette,TBL,F,356.0,33.0,,121.0,399.0,112.0,328.0,282.0,355.0,398.0,334.0,12.0,56.0,320.0,Bottom 6,61,796.26666666667,7,6,31,1993-08-13,CAN,CAN,72,205,2012,4,10,101,,
2019-2020,Chandler Stephenson,"VGK, WSH",F,336.0,134.0,,22.0,119.0,176.0,436.0,325.0,234.0,308.0,160.0,283.0,192.0,367.0,Bottom 6,65,931.11666666667,11,9,31,1994-04-22,CAN,CAN,72,209,2012,3,16,77,,
2019-2020,Charlie Coyle,BOS,F,181.0,31.0,173.0,2.0,207.0,25.0,209.0,250.0,160.0,131.0,45.0,225.0,93.0,162.0,Second Line,70,1175.2333333333,16,17,33,1992-03-02,USA,USA,75,223,2010,1,28,28,,
2019-2020,Chris Kreider,NYR,F,72.0,388.0,72.0,,154.0,383.0,76.0,36.0,280.0,149.0,379.0,104.0,,79.0,Second Line,63,1086.7333333333,24,14,34,1991-04-30,USA,USA,75,230,2009,1,19,19,,
2019-2020,Chris Tierney,OTT,F,305.0,395.0,158.0,83.0,174.0,402.0,399.0,344.0,331.0,93.0,124.0,384.0,55.0,192.0,Second Line,71,1220.4833333333,11,16,31,1994-07-01,CAN,CAN,73,191,2012,2,25,55,,
2019-2020,Chris Wagner,BOS,F,378.0,171.0,,59.0,408.0,136.0,268.0,349.0,424.0,423.0,302.0,16.0,175.0,358.0,Bottom 6,67,833.58333333333,6,3,34,1991-05-27,USA,USA,72,192,2010,5,2,122,,
2019-2020,Christian Dvorak,ARI,F,222.0,299.0,184.0,182.0,218.0,334.0,247.0,202.0,260.0,144.0,343.0,281.0,124.0,175.0,Second Line,70,1168.7333333333,18,15,29,1996-02-02,USA,USA,73,193,2014,2,28,58,,
2019-2020,Christian Fischer,ARI,F,291.0,229.0,261.0,,348.0,218.0,152.0,265.0,369.0,394.0,106.0,52.0,,324.0,Bottom 6,56,617.16666666667,6,3,28,1997-04-15,USA,USA,74,212,2015,2,2,32,,
2019-2020,Christoffer Ehn,DET,F,440.0,353.0,,150.0,432.0,364.0,431.0,429.0,359.0,429.0,71.0,142.0,193.0,431.0,Bottom 6,54,562.15,2,2,29,1996-04-05,SWE,SWE,75,195,2014,4,16,106,,
2019-2020,Claude Giroux,PHI,F,80.0,278.0,30.0,8.0,37.0,166.0,93.0,129.0,265.0,32.0,144.0,391.0,5.0,42.0,First Line,69,1309.95,21,18,37,1988-01-12,CAN,CAN,71,190,2006,1,22,22,,
2019-2020,Clayton Keller,ARI,F,126.0,357.0,107.0,,251.0,305.0,65.0,198.0,4.0,60.0,38.0,424.0,,114.0,Second Line,70,1140.6666666667,17,19,26,1998-07-29,USA,USA,70,178,2016,1,7,7,,
2019-2020,Cody Eakin,"VGK, WPG",F,234.0,275.0,271.0,60.0,186.0,266.0,357.0,249.0,118.0,259.0,76.0,210.0,74.0,266.0,Bottom 6,49,714.25,5,6,34,1991-05-24,CAN,CAN,72,196,2009,3,24,85,,
2019-2020,Cody Glass,VGK,F,392.0,178.0,203.0,,345.0,96.0,361.0,348.0,221.0,314.0,365.0,395.0,156.0,363.0,Bottom 6,39,521.05,5,5,26,1999-04-01,CAN,CAN,75,206,2017,1,6,6,,
2019-2020,Colin Blackwell,NSH,F,147.0,9.0,,,144.0,67.0,324.0,335.0,383.0,68.0,92.0,82.0,,296.0,Bottom 6,27,295.76666666667,3,5,32,1993-03-28,USA,USA,69,190,2011,7,13,193,,
2019-2020,Colin White,OTT,F,306.0,322.0,226.0,,134.0,328.0,338.0,341.0,182.0,255.0,233.0,313.0,171.0,229.0,Second Line,61,958.11666666667,7,6,28,1997-01-30,USA,USA,73,194,2015,1,21,21,,
2019-2020,Colton Sceviour,FLA,F,214.0,113.0,,50.0,271.0,274.0,113.0,380.0,415.0,246.0,120.0,132.0,,235.0,Bottom 6,69,912.46666666667,6,7,36,1989-04-20,CAN,CAN,72,190,2007,4,21,112,,
2019-2020,Colton Sissons,NSH,F,342.0,43.0,262.0,46.0,359.0,37.0,415.0,262.0,434.0,381.0,370.0,137.0,44.0,282.0,Bottom 6,57,816.86666666667,9,5,31,1993-11-05,CAN,CAN,73,200,2012,2,20,50,,
2019-2020,Connor Brown,OTT,F,223.0,312.0,233.0,68.0,189.0,315.0,294.0,310.0,379.0,187.0,228.0,387.0,,194.0,First Line,71,1428.15,16,13,31,1994-01-14,CAN,CAN,72,181,2012,6,5,156,,
2019-2020,Connor Bunnaman,PHI,F,436.0,93.0,,,419.0,3.0,413.0,424.0,150.0,439.0,170.0,84.0,165.0,435.0,Bottom 6,21,194.91666666667,1,0,27,1998-04-16,CAN,CAN,73,207,2016,4,18,109,,
2019-2020,Connor McDavid,EDM,F,16.0,428.0,2.0,196.0,101.0,423.0,73.0,14.0,49.0,1.0,15.0,400.0,95.0,2.0,First Line,64,1399.4,34,38,28,1997-01-13,CAN,CAN,73,193,2015,1,1,1,,
2019-2020,Conor Garland,ARI,F,61.0,158.0,182.0,,162.0,183.0,29.0,32.0,86.0,378.0,244.0,327.0,,156.0,Bottom 6,68,962.4,22,10,29,1996-03-11,USA,USA,70,165,2015,5,2,123,,
2019-2020,Conor Sheary,"BUF, PIT",F,173.0,196.0,166.0,,170.0,205.0,157.0,203.0,44.0,258.0,111.0,378.0,,225.0,Bottom 6,63,825.81666666667,10,8,33,1992-06-08,USA,USA,69,179,-,-,-,-,,
2019-2020,Corey Perry,DAL,F,300.0,241.0,231.0,,302.0,273.0,203.0,319.0,59.0,168.0,335.0,197.0,,212.0,Bottom 6,57,782.26666666667,5,8,40,1985-05-16,CAN,CAN,75,208,2003,1,28,28,,
2019-2020,Craig Smith,NSH,F,19.0,189.0,125.0,,49.0,203.0,10.0,63.0,120.0,222.0,178.0,224.0,,128.0,Bottom 6,69,926.3,18,5,35,1989-09-05,USA,USA,72,204,2009,4,7,98,,
2019-2020,Curtis Lazar,BUF,F,389.0,48.0,,180.0,387.0,50.0,387.0,396.0,351.0,252.0,238.0,59.0,177.0,394.0,Bottom 6,38,449.65,5,4,30,1995-02-02,CAN,CAN,72,203,2013,1,17,17,,
2019-2020,Dale Weise,MTL,F,357.0,188.0,,190.0,332.0,190.0,409.0,402.0,259.0,233.0,312.0,13.0,,407.0,Bottom 6,23,213.13333333333,1,3,36,1988-08-05,CAN,CAN,74,196,2008,4,20,111,,
2019-2020,Danton Heinen,"ANA, BOS",F,249.0,46.0,110.0,,216.0,38.0,242.0,270.0,104.0,161.0,176.0,319.0,,211.0,Bottom 6,67,969.48333333333,10,7,30,1995-07-05,CAN,CAN,73,188,2014,4,26,116,,
2019-2020,Darren Helm,DET,F,313.0,277.0,,100.0,325.0,235.0,226.0,332.0,341.0,367.0,259.0,163.0,,290.0,Bottom 6,68,933.86666666667,9,3,38,1987-01-21,CAN,CAN,72,192,2005,5,7,132,,
2019-2020,David Backes,"ANA, BOS",F,208.0,12.0,248.0,,206.0,4.0,57.0,377.0,267.0,86.0,413.0,46.0,86.0,256.0,Bottom 6,22,206.76666666667,1,4,41,1984-05-01,USA,USA,75,215,2003,2,32,62,,
2019-2020,David Gustafsson,WPG,F,,438.0,,,,439.0,,393.0,199.0,,5.0,373.0,,,Fringe,22,135.13333333333,1,0,25,2000-04-11,SWE,SWE,74,212,2018,2,29,60,,
2019-2020,David Kampf,CHI,F,339.0,207.0,,104.0,274.0,281.0,385.0,400.0,394.0,322.0,77.0,277.0,66.0,368.0,Bottom 6,70,956.68333333333,8,6,30,1995-01-12,CZE,CZE,74,197,-,-,-,-,,
2019-2020,David Krejci,BOS,F,243.0,95.0,90.0,,64.0,39.0,355.0,171.0,22.0,43.0,175.0,376.0,70.0,127.0,Second Line,61,1047.6,13,13,39,1986-04-28,CZE,CZE,72,192,2004,2,33,63,,
2019-2020,David Pastrnak,BOS,F,4.0,257.0,1.0,,104.0,98.0,5.0,1.0,8.0,15.0,30.0,308.0,,3.0,First Line,70,1327.25,48,31,29,1996-05-25,CZE,CZE,73,195,2014,1,25,25,,
2019-2020,David Perron,STL,F,199.0,174.0,22.0,,238.0,127.0,168.0,46.0,286.0,51.0,397.0,226.0,204.0,73.0,First Line,71,1300.4833333333,25,18,37,1988-05-28,CAN,CAN,73,196,2007,1,26,26,,
2019-2020,Denis Gurianov,DAL,F,302.0,288.0,236.0,,361.0,294.0,132.0,162.0,84.0,399.0,200.0,180.0,,272.0,Bottom 6,64,831.08333333333,20,5,28,1997-06-07,RUS,RUS,75,205,2015,1,12,12,,
2019-2020,Denis Malgin,"FLA, TOR",F,292.0,143.0,276.0,,149.0,159.0,291.0,299.0,62.0,207.0,129.0,220.0,194.0,319.0,Bottom 6,44,527.58333333333,4,6,28,1997-01-18,CHE,CHE,69,182,2015,4,11,102,,
2019-2020,Derek Grant,"ANA, PHI",F,252.0,374.0,,133.0,358.0,414.0,241.0,160.0,422.0,228.0,340.0,141.0,42.0,249.0,Bottom 6,56,779.11666666667,15,8,35,1990-04-20,CAN,CAN,75,210,2008,4,28,119,,
2019-2020,Derek Ryan,CGY,F,180.0,132.0,146.0,134.0,115.0,76.0,308.0,266.0,301.0,138.0,215.0,418.0,25.0,231.0,Bottom 6,68,989.23333333333,10,11,38,1986-12-29,USA,USA,70,185,-,-,-,-,,
2019-2020,Derek Stepan,ARI,F,233.0,228.0,167.0,67.0,171.0,311.0,128.0,338.0,308.0,229.0,156.0,355.0,109.0,135.0,Second Line,70,1234.95,10,8,35,1990-06-18,USA,USA,71,196,2008,2,21,51,,
2019-2020,Derick Brassard,NYI,F,301.0,402.0,124.0,,276.0,390.0,192.0,204.0,231.0,289.0,353.0,120.0,58.0,204.0,Bottom 6,66,903.98333333333,10,8,37,1987-09-22,CAN,CAN,73,200,2006,1,6,6,,
2019-2020,Devin Shore,"ANA, CBJ",F,311.0,286.0,246.0,173.0,233.0,373.0,370.0,329.0,176.0,199.0,137.0,161.0,,305.0,Bottom 6,45,524.06666666667,5,5,30,1994-07-19,CAN,CAN,73,206,2012,2,31,61,,
2019-2020,Dillon Dube,CGY,F,400.0,404.0,,,338.0,371.0,334.0,390.0,209.0,406.0,20.0,208.0,,385.0,Bottom 6,45,570.61666666667,6,5,26,1998-07-20,CAN,CAN,71,185,2016,2,26,56,,
2019-2020,Dmytro Timashov,"DET, TOR",F,329.0,338.0,,,368.0,329.0,347.0,308.0,440.0,354.0,410.0,26.0,,425.0,Bottom 6,44,375.38333333333,4,3,28,1996-10-01,UKR,UKR,70,192,2015,5,4,125,,
2019-2020,Dominic Toninato,FLA,F,418.0,69.0,,,331.0,124.0,412.0,433.0,296.0,383.0,286.0,136.0,139.0,427.0,Bottom 6,46,512.53333333333,4,4,31,1994-03-09,USA,USA,74,191,2012,5,5,126,,
2019-2020,Dominik Kahun,"BUF, PIT",F,125.0,281.0,194.0,,223.0,302.0,257.0,190.0,108.0,82.0,226.0,439.0,,214.0,Bottom 6,56,743.88333333333,12,12,30,1995-07-02,CZE,DEU,71,175,-,-,-,-,,
2019-2020,Dominik Kubalik,CHI,F,12.0,433.0,206.0,,147.0,429.0,66.0,4.0,350.0,245.0,389.0,202.0,,129.0,Bottom 6,68,977.46666666667,30,10,29,1995-08-21,CZE,CZE,74,190,2013,7,10,191,,
2019-2020,Dominik Simon,PIT,F,190.0,135.0,,,43.0,104.0,217.0,358.0,68.0,184.0,182.0,186.0,,274.0,Bottom 6,64,922.06666666667,7,8,30,1994-08-08,CZE,CZE,71,190,2015,5,16,137,,
2019-2020,Drake Batherson,OTT,F,408.0,397.0,,,239.0,411.0,377.0,372.0,270.0,278.0,387.0,85.0,,257.0,Second Line,23,357.95,3,3,27,1998-04-27,USA,USA,75,200,2017,4,28,121,,
2019-2020,Drake Caggiula,CHI,F,144.0,347.0,277.0,,190.0,393.0,216.0,96.0,179.0,283.0,194.0,51.0,,239.0,Bottom 6,40,472.61666666667,9,5,31,1994-06-20,CAN,CAN,70,176,-,-,-,-,,
2019-2020,Dryden Hunt,FLA,F,317.0,146.0,,,309.0,113.0,81.0,434.0,423.0,240.0,431.0,47.0,,352.0,Bottom 6,21,220.35,0,2,29,1995-11-24,CAN,CAN,72,193,-,-,-,-,,
2019-2020,Dustin Brown,LAK,F,158.0,375.0,129.0,174.0,315.0,290.0,119.0,142.0,339.0,146.0,153.0,113.0,,108.0,First Line,66,1214.8333333333,17,12,40,1984-11-04,USA,USA,72,205,2003,1,13,13,,
2019-2020,Dylan Gambrell,SJS,F,405.0,307.0,,,377.0,349.0,425.0,374.0,363.0,430.0,430.0,238.0,157.0,400.0,Bottom 6,50,597.55,5,2,28,1996-08-26,USA,USA,71,185,2016,2,30,60,,
2019-2020,Dylan Larkin,DET,F,84.0,364.0,136.0,179.0,130.0,291.0,46.0,148.0,218.0,98.0,190.0,296.0,33.0,34.0,First Line,71,1508.6833333333,19,17,28,1996-07-30,USA,USA,73,198,2014,1,15,15,,
2019-2020,Dylan Strome,CHI,F,118.0,393.0,225.0,,114.0,430.0,263.0,158.0,70.0,61.0,246.0,408.0,102.0,143.0,Second Line,58,924.51666666667,12,16,28,1997-03-07,CAN,CAN,75,200,2015,1,3,3,,
2019-2020,Elias Lindholm,CGY,F,127.0,211.0,35.0,92.0,51.0,191.0,218.0,78.0,102.0,118.0,181.0,244.0,53.0,64.0,First Line,70,1380.5,29,14,30,1994-12-02,SWE,SWE,73,202,2013,1,5,5,,
2019-2020,Elias Pettersson,VAN,F,56.0,187.0,180.0,,126.0,255.0,187.0,41.0,2.0,26.0,3.0,329.0,198.0,49.0,First Line,68,1260.1166666667,27,26,26,1998-11-12,SWE,SWE,74,176,2017,1,5,5,,
2019-2020,Emil Bemstrom,CBJ,F,337.0,183.0,196.0,,354.0,120.0,154.0,192.0,229.0,213.0,388.0,216.0,,269.0,Bottom 6,56,687.05,10,8,26,1999-06-01,SWE,SWE,72,195,2017,4,24,117,,
2019-2020,Eric Robinson,CBJ,F,294.0,57.0,,,413.0,18.0,208.0,243.0,323.0,407.0,366.0,89.0,,374.0,Bottom 6,50,547.53333333333,7,3,30,1995-06-14,USA,USA,74,205,-,-,-,-,,
2019-2020,Eric Staal,MIN,F,93.0,164.0,106.0,199.0,156.0,108.0,143.0,81.0,126.0,69.0,262.0,388.0,63.0,98.0,Second Line,66,1130.8833333333,19,20,40,1984-10-29,CAN,CAN,76,195,2003,1,2,2,,
2019-2020,Erik Haula,"CAR, FLA",F,225.0,371.0,178.0,,283.0,353.0,179.0,83.0,241.0,338.0,399.0,276.0,125.0,138.0,Second Line,48,759.86666666667,12,4,34,1991-03-23,FIN,FIN,71,191,2009,7,1,182,,
2019-2020,Evan Rodrigues,"BUF, PIT",F,220.0,139.0,252.0,187.0,226.0,125.0,85.0,292.0,314.0,324.0,18.0,323.0,106.0,241.0,Bottom 6,45,507.88333333333,6,1,31,1993-07-28,CAN,CAN,71,184,-,-,-,-,,
2019-2020,Evander Kane,SJS,F,69.0,292.0,33.0,124.0,195.0,240.0,18.0,38.0,142.0,167.0,428.0,90.0,173.0,36.0,First Line,64,1250.4666666667,26,14,33,1991-08-02,CAN,CAN,74,210,2009,1,4,4,,
2019-2020,Evgeni Malkin,PIT,F,13.0,246.0,7.0,,29.0,226.0,52.0,27.0,5.0,6.0,378.0,286.0,91.0,12.0,First Line,55,1073.6666666667,25,27,38,1986-07-31,RUS,RUS,75,195,2004,1,2,2,,
2019-2020,Evgenii Dadonov,FLA,F,91.0,309.0,83.0,,172.0,280.0,96.0,45.0,75.0,103.0,70.0,407.0,,68.0,Second Line,69,1180.2666666667,25,13,36,1989-03-12,RUS,RUS,71,189,2007,3,10,71,,
2019-2020,Evgeny Kuznetsov,WSH,F,109.0,439.0,82.0,,197.0,431.0,183.0,114.0,77.0,24.0,321.0,339.0,122.0,65.0,Second Line,63,1124.0333333333,19,20,33,1992-05-19,RUS,RUS,74,207,2010,1,26,26,,
2019-2020,Filip Chlapik,OTT,F,348.0,24.0,,,343.0,22.0,336.0,297.0,277.0,427.0,437.0,20.0,,421.0,Bottom 6,31,271.86666666667,3,1,28,1997-06-03,CZE,CZE,73,194,2015,2,18,48,,
2019-2020,Filip Chytil,NYR,F,245.0,403.0,192.0,,313.0,405.0,171.0,207.0,300.0,347.0,258.0,417.0,196.0,243.0,Bottom 6,60,890.45,14,6,25,1999-09-05,CZE,CZE,74,204,2017,1,21,21,,
2019-2020,Filip Forsberg,NSH,F,18.0,285.0,29.0,184.0,34.0,297.0,14.0,34.0,11.0,33.0,163.0,185.0,,40.0,Second Line,63,1093.0833333333,21,20,30,1994-08-13,SWE,SWE,73,205,2012,1,11,11,,
2019-2020,Filip Zadina,DET,F,279.0,398.0,197.0,,406.0,391.0,122.0,97.0,157.0,264.0,305.0,406.0,,164.0,Bottom 6,28,424.85,8,4,25,1999-11-27,CZE,CZE,72,190,2018,1,6,6,,
2019-2020,Frank Vatrano,FLA,F,106.0,94.0,227.0,163.0,267.0,204.0,42.0,95.0,65.0,304.0,184.0,115.0,,145.0,Bottom 6,69,1036.1666666667,16,9,31,1994-03-14,USA,USA,71,197,-,-,-,-,,
2019-2020,Frans Nielsen,DET,F,410.0,176.0,168.0,105.0,418.0,225.0,306.0,378.0,352.0,372.0,212.0,267.0,99.0,263.0,Bottom 6,60,821.0,4,3,41,1984-04-24,DNK,DNK,73,186,2002,3,24,87,,
2019-2020,Frederik Gauthier,TOR,F,379.0,126.0,,181.0,400.0,139.0,420.0,352.0,436.0,363.0,336.0,83.0,123.0,426.0,Bottom 6,61,572.66666666667,7,3,30,1995-04-26,CAN,CAN,77,239,2013,1,21,21,,
2019-2020,Gabriel Bourque,WPG,F,431.0,65.0,,156.0,421.0,303.0,423.0,423.0,284.0,400.0,191.0,23.0,,417.0,Bottom 6,52,447.35,2,1,34,1990-09-23,CAN,CAN,70,206,2009,5,11,132,,
2019-2020,Gabriel Landeskog,COL,F,108.0,67.0,85.0,206.0,91.0,133.0,95.0,51.0,42.0,83.0,283.0,167.0,41.0,27.0,First Line,54,1081.5833333333,21,15,32,1992-11-23,SWE,SWE,73,215,2011,1,2,2,,
2019-2020,Gaetan Haas,EDM,F,412.0,27.0,,,409.0,55.0,363.0,364.0,338.0,417.0,16.0,152.0,164.0,416.0,Bottom 6,58,562.48333333333,5,3,33,1992-01-31,CHE,CHE,72,181,-,-,-,-,,
2019-2020,Garnet Hathaway,WSH,F,246.0,13.0,,1.0,268.0,15.0,274.0,225.0,195.0,373.0,21.0,11.0,,347.0,Bottom 6,66,711.31666666667,9,5,33,1991-11-23,USA,USA,75,208,-,-,-,-,,
2019-2020,Givani Smith,DET,F,411.0,366.0,,,438.0,272.0,346.0,350.0,110.0,419.0,180.0,40.0,,429.0,Bottom 6,21,203.33333333333,2,1,27,1998-02-28,CAN,CAN,74,214,2016,2,16,46,,
2019-2020,Greg McKegg,NYR,F,381.0,236.0,,,305.0,319.0,421.0,264.0,206.0,401.0,300.0,128.0,67.0,411.0,Bottom 6,53,506.93333333333,5,1,33,1992-06-17,CAN,CAN,72,195,2010,3,2,62,,
2019-2020,Gustav Nyquist,CBJ,F,187.0,290.0,147.0,,161.0,185.0,135.0,179.0,144.0,105.0,121.0,374.0,,121.0,First Line,70,1262.2666666667,15,18,35,1989-09-01,SWE,SWE,71,180,2008,4,30,121,,
2019-2020,Ilya Kovalchuk,"LAK, MTL, WSH",F,269.0,313.0,188.0,,339.0,211.0,103.0,187.0,238.0,160.0,236.0,294.0,,151.0,Second Line,46,780.28333333333,10,9,42,1983-04-15,RUS,RUS,75,222,2001,1,1,1,,
2019-2020,Ilya Mikheyev,TOR,F,52.0,296.0,,117.0,103.0,284.0,62.0,237.0,256.0,121.0,299.0,341.0,,159.0,Second Line,39,607.46666666667,8,8,30,1994-10-10,RUS,RUS,74,192,-,-,-,-,,
2019-2020,Ivan Barbashev,STL,F,293.0,212.0,,130.0,303.0,257.0,417.0,199.0,353.0,211.0,37.0,94.0,103.0,335.0,Bottom 6,69,928.25,11,12,29,1995-12-14,RUS,RUS,73,195,2014,2,3,33,,
2019-2020,J.C. Beaudin,OTT,F,437.0,254.0,,,290.0,358.0,386.0,440.0,343.0,438.0,383.0,15.0,145.0,434.0,Bottom 6,22,189.81666666667,0,0,28,1997-03-25,CAN,CAN,73,196,2015,3,10,71,,
2019-2020,J.T. Compher,COL,F,273.0,54.0,159.0,103.0,299.0,169.0,305.0,239.0,294.0,254.0,85.0,359.0,88.0,169.0,Second Line,67,1122.1833333333,11,12,30,1995-04-08,USA,USA,72,190,2013,2,5,35,,
2019-2020,J.T. Miller,VAN,F,100.0,226.0,61.0,,39.0,233.0,248.0,111.0,41.0,45.0,293.0,145.0,32.0,80.0,First Line,69,1387.1,27,25,32,1993-03-14,USA,USA,73,218,2011,1,15,15,,
2019-2020,Jack Eichel,BUF,F,67.0,258.0,32.0,,187.0,213.0,27.0,35.0,13.0,42.0,11.0,349.0,113.0,10.0,First Line,68,1509.85,36,19,28,1996-10-28,USA,USA,74,207,2015,1,2,2,,
2019-2020,Jack Hughes,NJD,F,380.0,419.0,205.0,,340.0,419.0,205.0,408.0,90.0,291.0,142.0,435.0,166.0,261.0,Second Line,61,967.78333333333,7,9,24,2001-05-14,USA,USA,71,175,2019,1,1,1,,
2019-2020,Jack Roslovic,WPG,F,230.0,270.0,264.0,,253.0,222.0,272.0,226.0,112.0,113.0,80.0,282.0,,288.0,Bottom 6,71,1057.8333333333,12,13,28,1997-01-29,USA,USA,73,200,2015,1,25,25,,
2019-2020,Jacob de la Rose,"DET, STL",F,417.0,142.0,,138.0,360.0,165.0,403.0,427.0,304.0,382.0,327.0,48.0,118.0,415.0,Bottom 6,50,536.23333333333,2,4,30,1995-05-20,SWE,SWE,75,215,2013,2,4,34,,
2019-2020,Jaden Schwartz,STL,F,143.0,29.0,104.0,,196.0,16.0,112.0,147.0,95.0,53.0,59.0,290.0,,89.0,First Line,71,1289.35,22,21,33,1992-06-25,CAN,CAN,70,185,2010,1,14,14,,
2019-2020,Jake DeBrusk,BOS,F,87.0,60.0,77.0,,250.0,17.0,71.0,44.0,10.0,230.0,43.0,314.0,,125.0,Second Line,65,1043.3,19,9,28,1996-10-17,CAN,CAN,72,197,2015,1,14,14,,
2019-2020,Jake Guentzel,PIT,F,8.0,181.0,78.0,,14.0,202.0,72.0,13.0,7.0,54.0,112.0,212.0,,24.0,First Line,39,804.5,20,16,30,1994-10-06,USA,USA,71,180,2013,3,16,77,,
2019-2020,Jake Virtanen,VAN,F,132.0,355.0,213.0,,262.0,408.0,44.0,103.0,174.0,206.0,248.0,76.0,,181.0,Bottom 6,69,902.88333333333,18,11,28,1996-08-17,CAN,CAN,73,226,2014,1,6,6,,
2019-2020,Jakob Lilja,CBJ,F,438.0,25.0,,,436.0,143.0,438.0,421.0,373.0,409.0,346.0,311.0,,430.0,Bottom 6,37,366.13333333333,2,2,31,1993-07-23,SWE,SWE,73,196,-,-,-,-,,
2019-2020,Jakob Silfverberg,ANA,F,102.0,265.0,108.0,94.0,263.0,338.0,114.0,87.0,258.0,205.0,172.0,381.0,,111.0,Second Line,66,1166.7833333333,21,13,34,1990-10-13,SWE,SWE,73,207,2009,2,9,39,,
2019-2020,Jakub Voracek,PHI,F,112.0,247.0,44.0,,86.0,148.0,125.0,233.0,107.0,14.0,122.0,421.0,,74.0,Second Line,69,1176.0333333333,12,28,35,1989-08-15,CZE,CZE,74,216,2007,1,7,7,,
2019-2020,Jakub Vrana,WSH,F,10.0,384.0,221.0,,179.0,330.0,39.0,29.0,128.0,63.0,105.0,354.0,,117.0,Bottom 6,69,1026.8833333333,25,19,29,1996-02-28,CZE,CZE,72,190,2014,1,13,13,,
2019-2020,James Neal,EDM,F,297.0,234.0,60.0,,259.0,172.0,84.0,117.0,25.0,341.0,167.0,204.0,,155.0,Second Line,55,896.9,19,4,37,1987-09-03,CAN,CAN,75,212,2005,2,3,33,,
2019-2020,James van Riemsdyk,PHI,F,57.0,230.0,59.0,,224.0,187.0,43.0,20.0,52.0,128.0,237.0,385.0,,100.0,Bottom 6,66,983.46666666667,19,14,36,1989-05-04,USA,USA,75,208,2007,1,2,2,,
2019-2020,Jamie Benn,DAL,F,122.0,99.0,38.0,194.0,102.0,186.0,89.0,74.0,28.0,164.0,280.0,95.0,50.0,69.0,Second Line,69,1134.15,19,12,35,1989-07-18,CAN,CAN,74,205,2007,5,8,129,,
2019-2020,Jansen Harkins,WPG,F,360.0,260.0,,,314.0,265.0,394.0,410.0,317.0,282.0,109.0,402.0,,405.0,Bottom 6,29,308.01666666667,2,3,28,1997-05-23,USA,USA,73,182,2015,2,17,47,,
2019-2020,Jared McCann,PIT,F,188.0,81.0,224.0,189.0,321.0,68.0,82.0,149.0,132.0,177.0,53.0,192.0,110.0,161.0,Bottom 6,66,1006.0833333333,14,10,29,1996-05-31,CAN,CAN,73,191,2014,1,24,24,,
2019-2020,Jason Dickinson,DAL,F,363.0,56.0,,123.0,322.0,83.0,358.0,388.0,322.0,321.0,48.0,105.0,111.0,310.0,Bottom 6,65,972.9,9,7,30,1995-07-04,CAN,CAN,74,200,2013,1,29,29,,
2019-2020,Jason Spezza,TOR,F,228.0,173.0,45.0,,184.0,78.0,169.0,258.0,156.0,70.0,390.0,405.0,17.0,260.0,Bottom 6,58,628.08333333333,9,12,42,1983-06-13,CAN,CAN,75,219,2001,1,2,2,,
2019-2020,Jason Zucker,"MIN, PIT",F,113.0,108.0,73.0,,169.0,92.0,115.0,59.0,147.0,132.0,40.0,251.0,,107.0,Second Line,60,980.23333333333,20,13,33,1992-01-16,USA,USA,71,192,2010,2,29,59,,
2019-2020,Jay Beagle,VAN,F,435.0,372.0,,93.0,424.0,426.0,435.0,431.0,441.0,369.0,381.0,118.0,3.0,397.0,Bottom 6,55,691.01666666667,2,4,39,1985-10-16,CAN,CAN,75,210,-,-,-,-,,
2019-2020,Jayce Hawryluk,"FLA, OTT",F,240.0,118.0,,,246.0,126.0,397.0,188.0,328.0,220.0,205.0,22.0,,355.0,Bottom 6,26,288.43333333333,3,4,29,1996-01-01,CAN,CAN,71,196,2014,2,2,32,,
2019-2020,Jean-Gabriel Pageau,"NYI, OTT",F,244.0,319.0,230.0,70.0,177.0,368.0,220.0,168.0,405.0,328.0,81.0,143.0,30.0,134.0,First Line,67,1283.5166666667,26,10,32,1992-11-11,CAN,CAN,71,185,2011,4,5,96,,
2019-2020,Jeff Carter,LAK,F,139.0,352.0,114.0,141.0,237.0,310.0,40.0,130.0,266.0,281.0,391.0,229.0,47.0,119.0,Second Line,60,1016.0833333333,17,7,40,1985-01-01,CAN,CAN,75,219,2003,1,11,11,,
2019-2020,Jeff Skinner,BUF,F,47.0,259.0,143.0,,275.0,212.0,15.0,65.0,26.0,275.0,9.0,386.0,199.0,94.0,Second Line,59,972.56666666667,14,6,33,1992-05-16,CAN,CAN,71,197,2010,1,7,7,,
2019-2020,Jesper Boqvist,NJD,F,427.0,324.0,,,428.0,394.0,315.0,326.0,347.0,440.0,227.0,165.0,,414.0,Bottom 6,35,383.23333333333,4,0,26,1998-10-30,SWE,SWE,72,180,2017,2,5,36,,
2019-2020,Jesper Bratt,NJD,F,73.0,332.0,152.0,193.0,145.0,332.0,238.0,137.0,269.0,52.0,41.0,336.0,,176.0,Bottom 6,60,838.96666666667,16,14,26,1998-07-30,SWE,SWE,70,175,2016,6,11,162,,
2019-2020,Jesper Fast,NYR,F,318.0,318.0,,98.0,205.0,331.0,422.0,307.0,271.0,342.0,164.0,110.0,,253.0,Second Line,69,1145.8833333333,12,8,33,1991-12-02,SWE,SWE,73,191,2010,6,7,157,,
2019-2020,Jesperi Kotkaniemi,MTL,F,196.0,172.0,193.0,,38.0,174.0,206.0,261.0,80.0,348.0,296.0,166.0,140.0,275.0,Bottom 6,36,467.76666666667,6,1,25,2000-07-06,FIN,FIN,74,201,2018,1,3,3,,
2019-2020,Jimmy Vesey,BUF,F,256.0,339.0,258.0,131.0,308.0,345.0,230.0,234.0,244.0,330.0,136.0,258.0,,250.0,Bottom 6,64,883.41666666667,9,4,32,1993-05-26,USA,USA,75,202,2012,3,5,66,,
2019-2020,Joakim Nordstrom,BOS,F,394.0,82.0,,35.0,392.0,146.0,316.0,406.0,388.0,428.0,239.0,88.0,,383.0,Bottom 6,48,580.6,4,2,33,1992-02-25,SWE,SWE,73,194,2010,3,30,90,,
2019-2020,Joakim Nygard,EDM,F,420.0,112.0,,,423.0,81.0,318.0,375.0,365.0,312.0,78.0,287.0,,389.0,Bottom 6,33,352.73333333333,3,3,32,1993-01-08,SWE,SWE,72,179,-,-,-,-,,
2019-2020,Joe Pavelski,DAL,F,193.0,55.0,57.0,,57.0,114.0,170.0,90.0,143.0,192.0,75.0,266.0,36.0,91.0,Second Line,67,1134.3833333333,14,7,40,1984-07-11,USA,USA,71,200,2003,7,8,205,,
2019-2020,Joe Thornton,SJS,F,275.0,152.0,75.0,,10.0,134.0,418.0,280.0,164.0,64.0,261.0,401.0,59.0,205.0,Bottom 6,70,1085.0,7,13,46,1979-07-02,CAN,CAN,76,220,1997,1,1,1,,
2019-2020,Joel Armia,MTL,F,136.0,98.0,151.0,33.0,230.0,70.0,64.0,144.0,222.0,238.0,99.0,87.0,,154.0,Second Line,58,999.11666666667,16,9,32,1993-05-31,FIN,FIN,75,216,2011,1,16,16,,
2019-2020,Joel Eriksson Ek,MIN,F,217.0,14.0,,25.0,297.0,7.0,210.0,362.0,283.0,185.0,96.0,98.0,115.0,238.0,Second Line,62,974.46666666667,8,13,28,1997-01-29,SWE,SWE,75,207,2015,1,20,20,,
2019-2020,Joel Farabee,PHI,F,314.0,253.0,210.0,,415.0,207.0,284.0,317.0,253.0,269.0,421.0,299.0,,279.0,Bottom 6,52,733.48333333333,8,7,25,2000-02-25,USA,USA,72,183,2018,1,14,14,,
2019-2020,Joel Kellman,SJS,F,407.0,26.0,,,425.0,30.0,410.0,370.0,345.0,329.0,345.0,209.0,154.0,391.0,Bottom 6,31,358.95,3,3,31,1994-05-25,SWE,SWE,71,192,-,-,-,-,,
2019-2020,Joey Anderson,NJD,F,331.0,340.0,,,335.0,261.0,339.0,206.0,410.0,402.0,347.0,195.0,,350.0,Bottom 6,18,237.9,4,1,27,1998-06-19,USA,USA,72,207,2016,3,12,73,,
2019-2020,Johan Larsson,BUF,F,414.0,37.0,,66.0,323.0,19.0,424.0,411.0,430.0,380.0,320.0,134.0,72.0,371.0,Bottom 6,62,923.73333333333,6,8,32,1992-07-25,SWE,SWE,71,206,2010,2,26,56,,
2019-2020,John Hayden,NJD,F,424.0,109.0,,,426.0,295.0,335.0,392.0,381.0,437.0,418.0,25.0,,420.0,Bottom 6,43,417.76666666667,3,0,30,1995-02-14,USA,USA,75,223,2013,3,13,74,,
2019-2020,John Tavares,TOR,F,28.0,392.0,16.0,204.0,47.0,374.0,28.0,10.0,169.0,27.0,113.0,372.0,16.0,16.0,First Line,63,1231.6166666667,26,24,34,1990-09-20,CAN,CAN,73,216,2009,1,1,1,,
2019-2020,Johnny Gaudreau,CGY,F,40.0,416.0,37.0,,75.0,279.0,56.0,101.0,50.0,18.0,17.0,441.0,,32.0,First Line,70,1315.3,18,24,31,1993-08-13,USA,USA,69,165,2011,4,13,104,,
2019-2020,Jonathan Drouin,MTL,F,121.0,327.0,122.0,,52.0,264.0,150.0,151.0,163.0,85.0,207.0,273.0,208.0,146.0,Second Line,27,423.93333333333,7,5,30,1995-03-28,CAN,CAN,71,198,2013,1,3,3,,
2019-2020,Jonathan Huberdeau,FLA,F,42.0,373.0,24.0,,118.0,308.0,138.0,71.0,114.0,3.0,103.0,331.0,,26.0,First Line,69,1295.2166666667,23,39,32,1993-06-04,CAN,CAN,73,200,2011,1,3,3,,
2019-2020,Jonathan Marchessault,VGK,F,33.0,317.0,28.0,,55.0,206.0,6.0,70.0,162.0,47.0,214.0,182.0,191.0,44.0,Second Line,66,1140.55,22,19,34,1990-12-27,CAN,CAN,69,183,-,-,-,-,,
2019-2020,Jonathan Toews,CHI,F,49.0,427.0,130.0,95.0,28.0,437.0,137.0,127.0,56.0,40.0,348.0,348.0,4.0,47.0,First Line,70,1384.3833333333,18,24,37,1988-04-29,CAN,CAN,74,201,2006,1,3,3,,
2019-2020,Joonas Donskoi,COL,F,138.0,240.0,234.0,,68.0,282.0,264.0,157.0,127.0,171.0,46.0,377.0,,190.0,Second Line,65,1056.3666666667,16,10,33,1992-04-13,FIN,FIN,72,185,2010,4,9,99,,
2019-2020,Jordan Eberle,NYI,F,96.0,315.0,103.0,,21.0,359.0,133.0,125.0,215.0,170.0,89.0,363.0,,115.0,Second Line,58,1033.0833333333,16,10,35,1990-05-15,CAN,CAN,71,190,2008,1,22,22,,
2019-2020,Jordan Greenway,MIN,F,247.0,11.0,,149.0,244.0,12.0,331.0,336.0,299.0,175.0,362.0,187.0,,286.0,Bottom 6,67,948.81666666667,8,15,28,1997-02-16,USA,USA,78,231,2015,2,20,50,,
2019-2020,Jordan Kyrou,STL,F,172.0,129.0,,,199.0,158.0,198.0,232.0,93.0,172.0,385.0,390.0,,338.0,Bottom 6,28,304.08333333333,4,4,27,1998-05-05,CAN,CAN,73,196,2016,2,5,35,,
2019-2020,Jordan Martinook,CAR,F,257.0,58.0,,4.0,105.0,59.0,269.0,387.0,119.0,173.0,376.0,70.0,202.0,323.0,Bottom 6,45,506.68333333333,2,8,32,1992-07-25,CAN,CAN,72,196,2012,2,28,58,,
2019-2020,Jordan Staal,CAR,F,128.0,100.0,157.0,40.0,5.0,36.0,225.0,333.0,306.0,215.0,325.0,91.0,8.0,177.0,Second Line,68,1190.4666666667,8,11,36,1988-09-10,CAN,CAN,76,220,2006,1,2,2,,
2019-2020,Jordan Weal,MTL,F,332.0,17.0,118.0,,96.0,11.0,236.0,278.0,214.0,352.0,298.0,328.0,167.0,277.0,Bottom 6,49,667.05,8,2,33,1992-04-15,CAN,CAN,70,181,2010,3,10,70,,
2019-2020,Joseph Blandisi,PIT,F,350.0,20.0,,,440.0,75.0,433.0,277.0,428.0,87.0,284.0,72.0,162.0,423.0,Fringe,21,172.43333333333,2,3,30,1994-07-18,CAN,CAN,72,184,2012,6,11,162,,
2019-2020,Josh Anderson,CBJ,F,202.0,204.0,257.0,186.0,204.0,175.0,51.0,288.0,91.0,385.0,287.0,66.0,,173.0,Second Line,26,417.53333333333,1,2,31,1994-05-07,CAN,CAN,75,218,2012,4,4,95,,
2019-2020,Josh Archibald,EDM,F,334.0,242.0,,136.0,398.0,343.0,374.0,177.0,336.0,309.0,97.0,42.0,,295.0,Bottom 6,62,820.35,12,8,32,1992-10-06,CAN,CAN,70,176,2011,6,23,174,,
2019-2020,Josh Bailey,NYI,F,219.0,394.0,102.0,176.0,153.0,385.0,365.0,216.0,133.0,30.0,231.0,425.0,168.0,141.0,Second Line,68,1149.1,14,19,35,1989-10-02,CAN,CAN,73,200,2008,1,9,9,,
2019-2020,Josh Leivo,VAN,F,153.0,298.0,190.0,,202.0,256.0,111.0,214.0,172.0,231.0,118.0,353.0,,215.0,Bottom 6,36,540.41666666667,7,6,32,1993-05-26,CAN,CAN,74,192,2011,3,25,86,,
2019-2020,Jujhar Khaira,EDM,F,399.0,271.0,,29.0,412.0,216.0,389.0,385.0,376.0,332.0,304.0,57.0,206.0,377.0,Bottom 6,64,802.11666666667,6,3,30,1994-08-13,CAN,CAN,76,212,2012,3,2,63,,
2019-2020,Justin Abdelkader,DET,F,432.0,344.0,283.0,54.0,372.0,318.0,408.0,435.0,278.0,412.0,317.0,50.0,,390.0,Bottom 6,49,565.15,0,2,38,1987-02-25,USA,USA,74,213,2005,2,12,42,,
2019-2020,Justin Dowling,DAL,F,321.0,73.0,,,364.0,132.0,390.0,351.0,377.0,320.0,436.0,201.0,153.0,405.0,Bottom 6,29,317.68333333333,3,3,34,1990-10-01,CAN,CAN,70,180,-,-,-,-,,
2019-2020,Justin Williams,CAR,F,39.0,218.0,239.0,,20.0,74.0,13.0,26.0,78.0,159.0,131.0,241.0,,92.0,Bottom 6,20,272.31666666667,8,2,43,1981-10-04,CAN,CAN,73,184,2000,1,28,28,,
2019-2020,Kaapo Kakko,NYR,F,396.0,441.0,200.0,,365.0,440.0,254.0,320.0,332.0,293.0,186.0,414.0,,300.0,Bottom 6,66,942.4,10,9,24,2001-02-13,FIN,FIN,74,206,2019,1,2,2,,
2019-2020,Kailer Yamamoto,EDM,F,37.0,348.0,,,128.0,392.0,382.0,33.0,320.0,21.0,315.0,162.0,,101.0,Second Line,27,469.4,11,11,26,1998-09-29,USA,USA,68,153,2017,1,22,22,,
2019-2020,Karson Kuhlman,BOS,F,341.0,70.0,,,327.0,10.0,124.0,439.0,38.0,179.0,338.0,123.0,,349.0,Bottom 6,25,313.31666666667,1,4,29,1995-09-26,USA,USA,70,184,-,-,-,-,,
2019-2020,Kasperi Kapanen,TOR,F,123.0,387.0,229.0,127.0,69.0,327.0,167.0,167.0,103.0,288.0,86.0,188.0,,193.0,Second Line,69,1089.5166666667,13,10,28,1996-07-23,FIN,FIN,73,194,2014,1,22,22,,
2019-2020,Kevin Fiala,MIN,F,41.0,287.0,58.0,,94.0,201.0,38.0,79.0,31.0,41.0,202.0,360.0,,103.0,Bottom 6,64,985.65,23,20,28,1996-07-22,CHE,CHE,70,204,2014,1,11,11,,
2019-2020,Kevin Hayes,PHI,F,135.0,293.0,70.0,64.0,248.0,223.0,118.0,91.0,205.0,178.0,260.0,257.0,71.0,106.0,Second Line,69,1223.3,23,9,33,1992-05-08,USA,USA,77,216,2010,1,24,24,,
2019-2020,Kevin Labanc,SJS,F,111.0,273.0,54.0,,32.0,208.0,86.0,201.0,94.0,116.0,292.0,280.0,,157.0,Second Line,70,1124.9,14,9,29,1995-12-12,USA,USA,71,185,2014,6,21,171,,
2019-2020,Kevin Rooney,NJD,F,426.0,128.0,,106.0,431.0,178.0,391.0,347.0,414.0,415.0,116.0,96.0,133.0,375.0,Bottom 6,49,574.8,4,5,32,1993-05-21,USA,USA,74,190,-,-,-,-,,
2019-2020,Kevin Stenlund,CBJ,F,397.0,61.0,199.0,,390.0,144.0,197.0,220.0,329.0,420.0,201.0,330.0,159.0,245.0,Bottom 6,32,447.41666666667,6,2,28,1996-09-20,SWE,SWE,77,215,2015,2,28,58,,
2019-2020,Kirby Dach,CHI,F,347.0,346.0,211.0,,334.0,398.0,299.0,369.0,254.0,366.0,358.0,350.0,161.0,301.0,Bottom 6,64,913.0,8,6,24,2001-01-21,CAN,CAN,76,212,2019,1,3,3,,
2019-2020,Kyle Clifford,"LAK, TOR",F,152.0,243.0,,,146.0,153.0,70.0,254.0,236.0,290.0,405.0,37.0,,328.0,Bottom 6,69,772.2,7,7,34,1991-01-13,CAN,CAN,74,217,2009,2,5,35,,
2019-2020,Kyle Connor,WPG,F,66.0,429.0,50.0,178.0,249.0,424.0,67.0,12.0,67.0,97.0,229.0,434.0,,30.0,First Line,71,1497.2166666667,38,23,28,1996-12-09,USA,USA,74,179,2015,1,17,17,,
2019-2020,Kyle Okposo,BUF,F,258.0,96.0,238.0,,403.0,34.0,156.0,195.0,340.0,156.0,301.0,174.0,,221.0,Bottom 6,52,668.06666666667,9,9,37,1988-04-16,USA,USA,72,218,2006,1,7,7,,
2019-2020,Kyle Palmieri,NJD,F,150.0,182.0,23.0,,221.0,220.0,50.0,28.0,123.0,216.0,189.0,194.0,,63.0,Second Line,65,1112.1833333333,25,9,34,1991-02-01,USA,USA,71,198,2009,1,26,26,,
2019-2020,Kyle Turris,NSH,F,216.0,370.0,112.0,,22.0,337.0,329.0,322.0,32.0,88.0,356.0,396.0,76.0,208.0,Bottom 6,62,956.3,9,13,35,1989-08-14,CAN,CAN,73,190,2007,1,3,3,,
2019-2020,Lars Eller,WSH,F,95.0,314.0,171.0,26.0,113.0,276.0,148.0,217.0,305.0,142.0,250.0,259.0,61.0,152.0,Second Line,69,1174.0333333333,16,15,36,1989-05-08,DNK,DNK,74,205,2007,1,13,13,,
2019-2020,Lawson Crouse,ARI,F,278.0,361.0,,109.0,383.0,379.0,214.0,196.0,362.0,242.0,188.0,17.0,,262.0,Bottom 6,66,896.38333333333,15,9,28,1997-06-23,CAN,CAN,76,215,2015,1,11,11,,
2019-2020,Leo Komarov,NYI,F,422.0,244.0,,78.0,342.0,287.0,419.0,409.0,375.0,326.0,271.0,34.0,,348.0,Bottom 6,48,604.63333333333,4,4,38,1987-01-23,EST,FIN,71,205,2006,6,27,180,,
2019-2020,Leon Draisaitl,EDM,F,34.0,431.0,5.0,88.0,83.0,403.0,120.0,9.0,154.0,16.0,114.0,398.0,46.0,8.0,First Line,71,1605.4,43,39,29,1995-10-27,DEU,DEU,74,208,2014,1,3,3,,
2019-2020,Logan Brown,OTT,F,376.0,210.0,,,61.0,252.0,404.0,436.0,51.0,44.0,241.0,306.0,163.0,364.0,Bottom 6,23,270.41666666667,1,5,27,1998-03-05,USA,USA,78,218,2016,1,11,11,,
2019-2020,Logan Couture,SJS,F,83.0,170.0,40.0,56.0,62.0,301.0,108.0,77.0,196.0,49.0,101.0,291.0,104.0,51.0,First Line,52,963.43333333333,16,15,36,1989-03-28,CAN,CAN,73,206,2007,1,9,9,,
2019-2020,Logan Shaw,WPG,F,415.0,198.0,,183.0,439.0,270.0,298.0,354.0,310.0,353.0,278.0,129.0,,408.0,Fringe,35,238.78333333333,3,2,32,1992-10-05,CAN,CAN,75,208,2011,3,15,76,,
2019-2020,Loui Eriksson,VAN,F,333.0,284.0,254.0,31.0,209.0,307.0,333.0,295.0,393.0,297.0,363.0,432.0,,304.0,Bottom 6,49,606.23333333333,6,5,39,1985-07-17,SWE,SWE,74,179,2003,2,3,33,,
2019-2020,Lucas Wallmark,"CAR, FLA",F,261.0,144.0,183.0,111.0,84.0,116.0,313.0,275.0,291.0,310.0,352.0,221.0,128.0,280.0,Bottom 6,67,855.76666666667,12,7,29,1995-09-05,SWE,SWE,72,178,2014,4,7,97,,
2019-2020,Luke Glendening,DET,F,430.0,104.0,,99.0,435.0,314.0,402.0,366.0,432.0,416.0,174.0,63.0,11.0,270.0,Bottom 6,60,921.26666666667,6,3,36,1989-04-28,USA,USA,71,190,-,-,-,-,,
2019-2020,Luke Kunin,MIN,F,185.0,122.0,270.0,115.0,306.0,199.0,181.0,256.0,307.0,244.0,341.0,189.0,136.0,191.0,Bottom 6,63,974.33333333333,15,8,27,1997-12-04,USA,USA,72,197,2016,1,15,15,,
2019-2020,Mackenzie MacEachern,STL,F,272.0,83.0,,,374.0,44.0,145.0,181.0,293.0,426.0,318.0,38.0,,404.0,Bottom 6,51,456.65,7,1,31,1994-03-09,USA,USA,74,193,2012,3,6,67,,
2019-2020,Marcus Foligno,MIN,F,262.0,1.0,,126.0,310.0,1.0,340.0,284.0,333.0,273.0,274.0,28.0,,289.0,Bottom 6,59,860.6,11,8,33,1991-08-10,USA,CAN,75,226,2009,4,13,104,,
2019-2020,Marcus Johansson,BUF,F,259.0,272.0,174.0,,231.0,231.0,317.0,263.0,302.0,153.0,162.0,361.0,195.0,197.0,Second Line,60,1028.8333333333,9,12,34,1990-10-06,SWE,SWE,73,203,2009,1,24,24,,
2019-2020,Marcus Sorensen,SJS,F,264.0,223.0,,135.0,270.0,215.0,379.0,230.0,111.0,319.0,13.0,198.0,,343.0,Bottom 6,66,913.73333333333,7,8,33,1992-04-07,SWE,SWE,71,175,2010,4,16,106,,
2019-2020,Mark Jankowski,CGY,F,319.0,18.0,,48.0,241.0,62.0,378.0,238.0,227.0,387.0,303.0,380.0,90.0,339.0,Bottom 6,56,621.48333333333,5,1,30,1994-09-13,CAN,CAN,76,212,2012,1,21,21,,
2019-2020,Mark Scheifele,WPG,F,184.0,385.0,25.0,161.0,143.0,415.0,262.0,53.0,87.0,37.0,73.0,371.0,108.0,28.0,First Line,71,1548.1166666667,29,28,32,1993-03-15,CAN,CAN,75,198,2011,1,7,7,,
2019-2020,Mark Stone,VGK,F,17.0,19.0,27.0,37.0,3.0,109.0,140.0,69.0,247.0,20.0,123.0,293.0,,29.0,First Line,65,1260.6833333333,21,28,33,1992-05-13,CAN,CAN,75,217,2010,6,28,178,,
2019-2020,Markus Granlund,EDM,F,402.0,77.0,274.0,169.0,320.0,60.0,380.0,339.0,358.0,435.0,288.0,298.0,189.0,382.0,Bottom 6,34,368.2,3,0,32,1993-04-16,FIN,FIN,72,180,2011,2,15,45,,
2019-2020,Martin Necas,CAR,F,238.0,333.0,201.0,,258.0,277.0,345.0,120.0,262.0,143.0,150.0,223.0,,219.0,Bottom 6,64,906.68333333333,16,12,26,1999-01-15,CZE,CZE,74,189,2017,1,12,12,,
2019-2020,Mason Appleton,WPG,F,265.0,231.0,,,291.0,237.0,312.0,324.0,309.0,247.0,223.0,233.0,,402.0,Bottom 6,46,513.46666666667,5,2,29,1996-01-15,USA,USA,75,197,2015,6,17,168,,
2019-2020,Mathew Barzal,NYI,F,64.0,383.0,74.0,,30.0,369.0,177.0,176.0,105.0,22.0,57.0,412.0,116.0,58.0,First Line,68,1362.9166666667,19,30,28,1997-05-26,CAN,CAN,73,190,2015,1,16,16,,
2019-2020,Mathieu Joseph,TBL,F,250.0,97.0,,,222.0,32.0,319.0,219.0,287.0,344.0,235.0,86.0,,376.0,Bottom 6,37,426.3,4,1,28,1997-02-09,CAN,CAN,73,187,2015,4,29,120,,
2019-2020,Mathieu Perreault,WPG,F,282.0,151.0,148.0,,168.0,179.0,258.0,189.0,342.0,392.0,264.0,102.0,,268.0,Bottom 6,49,642.25,7,2,37,1988-01-05,CAN,CAN,70,189,2006,6,24,177,,
2019-2020,Mats Zuccarello,MIN,F,155.0,78.0,137.0,175.0,220.0,167.0,293.0,185.0,140.0,90.0,64.0,351.0,,116.0,Second Line,65,1036.0666666667,15,11,37,1987-09-01,NOR,NOR,68,181,-,-,-,-,,
2019-2020,Matt Calvert,COL,F,154.0,106.0,,57.0,132.0,117.0,194.0,186.0,380.0,181.0,107.0,150.0,,207.0,Bottom 6,50,704.53333333333,12,8,35,1989-12-24,CAN,CAN,71,186,2008,5,6,127,,
2019-2020,Matt Duchene,NSH,F,90.0,301.0,97.0,,82.0,289.0,173.0,113.0,29.0,50.0,12.0,368.0,19.0,93.0,Second Line,66,1114.1166666667,13,16,34,1991-01-16,CAN,CAN,71,195,2009,1,3,3,,
2019-2020,Matt Luff,LAK,F,218.0,407.0,,,281.0,418.0,146.0,210.0,57.0,286.0,154.0,234.0,,322.0,Bottom 6,18,186.7,1,2,28,1997-05-05,CAN,CAN,74,196,-,-,-,-,,
2019-2020,Matt Martin,NYI,F,401.0,79.0,,,414.0,58.0,364.0,359.0,399.0,393.0,257.0,2.0,,406.0,Bottom 6,55,573.28333333333,5,3,36,1989-05-08,CAN,CAN,75,220,2008,5,27,148,,
2019-2020,Matt Nieto,COL,F,283.0,153.0,,84.0,142.0,130.0,367.0,367.0,360.0,204.0,147.0,315.0,,317.0,Bottom 6,70,945.23333333333,8,8,32,1992-11-05,USA,USA,71,187,2011,2,17,47,,
2019-2020,Matthew Highmore,CHI,F,413.0,233.0,,,411.0,262.0,350.0,420.0,374.0,390.0,79.0,146.0,,428.0,Bottom 6,36,353.26666666667,2,2,29,1996-02-27,CAN,CAN,71,188,-,-,-,-,,
2019-2020,Matthew Tkachuk,CGY,F,58.0,325.0,31.0,,35.0,164.0,63.0,42.0,251.0,29.0,23.0,151.0,,45.0,First Line,69,1263.25,23,22,27,1997-12-11,USA,USA,74,201,2016,1,6,6,,
2019-2020,Mattias Janmark,DAL,F,358.0,90.0,282.0,38.0,173.0,45.0,351.0,383.0,171.0,262.0,135.0,403.0,,271.0,Bottom 6,62,906.43333333333,6,7,32,1992-12-08,SWE,SWE,73,205,2013,3,18,79,,
2019-2020,Max Comtois,ANA,F,386.0,440.0,208.0,,407.0,434.0,405.0,259.0,155.0,360.0,409.0,75.0,,334.0,Bottom 6,29,405.23333333333,5,3,26,1999-01-08,CAN,CAN,74,210,2017,2,19,50,,
2019-2020,Max Domi,MTL,F,46.0,378.0,132.0,,45.0,288.0,79.0,140.0,151.0,34.0,273.0,334.0,98.0,104.0,Second Line,71,1213.9166666667,17,20,30,1995-03-02,CAN,CAN,70,194,2013,1,12,12,,
2019-2020,Max Jones,ANA,F,362.0,390.0,,,384.0,336.0,129.0,401.0,98.0,422.0,310.0,159.0,,353.0,Bottom 6,59,841.36666666667,8,3,27,1998-02-17,USA,USA,75,216,2016,1,24,24,,
2019-2020,Max Pacioretty,VGK,F,11.0,185.0,9.0,205.0,24.0,100.0,3.0,31.0,208.0,66.0,316.0,154.0,,31.0,Second Line,71,1271.0,32,23,36,1988-11-20,USA,USA,74,217,2007,1,22,22,,
2019-2020,Melker Karlsson,SJS,F,403.0,28.0,,91.0,391.0,85.0,411.0,298.0,178.0,434.0,372.0,217.0,,381.0,Bottom 6,61,748.41666666667,6,2,34,1990-07-18,SWE,SWE,72,180,-,-,-,-,,
2019-2020,Michael Amadio,LAK,F,296.0,87.0,255.0,,88.0,72.0,304.0,301.0,69.0,403.0,197.0,364.0,105.0,372.0,Bottom 6,68,885.4,6,4,29,1996-05-13,CAN,CAN,73,204,2014,3,30,90,,
2019-2020,Michael Dal Colle,NYI,F,383.0,166.0,,,404.0,87.0,366.0,381.0,272.0,323.0,306.0,191.0,,393.0,Bottom 6,53,625.31666666667,4,4,29,1996-06-20,CAN,CAN,75,195,2014,1,5,5,,
2019-2020,Michael Frolik,"BUF, CGY",F,211.0,217.0,,146.0,106.0,151.0,159.0,224.0,240.0,302.0,368.0,261.0,,247.0,Bottom 6,57,709.0,6,4,37,1988-02-17,CZE,CZE,73,186,2006,1,10,10,,
2019-2020,Michael Grabner,ARI,F,303.0,331.0,,36.0,382.0,350.0,246.0,124.0,407.0,396.0,157.0,307.0,,267.0,Bottom 6,46,568.88333333333,8,2,37,1987-10-05,AUT,AUT,73,188,2006,1,14,14,,
2019-2020,Michael Raffl,PHI,F,335.0,154.0,,14.0,347.0,147.0,376.0,285.0,275.0,237.0,243.0,119.0,181.0,336.0,Bottom 6,58,717.3,8,9,36,1988-12-01,AUT,AUT,73,205,-,-,-,-,,
2019-2020,Micheal Haley,NYR,F,434.0,239.0,,,430.0,224.0,388.0,397.0,45.0,431.0,439.0,6.0,,436.0,Fringe,22,121.58333333333,1,0,39,1986-03-30,CAN,CAN,71,213,-,-,-,-,,
2019-2020,Mika Zibanejad,NYR,F,44.0,255.0,3.0,102.0,198.0,352.0,45.0,7.0,285.0,71.0,55.0,252.0,78.0,9.0,First Line,57,1232.8333333333,41,21,32,1993-04-18,SWE,SWE,74,202,2011,1,6,6,,
2019-2020,Mikael Backlund,CGY,F,94.0,294.0,121.0,72.0,59.0,239.0,104.0,200.0,212.0,92.0,404.0,325.0,83.0,124.0,Second Line,70,1256.1833333333,16,18,36,1989-03-17,SWE,SWE,72,206,2007,1,24,24,,
2019-2020,Mikael Granlund,NSH,F,197.0,74.0,87.0,202.0,54.0,95.0,166.0,173.0,135.0,137.0,168.0,345.0,200.0,112.0,Second Line,63,1121.55,17,6,33,1992-02-26,FIN,FIN,70,185,2010,1,9,9,,
2019-2020,Mike Hoffman,FLA,F,129.0,368.0,13.0,,214.0,283.0,17.0,16.0,63.0,127.0,234.0,375.0,,37.0,Second Line,69,1161.8,29,14,35,1989-11-24,CAN,CAN,72,190,2009,5,9,130,,
2019-2020,Mikhail Vorobyev,PHI,F,428.0,328.0,,,437.0,275.0,427.0,426.0,177.0,315.0,433.0,410.0,143.0,433.0,Bottom 6,20,208.6,1,2,28,1997-01-05,RUS,RUS,74,194,2015,4,13,104,,
2019-2020,Mikkel Boedker,OTT,F,310.0,420.0,253.0,,386.0,409.0,184.0,305.0,288.0,189.0,19.0,270.0,,298.0,Bottom 6,20,194.28333333333,2,1,35,1989-12-16,DNK,DNK,72,207,2008,1,8,8,,
2019-2020,Mikko Koivu,MIN,F,330.0,4.0,64.0,86.0,129.0,9.0,343.0,395.0,335.0,108.0,406.0,382.0,27.0,188.0,Second Line,55,856.35,4,10,42,1983-03-12,FIN,FIN,75,213,2001,1,6,6,,
2019-2020,Mikko Rantanen,COL,F,82.0,163.0,18.0,,16.0,217.0,139.0,23.0,15.0,19.0,134.0,343.0,,20.0,First Line,42,795.88333333333,19,16,28,1996-10-29,FIN,FIN,76,215,2015,1,10,10,,
2019-2020,Milan Lucic,CGY,F,370.0,274.0,128.0,,140.0,160.0,359.0,376.0,311.0,295.0,411.0,21.0,,346.0,Bottom 6,68,906.61666666667,8,6,37,1988-06-07,CAN,CAN,75,240,2006,2,20,50,,
2019-2020,Miles Wood,NJD,F,104.0,418.0,176.0,,298.0,417.0,31.0,194.0,385.0,210.0,265.0,99.0,,199.0,Bottom 6,68,899.86666666667,11,9,29,1995-09-13,USA,USA,74,195,2013,4,9,100,,
2019-2020,Mitch Marner,TOR,F,32.0,302.0,8.0,128.0,7.0,298.0,100.0,153.0,101.0,2.0,104.0,416.0,,21.0,First Line,59,1271.6833333333,16,32,28,1997-05-05,CAN,CAN,72,181,2015,1,4,4,,
2019-2020,Mitchell Stephens,TBL,F,315.0,140.0,,,225.0,61.0,300.0,403.0,406.0,410.0,408.0,181.0,144.0,422.0,Bottom 6,38,409.83333333333,3,2,28,1997-02-05,CAN,CAN,71,190,2015,2,3,33,,
2019-2020,Morgan Frost,PHI,F,280.0,350.0,,,210.0,377.0,266.0,407.0,12.0,214.0,151.0,429.0,150.0,326.0,Bottom 6,20,273.66666666667,2,3,26,1999-05-14,CAN,CAN,71,170,2017,1,27,27,,
2019-2020,Nate Thompson,"MTL, PHI",F,421.0,148.0,,77.0,294.0,195.0,426.0,422.0,417.0,388.0,339.0,103.0,21.0,392.0,Bottom 6,70,895.26666666667,4,7,40,1984-10-05,USA,USA,73,205,2003,6,16,183,,
2019-2020,Nathan Gerbe,CBJ,F,285.0,323.0,,,369.0,209.0,200.0,346.0,387.0,343.0,351.0,124.0,,297.0,Bottom 6,30,412.6,4,3,37,1987-07-24,USA,USA,64,176,2005,5,17,142,,
2019-2020,Nathan MacKinnon,COL,F,5.0,308.0,12.0,,60.0,230.0,4.0,11.0,16.0,12.0,7.0,366.0,121.0,1.0,First Line,69,1464.35,35,37,29,1995-09-01,CAN,CAN,72,200,2013,1,1,1,,
2019-2020,Nazem Kadri,COL,F,43.0,401.0,47.0,,139.0,339.0,49.0,62.0,223.0,158.0,220.0,177.0,22.0,97.0,Second Line,51,888.71666666667,19,8,34,1990-10-06,CAN,CAN,72,185,2009,1,7,7,,
2019-2020,Nic Dowd,WSH,F,276.0,40.0,,6.0,165.0,63.0,407.0,268.0,326.0,337.0,400.0,54.0,60.0,380.0,Bottom 6,56,606.86666666667,7,2,35,1990-05-27,USA,USA,73,193,2009,7,17,198,,
2019-2020,Nick Bonino,NSH,F,134.0,42.0,228.0,32.0,157.0,229.0,373.0,152.0,437.0,263.0,289.0,419.0,38.0,170.0,Second Line,67,1106.7833333333,18,10,37,1988-04-20,USA,USA,73,195,2007,6,22,173,,
2019-2020,Nick Cousins,"MTL, VGK",F,207.0,47.0,223.0,,85.0,105.0,144.0,309.0,219.0,195.0,61.0,116.0,188.0,234.0,Bottom 6,65,878.21666666667,10,10,31,1993-07-20,CAN,CAN,71,192,2011,3,7,68,,
2019-2020,Nick Foligno,CBJ,F,254.0,50.0,169.0,20.0,180.0,90.0,289.0,290.0,344.0,313.0,342.0,62.0,65.0,165.0,First Line,67,1250.7333333333,10,12,37,1987-10-31,USA,USA,72,210,2006,1,28,28,,
2019-2020,Nick Paul,OTT,F,284.0,251.0,,,405.0,361.0,195.0,300.0,425.0,327.0,240.0,78.0,146.0,240.0,Bottom 6,56,808.75,9,6,30,1995-03-20,CAN,CAN,75,223,2013,4,10,101,,
2019-2020,Nick Ritchie,"ANA, BOS",F,205.0,341.0,216.0,,127.0,304.0,221.0,247.0,74.0,114.0,441.0,53.0,,210.0,Bottom 6,48,679.71666666667,9,8,29,1995-12-05,CAN,CAN,75,236,2014,1,10,10,,
2019-2020,Nick Schmaltz,ARI,F,226.0,289.0,142.0,207.0,67.0,366.0,362.0,271.0,17.0,58.0,94.0,436.0,119.0,167.0,Second Line,70,1087.45,11,20,29,1996-02-23,USA,USA,72,181,2014,1,20,20,,
2019-2020,Nick Shore,"TOR, WPG",F,404.0,208.0,,114.0,312.0,131.0,414.0,418.0,429.0,414.0,415.0,190.0,127.0,419.0,Bottom 6,63,578.28333333333,3,2,32,1992-09-26,USA,USA,73,198,2011,3,21,82,,
2019-2020,Nick Suzuki,MTL,F,312.0,110.0,204.0,,272.0,65.0,244.0,289.0,279.0,107.0,276.0,284.0,155.0,180.0,Second Line,71,1135.2666666667,13,17,25,1999-08-10,CAN,CAN,71,208,2017,1,13,13,,
2019-2020,Nicklas Backstrom,WSH,F,145.0,263.0,133.0,165.0,33.0,285.0,256.0,221.0,202.0,36.0,217.0,379.0,80.0,62.0,First Line,61,1159.15,12,17,37,1987-11-23,SWE,SWE,73,202,2006,1,4,4,,
2019-2020,Nico Hischier,NJD,F,146.0,221.0,141.0,154.0,159.0,322.0,185.0,172.0,146.0,119.0,2.0,303.0,87.0,113.0,First Line,58,1047.5333333333,14,13,26,1999-01-04,CHE,CHE,73,175,2017,1,1,1,,
2019-2020,Nicolas Aube-Kubel,PHI,F,183.0,22.0,,,371.0,27.0,237.0,131.0,361.0,115.0,242.0,43.0,,273.0,Bottom 6,36,406.43333333333,7,6,29,1996-05-10,CAN,CAN,72,207,2014,2,18,48,,
2019-2020,Nicolas Deslauriers,ANA,F,338.0,150.0,,203.0,357.0,243.0,259.0,304.0,315.0,413.0,394.0,10.0,,387.0,Bottom 6,59,577.06666666667,7,4,34,1991-02-22,CAN,CAN,73,220,2009,3,23,84,,
2019-2020,Nicolas Roy,VGK,F,142.0,36.0,,,111.0,13.0,202.0,163.0,158.0,285.0,424.0,117.0,152.0,313.0,Bottom 6,28,320.01666666667,5,3,28,1997-02-05,CAN,CAN,76,202,2015,4,5,96,,
2019-2020,Nikita Gusev,NJD,F,63.0,436.0,202.0,,176.0,416.0,61.0,228.0,392.0,25.0,295.0,433.0,,153.0,Bottom 6,66,969.75,13,20,33,1992-07-08,RUS,RUS,69,163,2012,7,21,202,,
2019-2020,Nikita Kucherov,TBL,F,3.0,326.0,17.0,,15.0,214.0,30.0,8.0,39.0,4.0,218.0,369.0,,7.0,First Line,68,1282.7,33,27,32,1993-06-17,RUS,RUS,71,181,2011,2,28,58,,
2019-2020,Nikolai Prokhorkin,LAK,F,289.0,363.0,,,192.0,335.0,223.0,399.0,242.0,96.0,322.0,228.0,151.0,351.0,Bottom 6,43,519.95,4,8,31,1993-09-17,RUS,RUS,75,190,2012,4,30,121,,
2019-2020,Nikolaj Ehlers,WPG,F,24.0,291.0,93.0,,133.0,227.0,26.0,30.0,73.0,80.0,1.0,370.0,,70.0,Second Line,71,1173.1666666667,25,21,29,1996-02-14,DNK,DNK,72,169,2014,1,9,9,,
2019-2020,Nino Niederreiter,CAR,F,159.0,127.0,55.0,,40.0,49.0,136.0,154.0,138.0,165.0,314.0,227.0,,172.0,Bottom 6,67,992.61666666667,11,9,32,1992-09-08,CHE,CHE,74,218,2010,1,5,5,,
2019-2020,Noah Gregor,SJS,F,409.0,435.0,,,316.0,438.0,227.0,323.0,166.0,433.0,416.0,61.0,,412.0,Bottom 6,28,281.65,3,1,26,1998-07-28,CAN,CAN,72,190,2016,4,20,111,,
2019-2020,Noel Acciari,FLA,F,235.0,35.0,,51.0,307.0,194.0,303.0,169.0,416.0,425.0,60.0,56.0,170.0,222.0,Second Line,66,1052.2833333333,20,3,33,1991-12-01,USA,USA,70,209,-,-,-,-,,
2019-2020,Oliver Bjorkstrand,CBJ,F,23.0,44.0,119.0,,201.0,29.0,25.0,25.0,124.0,129.0,84.0,288.0,,99.0,Second Line,49,879.13333333333,21,10,30,1995-04-10,DNK,DNK,72,175,2013,3,28,89,,
2019-2020,Ondrej Kase,"ANA, BOS",F,26.0,184.0,164.0,,73.0,142.0,24.0,135.0,48.0,145.0,4.0,399.0,,122.0,Second Line,55,909.85,7,11,29,1995-11-08,CZE,CZE,72,187,2014,7,25,205,,
2019-2020,Ondrej Palat,TBL,F,171.0,59.0,76.0,151.0,79.0,88.0,234.0,218.0,83.0,100.0,146.0,108.0,,147.0,Second Line,69,1117.1,17,17,34,1991-03-28,CZE,CZE,72,194,2011,7,27,208,,
2019-2020,Oskar Lindblom,PHI,F,53.0,75.0,220.0,191.0,131.0,102.0,109.0,104.0,109.0,174.0,108.0,240.0,,150.0,Second Line,30,528.25,11,7,28,1996-08-15,SWE,SWE,73,191,2014,5,18,138,,
2019-2020,Oskar Sundqvist,STL,F,212.0,80.0,,129.0,311.0,129.0,228.0,211.0,371.0,268.0,139.0,156.0,112.0,254.0,Bottom 6,57,819.68333333333,12,7,31,1994-03-23,SWE,SWE,75,220,2012,3,20,81,,
2019-2020,Par Lindholm,BOS,F,406.0,10.0,,107.0,336.0,20.0,401.0,430.0,409.0,375.0,263.0,248.0,134.0,399.0,Bottom 6,40,449.78333333333,3,2,33,1991-10-05,SWE,SWE,72,183,-,-,-,-,,
2019-2020,Pat Maroon,TBL,F,304.0,138.0,191.0,,255.0,31.0,297.0,303.0,243.0,267.0,396.0,79.0,,315.0,Bottom 6,64,794.48333333333,9,6,37,1988-04-23,USA,USA,75,234,2007,6,10,161,,
2019-2020,Patric Hornqvist,PIT,F,74.0,51.0,80.0,,288.0,163.0,9.0,58.0,192.0,221.0,65.0,80.0,,60.0,Second Line,52,828.46666666667,17,7,38,1987-01-01,SWE,SWE,71,189,2005,7,36,230,,
2019-2020,Patrice Bergeron,BOS,F,31.0,15.0,19.0,27.0,36.0,28.0,22.0,6.0,20.0,57.0,323.0,321.0,1.0,11.0,First Line,61,1143.0666666667,31,11,39,1985-07-24,CAN,CAN,73,196,2003,2,15,45,,
2019-2020,Patrick Kane,CHI,F,22.0,437.0,43.0,,182.0,435.0,12.0,24.0,40.0,17.0,141.0,422.0,,6.0,First Line,70,1493.85,33,34,36,1988-11-19,USA,USA,70,177,2007,1,1,1,,
2019-2020,Patrick Marleau,"PIT, SJS",F,229.0,380.0,153.0,,87.0,395.0,196.0,212.0,152.0,306.0,247.0,260.0,203.0,201.0,Second Line,66,1028.0666666667,11,6,45,1979-09-15,CAN,CAN,74,215,1997,1,2,2,,
2019-2020,Patrick Russell,EDM,F,429.0,63.0,,,417.0,91.0,283.0,,431.0,359.0,427.0,112.0,,418.0,Bottom 6,45,511.35,0,4,32,1993-01-04,DNK,DNK,73,203,-,-,-,-,,
2019-2020,Patrik Laine,WPG,F,120.0,422.0,14.0,,286.0,420.0,20.0,17.0,60.0,123.0,255.0,236.0,,35.0,First Line,68,1319.8833333333,28,17,27,1998-04-19,FIN,FIN,77,205,2016,1,2,2,,
2019-2020,Paul Byron,MTL,F,164.0,169.0,278.0,160.0,46.0,152.0,393.0,170.0,190.0,201.0,31.0,111.0,,226.0,Bottom 6,29,415.46666666667,4,4,36,1989-04-27,CAN,CAN,69,164,2007,6,28,179,,
2019-2020,Paul Stastny,VGK,F,107.0,88.0,126.0,145.0,19.0,89.0,265.0,180.0,255.0,106.0,297.0,295.0,14.0,131.0,Second Line,71,1216.0,17,11,39,1985-12-27,CAN,USA,72,193,2005,2,14,44,,
2019-2020,Pavel Buchnevich,NYR,F,119.0,417.0,79.0,,117.0,386.0,153.0,110.0,239.0,112.0,95.0,235.0,,132.0,Second Line,68,1151.2166666667,16,16,30,1995-04-17,RUS,RUS,73,196,2013,3,14,75,,
2019-2020,Pavel Zacha,NJD,F,366.0,424.0,89.0,7.0,280.0,407.0,330.0,316.0,313.0,150.0,179.0,231.0,114.0,224.0,Second Line,65,1057.3833333333,8,17,28,1997-04-06,CZE,CZE,76,199,2015,1,6,6,,
2019-2020,Phil Kessel,ARI,F,148.0,415.0,41.0,,163.0,346.0,87.0,128.0,6.0,31.0,354.0,437.0,,72.0,Second Line,70,1200.4,14,14,37,1987-10-02,USA,USA,71,208,2006,1,5,5,,
2019-2020,Phillip Danault,MTL,F,68.0,115.0,260.0,97.0,2.0,84.0,332.0,337.0,389.0,78.0,225.0,184.0,13.0,149.0,First Line,71,1337.9333333333,13,16,32,1993-02-24,CAN,CAN,73,200,2011,1,26,26,,
2019-2020,Phillip Di Giuseppe,NYR,F,271.0,84.0,,,90.0,242.0,92.0,419.0,92.0,316.0,332.0,41.0,,332.0,Bottom 6,20,225.76666666667,1,2,31,1993-10-09,CAN,CAN,72,193,2012,2,8,38,,
2019-2020,Pierre Engvall,TOR,F,239.0,329.0,,116.0,317.0,181.0,193.0,209.0,396.0,266.0,253.0,300.0,,337.0,Bottom 6,48,572.81666666667,8,6,29,1996-05-31,SWE,SWE,77,219,2014,7,8,188,,
2019-2020,Pierre-Edouard Bellemare,COL,F,263.0,7.0,,39.0,58.0,23.0,301.0,361.0,325.0,301.0,152.0,264.0,29.0,311.0,Bottom 6,69,925.98333333333,9,9,40,1985-03-06,FRA,FRA,71,198,-,-,-,-,,
2019-2020,Pierre-Luc Dubois,CBJ,F,85.0,123.0,150.0,,65.0,154.0,165.0,123.0,3.0,104.0,185.0,178.0,120.0,96.0,Second Line,70,1255.2333333333,18,18,27,1998-06-24,CAN,CAN,76,214,2016,1,3,3,,
2019-2020,Radek Faksa,DAL,F,324.0,111.0,222.0,71.0,341.0,197.0,327.0,253.0,433.0,340.0,361.0,170.0,62.0,230.0,Second Line,66,1048.8166666667,11,6,31,1994-01-09,CZE,CZE,75,225,2012,1,13,13,,
2019-2020,Rasmus Asplund,BUF,F,433.0,336.0,,,346.0,251.0,325.0,438.0,421.0,436.0,386.0,256.0,158.0,428.0,Bottom 6,29,314.18333333333,1,1,27,1997-12-03,SWE,SWE,71,185,2016,2,3,33,,
2019-2020,Reilly Smith,VGK,F,45.0,157.0,84.0,15.0,50.0,138.0,127.0,76.0,193.0,76.0,232.0,340.0,,78.0,Second Line,71,1271.6666666667,27,15,34,1991-04-01,CAN,CAN,73,185,2009,3,8,69,,
2019-2020,Richard Panik,WSH,F,99.0,193.0,266.0,188.0,41.0,180.0,240.0,205.0,191.0,235.0,359.0,101.0,,233.0,Bottom 6,59,668.86666666667,9,5,34,1991-02-07,SVK,SVK,73,203,2009,2,22,52,,
2019-2020,Rickard Rakell,ANA,F,149.0,411.0,63.0,,260.0,384.0,48.0,145.0,115.0,109.0,72.0,213.0,,71.0,First Line,65,1180.3333333333,15,15,32,1993-05-05,SWE,SWE,73,195,2011,1,30,30,,
2019-2020,Riley Nash,CBJ,F,387.0,2.0,,144.0,375.0,6.0,384.0,405.0,384.0,279.0,268.0,168.0,92.0,365.0,Bottom 6,64,757.98333333333,5,6,36,1989-05-09,CAN,CAN,74,188,2007,1,21,21,,
2019-2020,Riley Sheahan,EDM,F,384.0,202.0,,52.0,376.0,253.0,381.0,340.0,426.0,384.0,56.0,304.0,57.0,341.0,Bottom 6,66,844.33333333333,8,5,33,1991-12-07,CAN,CAN,74,214,2010,1,21,21,,
2019-2020,Robby Fabbri,"DET, STL",F,345.0,413.0,249.0,,363.0,365.0,271.0,302.0,211.0,334.0,87.0,207.0,,285.0,Second Line,61,985.06666666667,15,10,29,1996-01-22,CAN,CAN,71,185,2014,1,21,21,,
2019-2020,Robert Thomas,STL,F,224.0,92.0,185.0,,256.0,48.0,396.0,315.0,188.0,39.0,337.0,426.0,135.0,242.0,Bottom 6,66,961.2,10,21,26,1999-07-02,CAN,CAN,72,218,2017,1,20,20,,
2019-2020,Rocco Grimaldi,NSH,F,97.0,222.0,,,70.0,245.0,91.0,293.0,249.0,147.0,35.0,317.0,,284.0,Bottom 6,66,834.88333333333,10,12,32,1993-02-08,USA,USA,66,180,2011,2,3,33,,
2019-2020,Roope Hintz,DAL,F,255.0,131.0,177.0,,277.0,168.0,161.0,126.0,245.0,243.0,143.0,153.0,126.0,183.0,Bottom 6,60,884.13333333333,19,8,28,1996-11-17,FIN,FIN,75,215,2015,2,19,49,,
2019-2020,Ross Johnston,NYI,F,416.0,195.0,,,434.0,325.0,428.0,222.0,346.0,421.0,440.0,5.0,,424.0,Fringe,32,255.6,3,1,31,1994-02-18,CAN,CAN,77,230,-,-,-,-,,
2019-2020,Ryan Carpenter,CHI,F,364.0,168.0,,76.0,175.0,156.0,302.0,416.0,276.0,370.0,169.0,92.0,96.0,344.0,Bottom 6,69,971.06666666667,3,7,34,1991-01-18,USA,USA,73,198,-,-,-,-,,
2019-2020,Ryan Donato,MIN,F,110.0,116.0,268.0,,292.0,110.0,41.0,112.0,130.0,365.0,27.0,269.0,,216.0,Bottom 6,62,659.36666666667,14,2,29,1996-04-09,USA,USA,72,190,2014,2,26,56,,
2019-2020,Ryan Dzingel,CAR,F,232.0,367.0,127.0,,289.0,355.0,235.0,164.0,106.0,94.0,281.0,302.0,,168.0,Bottom 6,64,905.88333333333,8,14,33,1992-03-09,USA,USA,72,190,2011,7,23,204,,
2019-2020,Ryan Getzlaf,ANA,F,156.0,280.0,139.0,,31.0,372.0,245.0,291.0,274.0,95.0,380.0,126.0,48.0,87.0,First Line,69,1292.1666666667,13,15,40,1985-05-10,CAN,CAN,76,220,2003,1,19,19,,
2019-2020,Ryan Hartman,MIN,F,162.0,30.0,,148.0,167.0,77.0,116.0,274.0,268.0,287.0,252.0,157.0,,248.0,Bottom 6,69,845.63333333333,9,7,30,1994-09-20,USA,USA,72,197,2013,1,30,30,,
2019-2020,Ryan Johansen,NSH,F,179.0,356.0,162.0,9.0,9.0,356.0,392.0,276.0,43.0,125.0,393.0,274.0,26.0,158.0,Second Line,68,1159.75,14,8,32,1992-07-31,CAN,CAN,75,218,2010,1,4,4,,
2019-2020,Ryan Nugent-Hopkins,EDM,F,114.0,320.0,46.0,61.0,264.0,357.0,134.0,89.0,216.0,74.0,203.0,356.0,82.0,41.0,First Line,65,1330.3333333333,22,22,32,1993-04-12,CAN,CAN,72,195,2011,1,1,1,,
2019-2020,Ryan O'Reilly,STL,F,194.0,39.0,69.0,69.0,160.0,40.0,270.0,223.0,357.0,35.0,62.0,427.0,2.0,61.0,First Line,71,1460.75,12,27,34,1991-02-07,CAN,CAN,73,207,2009,2,3,33,,
2019-2020,Ryan Poehling,MTL,F,419.0,311.0,,,217.0,342.0,383.0,437.0,364.0,432.0,417.0,100.0,,432.0,Bottom 6,27,279.21666666667,1,1,26,1999-01-03,USA,USA,74,196,2017,1,25,25,,
2019-2020,Ryan Reaves,VGK,F,295.0,38.0,,,100.0,46.0,360.0,294.0,99.0,357.0,377.0,1.0,,403.0,Bottom 6,71,720.11666666667,8,4,38,1987-01-20,CAN,CAN,74,225,2005,5,31,156,,
2019-2020,Ryan Strome,NYR,F,204.0,414.0,86.0,142.0,76.0,378.0,287.0,184.0,230.0,79.0,420.0,285.0,100.0,142.0,First Line,70,1371.0333333333,18,27,31,1993-07-11,CAN,CAN,73,191,2011,1,5,5,,
2019-2020,Sam Bennett,CGY,F,163.0,224.0,250.0,,116.0,196.0,142.0,215.0,159.0,294.0,412.0,69.0,178.0,287.0,Bottom 6,52,650.58333333333,8,4,29,1996-06-20,CAN,CAN,73,195,2014,1,4,4,,
2019-2020,Sam Gagner,"DET, EDM",F,215.0,400.0,279.0,,72.0,321.0,78.0,255.0,170.0,256.0,375.0,297.0,185.0,227.0,Bottom 6,42,560.66666666667,6,4,35,1989-08-10,CAN,CAN,71,201,2007,1,6,6,,
2019-2020,Sam Lafferty,PIT,F,316.0,101.0,,,427.0,94.0,281.0,251.0,408.0,284.0,423.0,44.0,149.0,388.0,Bottom 6,50,481.03333333333,6,4,30,1995-03-06,USA,USA,73,195,2014,4,23,113,,
2019-2020,Sam Reinhart,BUF,F,137.0,200.0,134.0,,200.0,157.0,224.0,133.0,30.0,102.0,119.0,392.0,,95.0,First Line,69,1423.3666666667,22,17,29,1995-11-06,CAN,CAN,74,193,2014,1,2,2,,
2019-2020,Sam Steel,ANA,F,371.0,432.0,241.0,,356.0,428.0,368.0,252.0,66.0,197.0,392.0,393.0,130.0,264.0,Second Line,65,1010.7,6,10,27,1998-02-03,CAN,CAN,71,184,2016,1,30,30,,
2019-2020,Sammy Blais,STL,F,346.0,119.0,,,378.0,66.0,348.0,343.0,201.0,358.0,74.0,9.0,,386.0,Bottom 6,40,503.1,6,4,29,1996-06-17,CAN,CAN,74,206,2014,6,26,176,,
2019-2020,Scott Laughton,PHI,F,182.0,252.0,,30.0,318.0,246.0,277.0,155.0,382.0,227.0,329.0,73.0,45.0,213.0,Bottom 6,49,715.75,13,7,31,1994-05-30,CAN,CAN,73,190,2012,1,20,20,,
2019-2020,Scott Sabourin,OTT,F,367.0,399.0,,,420.0,433.0,252.0,379.0,204.0,336.0,438.0,7.0,,428.0,Fringe,35,245.5,2,2,32,1992-07-30,CAN,CAN,75,208,-,-,-,-,,
2019-2020,Sean Couturier,PHI,F,65.0,162.0,88.0,19.0,56.0,99.0,130.0,94.0,295.0,81.0,130.0,337.0,9.0,38.0,First Line,69,1368.3833333333,22,15,32,1992-12-07,USA,CAN,75,211,2011,1,8,8,,
2019-2020,Sean Kuraly,BOS,F,299.0,190.0,,81.0,279.0,170.0,191.0,382.0,412.0,270.0,256.0,68.0,68.0,291.0,Bottom 6,69,917.03333333333,6,9,32,1993-01-20,USA,USA,74,213,2011,5,12,133,,
2019-2020,Sean Monahan,CGY,F,88.0,342.0,49.0,,122.0,341.0,99.0,48.0,55.0,67.0,126.0,335.0,49.0,53.0,First Line,70,1267.1166666667,22,13,30,1994-10-12,CAN,CAN,74,196,2013,1,6,6,,
2019-2020,Sebastian Aho,CAR,F,30.0,268.0,21.0,120.0,11.0,219.0,59.0,15.0,47.0,62.0,115.0,310.0,172.0,25.0,First Line,68,1320.8166666667,38,16,27,1997-07-26,FIN,FIN,72,176,2015,2,5,35,,
2019-2020,Sidney Crosby,PIT,F,21.0,306.0,20.0,,12.0,271.0,131.0,54.0,9.0,7.0,91.0,309.0,7.0,15.0,First Line,41,830.91666666667,16,20,37,1987-08-07,CAN,CAN,71,200,2005,1,1,1,,
2019-2020,Sonny Milano,"ANA, CBJ",F,165.0,305.0,195.0,,138.0,238.0,309.0,141.0,96.0,250.0,196.0,322.0,,292.0,Bottom 6,55,720.33333333333,7,9,29,1996-05-12,USA,USA,72,194,2014,1,16,16,,
2019-2020,Stefan Noesen,"PIT, SJS",F,308.0,34.0,,,379.0,73.0,126.0,245.0,282.0,418.0,402.0,58.0,,302.0,Bottom 6,40,461.26666666667,7,1,32,1993-02-12,USA,USA,73,205,2011,1,21,21,,
2019-2020,Steven Stamkos,TBL,F,15.0,256.0,6.0,,63.0,234.0,32.0,5.0,36.0,11.0,166.0,255.0,37.0,13.0,First Line,57,1049.95,29,24,35,1990-02-07,CAN,CAN,72,182,2008,1,1,1,,
2019-2020,T.J. Oshie,WSH,F,178.0,201.0,96.0,,155.0,323.0,255.0,60.0,250.0,136.0,42.0,164.0,183.0,83.0,First Line,69,1260.3666666667,26,15,38,1986-12-23,USA,USA,72,187,2005,1,24,24,,
2019-2020,Tanner Pearson,VAN,F,166.0,362.0,123.0,147.0,191.0,387.0,101.0,109.0,233.0,260.0,171.0,147.0,,144.0,Second Line,69,1139.3333333333,21,11,32,1992-08-10,CAN,CAN,73,201,2012,1,30,30,,
2019-2020,Taro Hirose,DET,F,439.0,330.0,209.0,,433.0,376.0,437.0,414.0,386.0,307.0,414.0,342.0,,384.0,Bottom 6,26,326.41666666667,2,3,29,1996-06-30,CAN,CAN,70,162,-,-,-,-,,
2019-2020,Taylor Hall,"ARI, NJD",F,29.0,213.0,34.0,,112.0,268.0,16.0,116.0,131.0,10.0,195.0,318.0,,18.0,First Line,65,1246.3,16,28,33,1991-11-14,CAN,CAN,73,210,2010,1,1,1,,
2019-2020,Teddy Blueger,PIT,F,322.0,71.0,,152.0,389.0,33.0,344.0,197.0,420.0,318.0,374.0,106.0,137.0,293.0,Second Line,69,1091.0,9,8,30,1994-08-15,LVA,LVA,72,185,2012,2,22,52,,
2019-2020,Teuvo Teravainen,CAR,F,54.0,206.0,10.0,119.0,6.0,121.0,123.0,191.0,79.0,13.0,219.0,420.0,,57.0,First Line,68,1305.1333333333,15,32,30,1994-09-11,FIN,FIN,71,191,2012,1,18,18,,
2019-2020,Tim Schaller,"LAK, VAN",F,377.0,300.0,,63.0,393.0,344.0,375.0,368.0,404.0,405.0,187.0,125.0,,395.0,Bottom 6,53,612.85,5,0,34,1990-11-16,USA,USA,74,204,-,-,-,-,,
2019-2020,Timo Meier,SJS,F,14.0,214.0,101.0,,98.0,247.0,21.0,57.0,181.0,111.0,90.0,122.0,,59.0,Second Line,70,1209.8,22,15,28,1996-10-08,CHE,CHE,73,220,2015,1,9,9,,
2019-2020,Tobias Rieder,CGY,F,352.0,124.0,,79.0,330.0,232.0,213.0,425.0,334.0,300.0,32.0,232.0,,361.0,Bottom 6,55,609.6,4,5,32,1993-01-10,DEU,DEU,71,189,2011,4,23,114,,
2019-2020,Tom Kuhnhackl,NYI,F,393.0,358.0,,198.0,373.0,432.0,406.0,355.0,281.0,355.0,82.0,109.0,,357.0,Bottom 6,28,316.36666666667,3,2,33,1992-01-21,DEU,DEU,74,196,2010,4,20,110,,
2019-2020,Tom Wilson,WSH,F,157.0,389.0,218.0,47.0,120.0,410.0,207.0,99.0,121.0,217.0,344.0,31.0,,109.0,First Line,68,1242.4666666667,21,12,31,1994-03-29,CAN,CAN,76,220,2012,1,16,16,,
2019-2020,Tomas Hertl,SJS,F,60.0,167.0,91.0,17.0,66.0,200.0,151.0,55.0,200.0,77.0,133.0,332.0,31.0,55.0,First Line,48,885.36666666667,16,12,31,1993-11-12,CZE,CZE,75,215,2012,1,17,17,,
2019-2020,Tomas Nosek,VGK,F,227.0,68.0,,74.0,203.0,51.0,158.0,312.0,149.0,379.0,183.0,135.0,182.0,325.0,Bottom 6,67,777.58333333333,8,2,32,1992-09-01,CZE,CZE,75,205,-,-,-,-,,
2019-2020,Tomas Tatar,MTL,F,25.0,137.0,71.0,,1.0,93.0,74.0,64.0,324.0,65.0,367.0,219.0,,85.0,Second Line,68,1108.0,22,18,34,1990-12-01,SVK,SVK,70,173,2009,2,30,60,,
2019-2020,Travis Boyd,WSH,F,210.0,149.0,,,278.0,173.0,416.0,313.0,232.0,48.0,209.0,352.0,141.0,342.0,Bottom 6,24,282.06666666667,3,5,31,1993-09-14,USA,USA,72,190,2011,6,26,177,,
2019-2020,Travis Konecny,PHI,F,38.0,235.0,113.0,,92.0,244.0,107.0,40.0,198.0,75.0,47.0,242.0,,82.0,Second Line,66,1109.05,24,19,28,1997-03-11,CAN,CAN,70,175,2015,1,24,24,,
2019-2020,Travis Zajac,NJD,F,355.0,295.0,251.0,18.0,158.0,320.0,429.0,306.0,403.0,374.0,333.0,278.0,18.0,232.0,Second Line,69,1179.6,9,7,40,1985-05-13,CAN,CAN,74,185,2004,1,20,20,,
2019-2020,Trevor Lewis,LAK,F,203.0,197.0,,177.0,185.0,155.0,106.0,363.0,213.0,299.0,110.0,139.0,,283.0,Bottom 6,56,666.45,6,4,38,1987-01-08,USA,USA,73,201,2006,1,17,17,,
2019-2020,Trevor Moore,"LAK, TOR",F,287.0,192.0,,153.0,353.0,171.0,251.0,327.0,297.0,333.0,128.0,173.0,,369.0,Bottom 6,42,541.71666666667,6,3,30,1995-03-31,USA,USA,70,195,-,-,-,-,,
2019-2020,Troy Terry,ANA,F,359.0,267.0,256.0,,257.0,293.0,395.0,391.0,53.0,130.0,6.0,440.0,,331.0,Bottom 6,47,682.36666666667,4,9,27,1997-09-10,USA,USA,72,185,2015,5,27,148,,
2019-2020,Tyler Bertuzzi,DET,F,186.0,349.0,155.0,,269.0,326.0,279.0,134.0,189.0,140.0,58.0,239.0,,136.0,First Line,71,1371.3166666667,21,18,30,1995-02-24,CAN,CAN,73,186,2013,2,28,58,,
2019-2020,Tyler Bozak,STL,F,237.0,91.0,105.0,125.0,215.0,57.0,249.0,241.0,187.0,193.0,222.0,346.0,28.0,189.0,Bottom 6,67,1026.15,13,9,39,1986-03-19,CAN,CAN,73,187,-,-,-,-,,
2019-2020,Tyler Ennis,"EDM, OTT",F,105.0,194.0,215.0,,285.0,221.0,60.0,92.0,235.0,134.0,36.0,158.0,,195.0,Bottom 6,70,1029.6,16,15,35,1989-10-06,CAN,CAN,69,160,2008,1,26,26,,
2019-2020,Tyler Johnson,TBL,F,86.0,310.0,161.0,197.0,97.0,269.0,162.0,84.0,161.0,202.0,224.0,272.0,77.0,160.0,Bottom 6,65,945.3,14,10,34,1990-07-29,USA,USA,68,185,-,-,-,-,,
2019-2020,Tyler Motte,VAN,F,351.0,279.0,,132.0,396.0,436.0,273.0,331.0,427.0,391.0,29.0,24.0,,312.0,Bottom 6,34,445.96666666667,4,3,30,1995-03-10,USA,USA,70,192,2013,4,30,121,,
2019-2020,Tyler Pitlick,PHI,F,260.0,53.0,,143.0,394.0,79.0,253.0,236.0,356.0,280.0,93.0,65.0,,281.0,Bottom 6,63,759.11666666667,8,10,33,1991-11-01,USA,USA,74,200,2010,2,1,31,,
2019-2020,Tyler Seguin,DAL,F,75.0,321.0,11.0,168.0,137.0,267.0,8.0,108.0,85.0,38.0,159.0,265.0,15.0,19.0,First Line,69,1321.2666666667,17,20,33,1992-01-31,CAN,CAN,73,205,2010,1,2,2,,
2019-2020,Tyler Toffoli,"LAK, VAN",F,50.0,232.0,117.0,139.0,80.0,140.0,23.0,115.0,207.0,208.0,145.0,326.0,,110.0,Second Line,68,1145.7,24,11,33,1992-04-24,CAN,CAN,72,203,2010,2,17,47,,
2019-2020,Tyson Jost,COL,F,248.0,121.0,160.0,,287.0,137.0,141.0,273.0,246.0,265.0,10.0,253.0,176.0,252.0,Bottom 6,67,855.4,8,8,27,1998-03-14,CAN,CAN,71,187,2016,1,10,10,,
2019-2020,Valeri Nichushkin,COL,F,326.0,23.0,263.0,,234.0,14.0,278.0,384.0,366.0,364.0,28.0,155.0,,321.0,Bottom 6,65,914.73333333333,13,6,30,1995-03-04,RUS,RUS,76,210,2013,1,10,10,,
2019-2020,Valtteri Filppula,DET,F,391.0,386.0,235.0,101.0,362.0,367.0,439.0,311.0,261.0,311.0,161.0,413.0,94.0,316.0,Second Line,70,1162.8666666667,6,8,41,1984-03-20,FIN,FIN,72,189,2002,3,32,95,,
2019-2020,Victor Olofsson,BUF,F,354.0,360.0,198.0,,350.0,292.0,190.0,73.0,148.0,218.0,364.0,438.0,,102.0,First Line,54,992.71666666667,20,10,29,1995-07-18,SWE,SWE,71,181,2014,7,1,181,,
2019-2020,Victor Rask,MIN,F,281.0,203.0,259.0,,78.0,149.0,353.0,328.0,82.0,351.0,117.0,249.0,101.0,373.0,Bottom 6,43,450.73333333333,5,3,32,1993-03-01,SWE,SWE,74,199,2011,2,12,42,,
2019-2020,Viktor Arvidsson,NSH,F,20.0,405.0,140.0,155.0,42.0,382.0,37.0,22.0,58.0,305.0,44.0,389.0,,77.0,Second Line,57,923.51666666667,15,7,32,1993-04-08,SWE,SWE,70,185,2014,4,22,112,,
2019-2020,Vincent Trocheck,"CAR, FLA",F,161.0,297.0,111.0,162.0,135.0,296.0,75.0,260.0,220.0,89.0,285.0,131.0,39.0,81.0,Second Line,62,1036.9833333333,11,17,31,1993-07-11,USA,USA,71,184,2011,3,3,64,,
2019-2020,Vinnie Hinostroza,ARI,F,170.0,215.0,245.0,170.0,108.0,260.0,88.0,330.0,368.0,183.0,26.0,262.0,,203.0,Bottom 6,68,891.23333333333,5,5,31,1994-04-03,USA,USA,70,183,2012,6,18,169,,
2019-2020,Vladislav Kamenev,COL,F,423.0,89.0,,,416.0,118.0,310.0,413.0,194.0,166.0,429.0,144.0,197.0,413.0,Bottom 6,38,341.1,1,6,28,1996-08-12,RUS,RUS,74,194,2014,2,12,42,,
2019-2020,Vladislav Namestnikov,"COL, NYR, OTT",F,340.0,262.0,138.0,140.0,295.0,348.0,307.0,159.0,248.0,223.0,308.0,121.0,205.0,184.0,Bottom 6,65,978.78333333333,17,8,32,1992-11-22,RUS,RUS,72,179,2011,1,27,27,,
2019-2020,Warren Foegele,CAR,F,160.0,238.0,,108.0,93.0,188.0,188.0,244.0,180.0,331.0,140.0,148.0,,299.0,Bottom 6,68,932.25,13,10,29,1996-04-01,CAN,CAN,74,198,2014,3,7,67,,
2019-2020,Wayne Simmonds,"BUF, NJD",F,349.0,316.0,109.0,195.0,301.0,347.0,178.0,257.0,290.0,239.0,395.0,81.0,,196.0,Bottom 6,68,1014.7,8,10,36,1988-08-26,CAN,CAN,74,184,2007,2,31,61,,
2019-2020,William Carrier,VGK,F,141.0,76.0,,,150.0,52.0,69.0,281.0,76.0,257.0,249.0,4.0,,378.0,Bottom 6,71,700.93333333333,7,11,30,1994-12-20,CAN,CAN,74,218,2013,2,27,57,,
2019-2020,William Karlsson,VGK,F,70.0,85.0,68.0,10.0,23.0,122.0,211.0,122.0,217.0,91.0,125.0,365.0,73.0,84.0,First Line,63,1188.45,15,19,32,1993-01-08,SWE,SWE,72,190,2011,2,23,53,,
2019-2020,William Nylander,TOR,F,36.0,369.0,94.0,,18.0,313.0,55.0,88.0,33.0,72.0,67.0,431.0,54.0,88.0,First Line,68,1238.1833333333,31,18,29,1996-05-01,CAN,SWE,72,204,2014,1,8,8,,
2019-2020,Yakov Trenin,NSH,F,241.0,66.0,,,344.0,145.0,219.0,345.0,367.0,186.0,384.0,33.0,,370.0,Bottom 6,21,204.43333333333,2,2,28,1997-01-13,RUS,RUS,74,201,2015,2,25,55,,
2019-2020,Yanni Gourde,TBL,F,151.0,130.0,240.0,12.0,71.0,107.0,276.0,161.0,273.0,133.0,221.0,193.0,184.0,186.0,Bottom 6,70,984.58333333333,10,9,33,1991-12-15,CAN,CAN,69,174,-,-,-,-,,
2019-2020,Zac Rinaldo,CGY,F,266.0,160.0,,,355.0,250.0,326.0,193.0,252.0,335.0,434.0,3.0,,410.0,Fringe,19,157.11666666667,3,1,35,1990-06-15,CAN,CAN,70,192,2008,6,27,178,,
2019-2020,Zach Aston-Reese,PIT,F,320.0,8.0,,110.0,381.0,8.0,204.0,314.0,418.0,404.0,403.0,35.0,,255.0,Bottom 6,57,822.38333333333,6,4,30,1994-08-10,USA,USA,73,205,-,-,-,-,,
2019-2020,Zach Hyman,TOR,F,89.0,410.0,,49.0,13.0,401.0,239.0,75.0,175.0,248.0,254.0,205.0,169.0,120.0,First Line,51,973.9,21,8,33,1992-06-09,CAN,CAN,73,211,2010,5,3,123,,
2019-2020,Zach Parise,MIN,F,169.0,86.0,51.0,122.0,211.0,106.0,77.0,39.0,116.0,169.0,25.0,383.0,,56.0,Second Line,69,1186.5833333333,25,11,40,1984-07-28,USA,USA,71,195,2003,1,17,17,,
2019-2020,Zach Sanford,STL,F,200.0,45.0,,,329.0,86.0,275.0,139.0,318.0,241.0,382.0,138.0,,237.0,Bottom 6,58,796.51666666667,16,7,30,1994-11-09,USA,USA,76,206,2013,2,31,61,,
2019-2020,Zack Kassian,EDM,F,201.0,430.0,,158.0,193.0,375.0,311.0,166.0,122.0,232.0,425.0,49.0,,251.0,Second Line,59,924.06666666667,15,11,34,1991-01-24,CAN,CAN,75,211,2009,1,13,13,,
2019-2020,Zack Smith,CHI,F,390.0,396.0,284.0,44.0,324.0,381.0,398.0,394.0,337.0,271.0,419.0,64.0,85.0,345.0,Bottom 6,50,589.33333333333,4,5,37,1988-04-05,CAN,CAN,74,208,2008,3,18,79,,
2019-2020,Zemgus Girgensons,BUF,F,385.0,107.0,,65.0,395.0,21.0,371.0,334.0,413.0,411.0,155.0,93.0,,359.0,Bottom 6,69,951.76666666667,12,4,31,1994-01-05,LVA,LVA,74,200,2012,1,14,14,,
