Season,Player ID,Player,Team,Position,ovr_pct,evo_pct,evd_pct,ppl_pct,pkl_pct,fin_pct,gol_pct,xgl_pct,ast_pct,pen_pct,hit_pct,ozs_pct,pdo_pct,tmt_pct,cmp_pct,ovr_rank,evo_rank,evd_rank,ppl_rank,pkl_rank,fin_rank,gol_rank,xgl_rank,ast_rank,pen_rank,hit_rank,ozs_rank,pdo_rank,tmt_rank,cmp_rank,all_players,ppl_players,pkl_players,Role,GP,TOI,Goals,Total Assists,Total Points,ixG,GF%,xGF%,Specific Position,Height (in),Weight (lbs),Date of Birth,Birth Country,Draft Year,Draft Round,Overall Draft Position,Shoots Catches,Age,ovr_history,evo_history,evd_history,team_history
2012-2013,8470310,Aaron Rome,DAL,D,4.3,9.1,18.6,,17.5,55.8,35.1,22.9,42.4,10.0,76.2,6.5,54.5,39.4,10.4,222,211,189,,147.0,103,146,179,134,208,56,216,106,141,208,231,123,177,Third Pair,27.0,414.02,0.0,5.0,5.0,0.5,44.83,41.77,D,73.0,220.0,1983-09-27,CAN,2002.0,4.0,104.0,L,28,"[None, 6, 3, 27, 4]","[None, 29, 19, 21, 7]","[None, 17, 13, 39, 15]","[None, 'VAN', 'VAN', 'VAN', 'DAL']"
2012-2013,8476457,Adam Larsson,NJD,D,36.8,13.0,62.3,,55.4,36.8,20.3,13.4,69.3,59.3,53.2,26.8,42.4,87.4,27.7,147,202,88,,80.0,147,179,201,72,94,109,169,134,30,168,231,123,177,Second Pair,37.0,669.75,0.0,6.0,6.0,0.88,50.0,49.12,D,75.0,207.0,1992-11-12,SWE,2011.0,1.0,4.0,R,19,"[None, None, None, 56, 21]","[None, None, None, 41, 4]","[None, None, None, 67, 57]","[None, None, None, 'NJD', 'NJD']"
2012-2013,8471717,Adam McQuaid,BOS,D,65.8,34.2,83.5,,,67.5,49.4,23.4,25.1,39.0,77.5,35.1,88.7,59.3,4.8,80,153,39,,,76,113,178,171,141,53,151,27,95,221,231,123,177,Third Pair,32.0,457.35,1.0,3.0,4.0,1.11,48.28,52.09,D,76.0,210.0,1986-10-12,CAN,2005.0,2.0,55.0,R,25,"[None, None, 91, 66, 45]","[None, None, 60, 43, 20]","[None, None, 91, 74, 81]","[None, None, 'BOS', 'BOS', 'BOS']"
2012-2013,8471385,Adam Pardy,BUF,D,58.9,36.8,79.7,,54.8,34.2,12.6,11.3,48.9,46.3,70.1,43.7,82.7,8.7,17.3,96,147,48,,81.0,153,197,206,119,124,70,131,41,212,192,231,123,177,Third Pair,17.0,280.62,0.0,4.0,4.0,0.34,61.11,44.02,D,76.0,227.0,1984-03-29,CAN,2004.0,6.0,173.0,L,28,"[None, 74, 78, 63, 51]","[None, 56, 57, 43, 30]","[None, 89, 87, 73, 79]","[None, 'CGY', 'CGY', 'DAL', 'BUF']"
2012-2013,8459053,Adrian Aucoin,CBJ,D,16.5,23.8,48.5,,18.1,23.8,21.2,25.1,43.3,12.1,23.8,61.9,71.0,34.6,48.5,194,177,120,,146.0,177,177,174,132,203,177,89,68,152,120,231,123,177,Third Pair,36.0,588.0,0.0,4.0,4.0,0.57,40.62,43.89,D,74.0,215.0,1973-07-03,CAN,1992.0,5.0,117.0,R,39,"[None, 54, 26, 17, 17]","[None, 57, 53, 41, 12]","[None, 80, 42, 58, 47]","[None, 'PHX', 'PHX', 'PHX', 'CBJ']"
2012-2013,8474166,Alec Martinez,LAK,D,78.4,58.4,82.3,35.0,,63.6,51.9,46.8,7.8,67.1,57.1,92.2,7.4,83.1,2.2,51,97,42,81.0,,85,107,124,209,76,100,19,215,40,227,231,123,177,Third Pair,27.0,432.62,1.0,4.0,5.0,1.27,38.89,58.62,D,73.0,210.0,1987-07-26,USA,2007.0,4.0,95.0,L,25,"[None, None, 72, 89, 69]","[None, None, 57, 71, 54]","[None, None, 69, 78, 87]","[None, None, 'LAK', 'LAK', 'LAK']"
2012-2013,8471274,Alex Goligoski,DAL,D,100.0,97.0,81.4,82.1,57.1,88.3,90.9,86.1,77.1,84.0,34.2,69.3,79.2,30.7,66.7,1,8,44,23.0,77.0,28,20,33,54,38,153,72,49,161,78,231,123,177,First Pair,47.0,1052.12,3.0,24.0,27.0,4.62,55.41,50.08,D,71.0,173.0,1985-07-30,USA,2004.0,2.0,61.0,L,27,"[None, 87, 94, 100, 97]","[None, 77, 85, 99, 97]","[None, 42, 53, 90, 81]","[None, 'PIT', 'DAL', 'DAL', 'DAL']"
2012-2013,8474565,Alex Pietrangelo,STL,D,93.5,91.8,61.0,71.5,98.9,62.3,73.2,92.2,92.6,96.5,24.2,70.1,54.1,71.0,84.4,16,20,91,36.0,3.0,88,59,19,18,9,176,70,107,68,37,231,123,177,First Pair,47.0,1180.3,5.0,19.0,24.0,5.63,52.17,50.63,D,75.0,215.0,1990-01-18,CAN,2008.0,1.0,4.0,R,22,"[None, None, 97, 91, 92]","[None, None, 75, 95, 90]","[None, None, 62, 48, 63]","[None, None, 'STL', 'STL', 'STL']"
2012-2013,8471303,Alexander Edler,VAN,D,59.3,35.9,38.1,65.9,79.1,96.1,83.1,86.6,81.0,48.5,82.3,95.7,55.8,77.9,51.9,95,149,144,43.0,38.0,10,38,32,45,119,42,11,103,52,112,231,123,177,First Pair,45.0,1073.17,8.0,14.0,22.0,4.87,47.37,47.21,D,76.0,210.0,1986-04-21,SWE,2004.0,3.0,91.0,L,26,"[None, 35, 72, 46, 64]","[None, 26, 68, 15, 44]","[None, 60, 50, 49, 29]","[None, 'VAN', 'VAN', 'VAN', 'VAN']"
2012-2013,8470685,Alexander Sulzer,BUF,D,69.7,68.0,37.2,,51.4,91.3,97.8,58.0,19.0,80.5,26.4,51.1,87.0,42.9,23.4,71,75,146,,87.0,21,5,98,185,46,171,114,31,133,178,231,123,177,Third Pair,17.0,280.92,3.0,1.0,4.0,0.69,55.0,48.98,D,73.0,198.0,1984-05-30,DEU,2003.0,3.0,92.0,L,28,"[None, None, 62, 76, 72]","[None, None, 55, 75, 69]","[None, None, 33, 39, 37]","[None, None, 'FLA', 'BUF', 'BUF']"
2012-2013,8471296,Alexei Emelin,MTL,D,68.0,39.8,48.1,,27.7,74.5,61.5,31.2,61.9,99.6,96.5,38.5,21.6,39.8,44.6,75,140,121,,129.0,60,86,160,89,2,9,143,182,140,129,231,123,177,Second Pair,38.0,747.33,3.0,9.0,12.0,1.58,50.98,51.58,D,74.0,218.0,1986-04-25,RUS,2004.0,3.0,84.0,L,26,"[None, None, None, 79, 59]","[None, None, None, 45, 37]","[None, None, None, 38, 58]","[None, None, None, 'MTL', 'MTL']"
2012-2013,8470378,Andre Benoit,OTT,D,86.6,78.4,77.5,75.6,,72.7,80.5,87.9,20.3,74.5,38.1,94.4,13.4,67.5,89.6,32,51,53,31.0,,64,43,29,182,59,144,14,201,76,25,231,123,177,Third Pair,33.0,541.78,3.0,7.0,10.0,2.58,48.28,56.35,D,71.0,190.0,1984-01-06,CAN,,,,L,28,"[None, None, None, None, 81]","[None, None, None, None, 72]","[None, None, None, None, 74]","[None, None, None, None, 'OTT']"
2012-2013,8467496,Andrei Markov,MTL,D,69.3,81.8,25.5,38.2,10.2,89.6,60.6,34.2,10.4,88.3,1.3,58.9,23.4,80.1,94.8,72,43,173,77.0,160.0,25,88,153,203,28,229,96,178,47,13,231,123,177,First Pair,48.0,1158.22,10.0,20.0,30.0,5.37,45.9,50.9,D,72.0,200.0,1978-12-20,RUS,1998.0,6.0,162.0,L,33,"[None, 59, None, None, 63]","[None, 91, None, None, 77]","[None, 7, None, None, 27]","[None, 'MTL', None, None, 'MTL']"
2012-2013,8471236,Andrej Meszaros,PHI,D,37.7,68.8,28.6,20.3,41.2,53.7,48.1,62.3,94.4,35.5,73.6,15.6,29.0,42.0,54.1,145,73,166,99.0,105.0,108,116,88,14,149,62,195,165,135,107,231,123,177,Second Pair,11.0,203.08,0.0,2.0,2.0,0.62,22.22,33.01,D,74.0,223.0,1985-10-13,SVK,2004.0,1.0,23.0,L,26,"[None, 15, 44, 58, 25]","[None, 24, 83, 81, 35]","[None, 52, 48, 28, 23]","[None, 'TBL', 'PHI', 'PHI', 'PHI']"
2012-2013,8471284,Andrej Sekera,BUF,D,59.7,49.4,49.8,72.4,82.5,37.7,61.9,66.2,80.5,76.2,28.1,33.3,72.3,16.9,67.1,94,118,117,35.0,32.0,145,85,79,46,55,167,155,65,193,77,231,123,177,Second Pair,37.0,784.7,2.0,10.0,12.0,2.11,46.0,40.98,D,72.0,200.0,1986-06-08,SVK,2004.0,3.0,71.0,L,26,"[None, 68, 77, 71, 44]","[None, 59, 69, 33, 60]","[None, 24, 56, 82, 19]","[None, 'BUF', 'BUF', 'BUF', 'BUF']"
2012-2013,8469626,Andrew Alberts,VAN,D,19.0,20.3,39.0,,48.6,51.1,28.6,16.5,11.7,16.0,86.1,0.9,47.2,40.3,2.6,188,185,142,,92.0,114,161,194,200,194,33,229,123,139,226,231,123,177,Third Pair,24.0,364.3,0.0,1.0,1.0,0.84,31.58,42.2,D,77.0,218.0,1981-06-30,USA,2001.0,6.0,179.0,L,31,"[None, 48, 11, 45, 13]","[None, 83, 36, 46, 10]","[None, 45, 36, 52, 33]","[None, 'VAN', 'VAN', 'VAN', 'VAN']"
2012-2013,8466333,Andrew Ference,BOS,D,37.2,26.0,35.5,,78.5,81.8,72.7,65.4,64.1,38.1,58.4,58.0,85.3,79.7,12.1,146,172,150,,39.0,43,60,81,84,143,97,98,35,48,204,231,123,177,Second Pair,48.0,935.5,4.0,9.0,13.0,2.87,51.72,51.09,D,71.0,182.0,1979-03-17,CAN,1997.0,8.0,208.0,L,33,"[None, 60, 66, 19, 40]","[None, 43, 53, 6, 49]","[None, 70, 59, 15, 38]","[None, 'BOS', 'BOS', 'BOS', 'BOS']"
2012-2013,8473584,Andrew MacDonald,NYI,D,14.7,14.3,24.2,30.9,13.0,48.5,51.1,48.5,21.6,74.0,19.5,19.9,34.2,76.6,68.0,198,199,176,86.0,155.0,120,109,120,179,60,187,185,153,55,75,231,123,177,First Pair,48.0,1129.15,3.0,9.0,12.0,2.91,44.78,51.01,D,73.0,204.0,1986-09-07,CAN,2006.0,6.0,160.0,L,25,"[None, 17, 7, 28, 20]","[None, 2, 12, 10, 30]","[None, 59, 20, 33, 24]","[None, 'NYI', 'NYI', 'NYI', 'NYI']"
2012-2013,8472382,Andy Greene,NJD,D,85.3,12.6,98.7,8.1,93.8,28.6,29.4,32.0,59.7,79.7,23.4,47.6,40.7,70.6,37.7,35,203,4,114.0,12.0,166,159,158,94,48,178,122,138,69,145,231,123,177,First Pair,48.0,1105.97,4.0,12.0,16.0,3.24,58.33,57.22,D,71.0,190.0,1982-10-30,USA,,,,L,29,"[None, 83, 79, 70, 90]","[None, 49, 34, 8, 16]","[None, 85, 96, 94, 100]","[None, 'NJD', 'NJD', 'NJD', 'NJD']"
2012-2013,8471873,Anton Stralman,NYR,D,64.9,71.9,55.8,78.0,61.6,48.9,66.2,77.5,44.6,50.6,63.2,81.8,59.7,83.5,20.8,82,66,103,28.0,69.0,119,75,53,129,114,86,43,94,39,184,231,123,177,Second Pair,48.0,866.3,4.0,3.0,7.0,3.27,59.09,55.94,D,71.0,193.0,1986-08-01,SWE,2005.0,7.0,216.0,R,26,"[None, 51, 50, 54, 79]","[None, 30, 59, 47, 84]","[None, 71, 41, 68, 51]","[None, 'CBJ', 'CBJ', 'NYR', 'NYR']"
2012-2013,8468501,Anton Volchenkov,NJD,D,71.9,53.7,92.2,,90.4,16.9,29.9,45.5,31.6,11.3,79.7,48.5,7.8,64.9,30.3,66,108,19,,18.0,193,158,127,157,205,48,120,214,82,162,231,123,177,Third Pair,37.0,593.95,1.0,4.0,5.0,1.37,38.71,54.23,D,73.0,220.0,1982-02-25,RUS,2000.0,1.0,21.0,L,30,"[None, 91, 56, 85, 68]","[None, 76, 38, 48, 73]","[None, 76, 89, 97, 87]","[None, 'OTT', 'NJD', 'NJD', 'NJD']"
2012-2013,8467890,Barret Jackman,STL,D,48.9,55.4,32.9,,93.2,41.1,35.5,10.4,47.2,55.0,44.2,11.7,77.1,72.7,74.5,119,104,156,,13.0,137,145,208,123,104,130,204,54,64,60,231,123,177,Second Pair,46.0,888.78,3.0,9.0,12.0,0.84,54.55,48.06,D,72.0,203.0,1981-03-05,CAN,1999.0,1.0,17.0,L,31,"[None, 19, 34, 61, 55]","[None, 66, 66, 78, 37]","[None, 14, 15, 30, 47]","[None, 'STL', 'STL', 'STL', 'STL']"
2012-2013,8473933,Ben Lovejoy,ANA,D,67.1,79.2,74.0,,42.9,15.6,38.1,64.9,73.6,26.8,72.3,82.3,46.3,66.7,7.8,77,49,61,,102.0,196,139,82,62,169,65,42,125,78,214,231,123,177,Third Pair,35.0,623.92,0.0,10.0,10.0,1.9,53.85,55.93,D,73.0,205.0,1984-02-20,USA,,,,R,28,"[None, None, 70, 62, 73]","[None, None, 65, 63, 87]","[None, None, 57, 68, 84]","[None, None, 'PIT', 'PIT', 'ANA']"
2012-2013,8473610,Bobby Sanguinetti,CAR,D,87.4,90.5,38.5,,46.9,69.3,72.3,74.0,6.1,99.1,54.5,99.6,2.2,26.8,76.2,30,23,143,,95.0,72,61,61,213,3,106,2,227,170,56,231,123,177,Third Pair,37.0,545.85,2.0,4.0,6.0,1.98,42.5,55.0,D,75.0,188.0,1988-02-29,USA,2006.0,1.0,21.0,R,24,"[None, None, None, None, 83]","[None, None, None, None, 88]","[None, None, None, None, 36]","[None, None, None, None, 'CAR']"
2012-2013,8467331,Brad Stuart,SJS,D,19.9,45.9,17.7,,7.3,20.8,35.9,59.3,50.2,74.9,78.8,42.4,78.4,94.8,64.9,186,126,191,,165.0,184,144,95,116,58,50,134,51,13,82,231,123,177,Second Pair,48.0,981.97,0.0,6.0,6.0,1.84,54.55,51.69,D,74.0,215.0,1979-11-06,CAN,1998.0,1.0,3.0,L,32,"[None, 10, 37, 26, 18]","[None, 60, 72, 24, 56]","[None, 7, 32, 14, 17]","[None, 'DET', 'DET', 'DET', 'SJS']"
2012-2013,8470601,Braydon Coburn,PHI,D,8.7,42.0,24.7,,64.4,20.3,52.8,80.1,61.5,3.0,80.5,17.7,15.2,61.0,77.1,212,135,175,,64.0,185,105,47,90,224,46,190,197,91,54,231,123,177,First Pair,33.0,746.33,1.0,4.0,5.0,1.9,39.13,43.25,D,77.0,224.0,1985-02-27,CAN,2003.0,1.0,8.0,L,27,"[None, 62, 31, 30, 4]","[None, 93, 59, 52, 32]","[None, 40, 32, 34, 20]","[None, 'PHI', 'PHI', 'PHI', 'PHI']"
2012-2013,8474090,Brendan Smith,DET,D,77.9,51.5,89.6,35.8,29.9,9.5,4.8,32.5,36.1,89.2,37.7,97.8,17.7,85.7,92.2,52,113,25,80.0,125.0,210,205,157,147,26,145,6,191,34,19,231,123,177,Second Pair,34.0,625.63,0.0,8.0,8.0,1.64,47.83,53.94,D,74.0,200.0,1989-02-08,CAN,2007.0,1.0,27.0,L,23,"[None, None, None, None, 71]","[None, None, None, None, 47]","[None, None, None, None, 88]","[None, None, None, None, 'DET']"
2012-2013,8475455,Brenden Dillon,DAL,D,57.6,90.9,60.6,,14.1,68.4,82.3,90.5,7.4,2.2,95.7,10.0,41.6,71.9,100.0,99,22,92,,153.0,74,40,23,210,226,11,208,136,66,1,231,123,177,Second Pair,48.0,1026.23,3.0,5.0,8.0,3.32,49.25,49.58,D,76.0,225.0,1990-11-13,CAN,,,,L,21,"[None, None, None, None, 52]","[None, None, None, None, 89]","[None, None, None, None, 55]","[None, None, None, None, 'DAL']"
2012-2013,8470613,Brent Burns,SJS,D,88.7,84.4,73.6,9.8,,98.7,100.0,99.6,97.4,30.7,42.9,67.1,51.1,75.3,61.0,27,37,62,112.0,,4,1,2,7,160,133,77,114,58,91,231,123,177,Third Pair,30.0,488.45,9.0,11.0,20.0,6.16,54.05,53.85,D,77.0,228.0,1985-03-09,CAN,2003.0,1.0,20.0,R,27,"[None, 7, 79, 84, 91]","[None, 35, 63, 88, 89]","[None, 31, 92, 65, 66]","[None, 'MIN', 'MIN', 'SJS', 'SJS']"
2012-2013,8470607,Brent Seabrook,CHI,D,67.5,50.6,74.5,6.5,4.5,90.9,87.0,83.1,62.8,60.2,88.3,68.0,52.4,97.8,63.2,76,115,60,116.0,170.0,22,29,40,87,92,28,75,111,6,86,231,123,177,Second Pair,47.0,1033.95,8.0,12.0,20.0,4.01,56.9,52.02,D,75.0,220.0,1985-04-20,CAN,2003.0,1.0,14.0,R,27,"[None, 43, 38, 91, 60]","[None, 19, 19, 79, 54]","[None, 64, 81, 89, 52]","[None, 'CHI', 'CHI', 'CHI', 'CHI']"
2012-2013,8466285,Brian Campbell,FLA,D,97.0,87.0,88.3,93.5,70.6,64.9,59.3,68.0,73.2,94.4,15.6,88.7,18.6,10.8,39.0,8,31,28,9.0,53.0,82,91,75,63,14,196,27,189,207,142,231,123,177,First Pair,48.0,1268.0,8.0,19.0,27.0,3.96,34.33,47.47,D,70.0,192.0,1979-05-23,CAN,1997.0,6.0,156.0,L,33,"[None, 96, 96, 95, 98]","[None, 71, 84, 90, 87]","[None, 95, 91, 91, 81]","[None, 'CHI', 'CHI', 'FLA', 'FLA']"
2012-2013,8474873,Brian Lashoff,DET,D,5.6,8.7,6.1,,15.3,58.4,47.6,27.3,52.4,66.2,40.7,89.6,5.2,95.2,93.9,219,212,218,,151.0,97,117,169,111,78,138,25,220,12,15,231,123,177,Third Pair,31.0,551.28,1.0,4.0,5.0,0.93,34.48,41.35,D,75.0,215.0,1990-07-16,USA,,,,L,22,"[None, None, None, None, 6]","[None, None, None, None, 8]","[None, None, None, None, 10]","[None, None, None, None, 'DET']"
2012-2013,8471683,Brian Lee,TBL,D,16.9,16.0,47.6,,,27.3,10.8,14.3,17.7,14.3,87.0,4.3,4.3,6.5,16.5,193,195,122,,,169,201,199,188,198,31,221,222,217,194,231,123,177,Third Pair,22.0,306.27,0.0,0.0,0.0,0.53,26.92,48.45,D,75.0,200.0,1987-03-26,USA,2005.0,1.0,9.0,R,25,"[None, 45, 42, 4, 27]","[None, 16, 40, 6, 28]","[None, 52, 52, 35, 54]","[None, 'OTT', 'OTT', 'TBL', 'TBL']"
2012-2013,8473565,Brian Strait,NYI,D,19.5,50.2,13.9,,44.6,32.5,4.8,4.3,65.4,34.2,85.3,84.4,97.8,97.4,97.8,187,116,200,,99.0,157,205,222,81,152,35,37,6,7,6,231,123,177,Third Pair,19.0,325.93,0.0,4.0,4.0,0.36,59.38,50.13,D,73.0,206.0,1988-01-04,USA,2006.0,3.0,65.0,L,24,"[None, None, None, None, 19]","[None, None, None, None, 46]","[None, None, None, None, 16]","[None, None, None, None, 'NYI']"
2012-2013,8468498,Brooks Orpik,PIT,D,24.2,11.7,51.5,,95.5,43.3,17.3,3.9,58.0,11.7,94.8,16.5,92.6,90.9,72.7,176,205,113,,9.0,132,186,223,98,204,13,193,18,22,64,231,123,177,First Pair,46.0,1025.32,0.0,8.0,8.0,0.71,58.82,48.23,D,75.0,217.0,1980-09-26,USA,2000.0,1.0,18.0,L,31,"[None, 66, 28, 71, 9]","[None, 45, 4, 61, 5]","[None, 82, 71, 71, 27]","[None, 'PIT', 'PIT', 'PIT', 'PIT']"
2012-2013,8470774,Bruno Gervais,PHI,D,22.9,39.0,16.9,,25.4,58.0,63.2,71.9,33.3,58.9,29.9,52.8,6.1,14.7,29.0,179,142,193,,133.0,98,82,66,153,95,163,110,218,198,165,231,123,177,Third Pair,37.0,633.73,1.0,5.0,6.0,2.12,34.69,47.38,D,73.0,200.0,1984-10-03,CAN,2003.0,6.0,182.0,R,27,"[None, 23, 10, 63, 20]","[None, 81, 50, 40, 42]","[None, 7, 7, 29, 23]","[None, 'NYI', 'NYI', 'TBL', 'PHI']"
2012-2013,8467332,Bryan Allen,ANA,D,10.4,52.4,22.9,,66.1,16.0,19.5,27.7,42.9,3.5,73.2,10.4,60.6,28.6,50.2,208,111,179,,61.0,195,181,168,133,223,63,207,92,166,116,231,123,177,Second Pair,41.0,768.28,0.0,6.0,6.0,1.24,51.11,47.58,D,77.0,223.0,1980-08-21,CAN,1998.0,1.0,4.0,L,32,"[None, 24, 32, 10, 12]","[None, 61, 70, 56, 45]","[None, 15, 22, 40, 18]","[None, 'FLA', 'CAR', 'CAR', 'ANA']"
2012-2013,8460626,Bryce Salvador,NJD,D,3.5,0.4,59.7,,99.4,13.4,4.8,10.0,22.9,13.9,45.5,14.3,24.7,85.3,55.8,224,231,94,,2.0,201,205,209,176,199,127,198,175,35,103,231,123,177,Second Pair,39.0,831.82,0.0,2.0,2.0,0.91,36.84,46.48,D,75.0,215.0,1976-02-11,CAN,1994.0,6.0,138.0,L,36,"[None, 46, None, 11, 3]","[None, 1, None, 0, 1]","[None, 95, None, 85, 26]","[None, 'NJD', None, 'NJD', 'NJD']"
2012-2013,8471216,Cam Barker,VAN,D,4.8,6.5,13.0,,,21.6,18.6,44.2,11.3,44.2,33.8,89.2,31.2,22.1,3.5,221,217,202,,,182,183,130,201,129,154,26,160,181,224,231,123,177,Third Pair,14.0,198.78,0.0,2.0,2.0,0.78,40.0,44.58,D,75.0,223.0,1986-04-04,CAN,2004.0,1.0,3.0,L,26,"[None, 21, 8, 5, 7]","[None, 62, 15, 13, 6]","[None, 26, 16, 9, 22]","[None, 'MIN', 'MIN', 'EDM', 'VAN']"
2012-2013,8475764,Cam Fowler,ANA,D,27.7,31.2,19.5,88.6,,13.0,11.7,37.7,37.2,78.4,10.4,55.0,29.4,60.6,47.6,168,160,187,15.0,,202,199,145,145,50,208,105,164,92,122,231,123,177,Second Pair,37.0,756.25,1.0,10.0,11.0,2.77,51.35,48.89,D,74.0,213.0,1991-12-05,CAN,2010.0,1.0,12.0,L,20,"[None, None, 41, 25, 33]","[None, None, 33, 49, 25]","[None, None, 17, 13, 32]","[None, None, 'ANA', 'ANA', 'ANA']"
2012-2013,8474125,Carl Gunnarsson,TOR,D,45.9,3.9,85.7,32.5,10.7,73.6,58.4,22.5,66.7,71.0,77.1,7.4,87.9,9.5,74.9,126,223,34,84.0,159.0,62,93,180,78,67,54,214,29,210,59,231,123,177,Second Pair,37.0,787.45,1.0,14.0,15.0,1.22,55.56,45.45,D,74.0,198.0,1986-11-09,SWE,2007.0,7.0,194.0,L,25,"[None, 41, 35, 58, 48]","[None, 15, 5, 4, 5]","[None, 72, 62, 84, 93]","[None, 'TOR', 'TOR', 'TOR', 'TOR']"
2012-2013,8471761,Chris Butler,CGY,D,47.2,81.4,23.8,,33.9,31.2,26.0,30.7,32.0,51.9,35.1,20.8,28.6,32.9,51.1,123,44,177,,118.0,160,167,161,156,111,151,183,166,156,114,231,123,177,Third Pair,44.0,749.68,1.0,7.0,8.0,1.35,35.85,46.29,D,73.0,196.0,1986-10-27,USA,2005.0,4.0,96.0,L,25,"[None, 78, 53, 72, 36]","[None, 69, 69, 89, 78]","[None, 54, 44, 32, 14]","[None, 'BUF', 'BUF', 'CGY', 'CGY']"
2012-2013,8464956,Chris Phillips,OTT,D,13.0,21.6,19.9,53.7,3.4,62.8,62.3,68.4,32.5,57.6,64.9,49.4,18.2,46.3,31.6,202,182,186,58.0,172.0,87,84,74,155,98,82,118,190,125,159,231,123,177,Second Pair,48.0,1010.13,5.0,9.0,14.0,4.03,46.3,52.47,D,75.0,219.0,1978-03-09,CAN,1996.0,1.0,1.0,L,34,"[None, 80, 2, 34, 29]","[None, 37, 2, 32, 60]","[None, 77, 22, 28, 19]","[None, 'OTT', 'OTT', 'OTT', 'OTT']"
2012-2013,8475690,Chris Tanev,VAN,D,89.6,62.3,94.4,,57.6,45.9,16.0,6.5,8.7,94.8,49.8,13.0,73.6,31.2,15.2,25,88,14,,76.0,126,189,217,207,13,117,201,62,160,197,231,123,177,Third Pair,38.0,656.98,2.0,5.0,7.0,0.96,54.84,50.68,D,75.0,200.0,1989-12-20,CAN,,,,R,22,"[None, None, 81, 94, 85]","[None, None, 71, 78, 43]","[None, None, 83, 96, 92]","[None, None, 'VAN', 'VAN', 'VAN']"
2012-2013,8469555,Christian Ehrhoff,BUF,D,99.1,96.5,72.3,97.6,91.0,76.6,84.0,69.7,84.8,49.4,17.3,84.0,70.1,14.3,46.8,3,9,65,4.0,17.0,55,36,71,36,117,192,38,70,199,124,231,123,177,First Pair,47.0,1184.0,5.0,17.0,22.0,5.04,52.38,48.22,D,74.0,201.0,1982-07-06,DEU,2001.0,4.0,106.0,L,30,"[None, 100, 99, 93, 97]","[None, 95, 94, 94, 96]","[None, 55, 78, 52, 78]","[None, 'VAN', 'VAN', 'BUF', 'BUF']"
2012-2013,8470886,Clayton Stoner,MIN,D,42.0,26.4,79.2,,81.9,32.0,21.6,12.6,24.2,5.6,81.0,1.3,82.3,32.5,36.8,135,171,49,,33.0,158,176,203,173,218,45,228,42,157,147,231,123,177,Second Pair,48.0,874.3,0.0,10.0,10.0,1.14,50.91,48.16,D,76.0,216.0,1985-02-19,CAN,2004.0,3.0,79.0,L,27,"[None, None, 55, 65, 25]","[None, None, 42, 57, 11]","[None, None, 73, 87, 71]","[None, None, 'MIN', 'MIN', 'MIN']"
2012-2013,8471742,Cody Franson,TOR,D,81.0,70.1,67.5,54.5,45.8,86.6,61.0,32.9,96.1,81.4,72.7,66.2,93.9,8.2,9.5,45,70,76,57.0,97.0,32,87,156,10,44,64,79,15,213,210,231,123,177,Second Pair,45.0,845.48,4.0,25.0,29.0,2.91,57.14,50.13,D,77.0,224.0,1987-08-08,CAN,2005.0,3.0,79.0,R,25,"[None, 85, 69, 77, 87]","[None, 68, 67, 66, 70]","[None, 59, 55, 56, 78]","[None, 'NSH', 'NSH', 'TOR', 'TOR']"
2012-2013,8474606,Colby Robak,FLA,D,54.5,73.2,47.2,43.9,,22.9,4.8,21.2,30.5,56.7,11.3,64.9,35.5,2.2,61.5,106,63,123,70.0,,179,205,183,159,100,206,82,150,227,90,231,123,177,Third Pair,16.0,242.82,0.0,1.0,1.0,0.87,44.44,51.96,D,75.0,194.0,1990-04-24,CAN,2008.0,2.0,46.0,L,22,"[None, None, None, None, 49]","[None, None, None, None, 64]","[None, None, None, None, 44]","[None, None, None, None, 'FLA']"
2012-2013,8470714,Corey Potter,EDM,D,61.9,19.5,60.2,50.4,59.3,86.1,87.4,61.9,3.9,93.5,46.8,63.2,86.6,0.4,56.3,89,187,93,62.0,73.0,33,28,89,218,16,124,86,32,231,102,231,123,177,Third Pair,33.0,575.98,3.0,1.0,4.0,1.87,66.67,45.77,D,75.0,204.0,1984-01-05,USA,2003.0,4.0,122.0,R,28,"[None, None, None, 51, 66]","[None, None, None, 24, 19]","[None, None, None, 54, 61]","[None, None, None, 'EDM', 'EDM']"
2012-2013,8464981,Cory Sarich,CGY,D,44.6,30.3,63.2,,88.1,64.5,23.4,2.6,22.1,24.7,90.5,13.4,15.6,63.2,3.0,129,162,86,,22.0,83,172,226,178,174,23,200,196,86,225,231,123,177,Third Pair,28.0,416.12,0.0,2.0,2.0,0.34,33.33,50.58,D,76.0,207.0,1978-08-16,CAN,1996.0,2.0,27.0,R,34,"[None, 25, 57, 36, 53]","[None, 75, 33, 57, 19]","[None, 45, 45, 62, 70]","[None, 'CGY', 'CGY', 'CGY', 'CGY']"
2012-2013,8474774,Dalton Prout,CBJ,D,62.3,51.9,65.4,,40.1,70.1,53.9,2.2,6.9,51.5,82.7,16.9,100.0,25.5,95.7,88,112,81,,107.0,70,103,227,211,112,41,192,1,173,11,231,123,177,Second Pair,28.0,518.8,1.0,6.0,7.0,0.62,73.91,46.52,D,75.0,215.0,1990-03-13,CAN,2010.0,6.0,154.0,R,22,"[None, None, None, None, 57]","[None, None, None, None, 48]","[None, None, None, None, 58]","[None, None, None, None, 'CBJ']"
2012-2013,8467096,Dan Boyle,SJS,D,95.7,94.4,90.5,100.0,75.1,0.4,60.2,97.8,64.5,43.3,9.1,73.6,52.8,92.2,55.4,11,14,23,1.0,45.0,231,89,6,83,131,211,62,110,19,104,231,123,177,First Pair,46.0,1048.7,7.0,13.0,20.0,8.62,57.69,60.94,D,71.0,194.0,1976-07-12,CAN,,,,R,36,"[None, 98, 98, 84, 98]","[None, 98, 92, 82, 96]","[None, 65, 86, 81, 94]","[None, 'SJS', 'SJS', 'SJS', 'SJS']"
2012-2013,8471958,Dan Girardi,NYR,D,18.2,62.8,8.2,57.7,18.6,5.2,40.7,72.7,60.6,58.0,89.6,22.5,32.9,98.7,73.2,190,87,213,53.0,145.0,220,133,64,92,97,25,179,156,4,63,231,123,177,First Pair,46.0,1169.08,2.0,12.0,14.0,4.18,48.15,53.25,D,73.0,212.0,1984-04-29,CAN,,,,R,28,"[None, 18, 14, 21, 26]","[None, 39, 79, 53, 53]","[None, 4, 3, 5, 44]","[None, 'NYR', 'NYR', 'NYR', 'NYR']"
2012-2013,8469465,Dan Hamhuis,VAN,D,63.2,57.1,45.9,28.5,94.4,45.5,64.5,73.6,87.9,68.4,33.3,39.0,93.1,76.2,71.4,86,100,126,89.0,11.0,127,79,62,29,73,155,142,17,56,67,231,123,177,First Pair,47.0,1099.33,4.0,20.0,24.0,3.82,56.25,51.67,D,73.0,204.0,1982-12-13,CAN,2001.0,1.0,12.0,L,29,"[None, 68, 57, 54, 71]","[None, 73, 83, 65, 31]","[None, 35, 14, 35, 73]","[None, 'NSH', 'VAN', 'VAN', 'VAN']"
2012-2013,8477215,Danny DeKeyser,DET,D,61.0,64.1,58.9,,48.0,25.1,4.8,38.1,63.6,73.6,39.8,91.8,98.3,93.9,93.1,91,84,96,,93.0,174,205,144,85,61,140,20,5,15,17,231,123,177,Second Pair,11.0,198.53,0.0,1.0,1.0,0.42,80.0,56.83,D,75.0,183.0,1990-03-07,USA,,,,L,22,"[None, None, None, None, 56]","[None, None, None, None, 56]","[None, None, None, None, 55]","[None, None, None, None, 'DET']"
2012-2013,8473673,David Schlemko,PHX,D,46.8,85.3,10.0,40.7,39.0,53.2,62.8,61.0,34.2,54.5,59.3,74.0,93.5,45.5,72.3,124,35,209,74.0,109.0,109,83,91,151,105,95,61,16,127,65,231,123,177,Third Pair,30.0,516.52,1.0,5.0,6.0,1.79,65.52,46.3,D,73.0,191.0,1987-05-07,CAN,,,,L,25,"[None, 65, 76, 52, 32]","[None, 87, 86, 91, 81]","[None, 14, 25, 11, 6]","[None, 'PHX', 'PHX', 'PHX', 'PHX']"
2012-2013,8474518,Davis Drewiske,MTL,D,56.3,22.1,84.0,,52.0,45.0,28.1,24.7,55.0,33.3,42.4,90.9,44.2,82.7,1.3,102,181,38,,86.0,128,162,175,105,154,134,22,130,41,229,231,123,177,Third Pair,29.0,440.73,2.0,5.0,7.0,1.18,56.52,60.95,D,74.0,222.0,1984-11-22,USA,,,,L,27,"[None, 76, 50, None, 62]","[None, 37, 20, None, 36]","[None, 91, 79, None, 85]","[None, 'LAK', 'LAK', None, 'MTL']"
2012-2013,8469619,Dennis Seidenberg,BOS,D,72.3,90.0,33.8,58.5,13.6,83.1,83.5,63.2,53.2,45.9,94.4,32.5,64.9,78.4,22.1,65,24,154,52.0,154.0,40,37,86,109,125,14,157,82,51,181,231,123,177,First Pair,46.0,1094.47,4.0,13.0,17.0,2.9,60.66,55.12,D,72.0,199.0,1981-07-18,DEU,2001.0,6.0,172.0,L,31,"[None, 74, 37, 48, 90]","[None, 71, 85, 86, 94]","[None, 62, 5, 51, 48]","[None, 'BOS', 'BOS', 'BOS', 'BOS']"
2012-2013,8469770,Dennis Wideman,CGY,D,24.7,81.0,6.5,4.1,11.9,60.6,57.6,81.4,71.4,55.4,45.0,55.8,16.5,52.4,41.6,175,45,217,119.0,157.0,92,95,44,67,103,128,103,194,111,136,231,123,177,First Pair,46.0,1151.12,6.0,16.0,22.0,5.26,42.05,48.3,D,72.0,202.0,1983-03-20,CAN,2002.0,8.0,241.0,R,29,"[None, 80, 44, 22, 30]","[None, 86, 72, 73, 85]","[None, 43, 33, 37, 1]","[None, 'BOS', 'WSH', 'WSH', 'CGY']"
2012-2013,8470061,Derek Meech,WPG,D,16.0,19.0,11.3,,,42.9,4.8,5.2,30.5,75.3,66.2,31.0,96.1,65.4,64.5,195,188,206,,,133,205,220,159,57,79,160,10,81,83,231,123,177,Third Pair,16.0,235.15,0.0,1.0,1.0,0.37,54.55,43.0,D,71.0,200.0,1984-04-21,CAN,2002.0,7.0,229.0,L,28,"[None, 37, None, None, 16]","[None, 31, None, None, 18]","[None, 49, None, None, 13]","[None, 'DET', None, None, 'WPG']"
2012-2013,8464966,Derek Morris,PHX,D,1.7,18.2,5.2,42.3,35.0,22.5,36.4,42.4,59.3,9.1,61.9,93.5,26.0,58.4,52.8,228,190,220,72.0,116.0,180,143,134,95,210,89,16,172,97,110,231,123,177,Second Pair,39.0,834.45,0.0,11.0,11.0,2.75,41.86,47.74,D,72.0,210.0,1978-08-24,CAN,1996.0,1.0,13.0,R,34,"[None, 66, 8, 8, 2]","[None, 52, 8, 28, 32]","[None, 83, 8, 10, 6]","[None, 'PHX', 'PHX', 'PHX', 'PHX']"
2012-2013,8473953,Derek Smith,CGY,D,40.7,27.7,53.2,,,39.8,26.4,33.3,24.7,52.4,6.5,57.1,9.1,18.6,1.7,138,168,109,,,140,166,155,172,110,217,100,211,189,228,231,123,177,Fringe,22.0,269.4,0.0,1.0,1.0,0.74,12.5,47.79,D,73.0,197.0,1984-10-13,CAN,,,,L,27,"[None, None, None, 52, 29]","[None, None, None, 33, 23]","[None, None, None, 64, 49]","[None, None, None, 'CGY', 'CGY']"
2012-2013,8468674,Deryk Engelland,PIT,D,6.9,6.9,20.3,,44.1,70.6,42.4,19.5,48.1,21.2,86.6,81.0,74.9,81.0,22.5,216,216,185,,100.0,69,129,187,121,182,32,45,59,45,180,231,123,177,Third Pair,42.0,584.63,0.0,6.0,6.0,0.77,57.5,51.74,D,74.0,212.0,1982-04-03,CAN,2000.0,6.0,194.0,R,30,"[None, None, 20, 12, 6]","[None, None, 11, 4, 13]","[None, None, 25, 11, 30]","[None, None, 'PIT', 'PIT', 'PIT']"
2012-2013,8470602,Dion Phaneuf,TOR,D,28.1,41.1,27.7,5.7,62.7,90.5,89.6,79.7,57.6,15.2,91.3,6.9,68.8,12.1,85.7,167,137,168,117.0,67.0,23,23,48,99,196,21,215,73,204,34,231,123,177,First Pair,48.0,1208.55,9.0,19.0,28.0,4.53,48.61,41.7,D,76.0,222.0,1985-04-10,CAN,2003.0,1.0,9.0,L,27,"[None, 48, 6, 69, 24]","[None, 88, 48, 83, 12]","[None, 6, 15, 32, 35]","[None, 'TOR', 'TOR', 'TOR', 'TOR']"
2012-2013,8475179,Dmitry Kulikov,FLA,D,21.2,66.2,25.1,0.8,19.2,32.9,37.7,48.9,74.9,36.4,93.9,75.8,38.1,7.4,30.7,183,79,174,123.0,144.0,156,140,119,59,147,15,57,144,215,161,231,123,177,Second Pair,34.0,713.2,3.0,7.0,10.0,2.48,44.19,45.78,D,73.0,212.0,1990-10-29,RUS,2009.0,1.0,14.0,L,21,"[None, 7, 53, 30, 13]","[None, 33, 77, 39, 74]","[None, 18, 36, 61, 9]","[None, 'FLA', 'FLA', 'FLA', 'FLA']"
2012-2013,8476462,Dougie Hamilton,BOS,D,41.6,74.0,20.8,60.2,,60.2,64.9,88.3,97.8,39.4,52.4,80.5,64.5,99.1,79.7,136,61,184,50.0,,93,78,28,6,140,111,46,83,3,48,231,123,177,Third Pair,42.0,719.38,5.0,11.0,16.0,3.56,57.5,54.08,D,78.0,230.0,1993-06-17,CAN,2011.0,1.0,9.0,R,19,"[None, None, None, None, 37]","[None, None, None, None, 66]","[None, None, None, None, 22]","[None, None, None, None, 'BOS']"
2012-2013,8468114,Douglas Murray,PIT,D,10.8,7.4,50.2,,19.8,6.5,19.0,33.8,22.5,48.1,93.1,44.6,43.3,84.4,34.6,207,215,116,,143.0,217,182,154,177,120,17,129,132,37,152,231,123,177,Third Pair,43.0,756.22,1.0,5.0,6.0,0.94,42.5,45.73,D,75.0,240.0,1980-03-12,SWE,1999.0,8.0,241.0,L,32,"[None, 50, 50, 7, 15]","[None, 53, 31, 5, 7]","[None, 44, 82, 41, 36]","[None, 'SJS', 'SJS', 'SJS', 'PIT']"
2012-2013,8474563,Drew Doughty,LAK,D,89.2,83.5,94.8,56.1,50.8,46.3,81.4,96.5,77.5,29.4,85.7,71.9,33.3,89.2,76.6,26,39,13,55.0,88.0,125,42,9,53,163,34,66,155,26,55,231,123,177,First Pair,48.0,1266.93,6.0,16.0,22.0,7.44,49.3,55.67,D,73.0,210.0,1989-12-08,CAN,2008.0,1.0,2.0,R,22,"[None, 96, 95, 88, 84]","[None, 67, 84, 88, 81]","[None, 88, 90, 80, 97]","[None, 'LAK', 'LAK', 'LAK', 'LAK']"
2012-2013,8470281,Duncan Keith,CHI,D,64.5,96.1,28.1,69.9,24.9,1.7,46.8,88.7,93.1,40.7,12.1,72.7,62.3,96.5,73.6,83,10,167,38.0,134.0,228,119,27,17,137,204,64,88,9,62,231,123,177,First Pair,47.0,1133.1,3.0,24.0,27.0,4.71,60.29,53.32,D,73.0,192.0,1983-07-16,CAN,2002.0,2.0,54.0,L,29,"[None, 95, 87, 45, 60]","[None, 96, 99, 95, 93]","[None, 69, 54, 20, 26]","[None, 'CHI', 'CHI', 'CHI', 'CHI']"
2012-2013,8470834,Dustin Byfuglien,WPG,D,74.5,100.0,34.2,80.5,,0.9,90.5,100.0,96.5,4.3,56.3,61.5,29.9,47.2,49.8,60,1,153,25.0,,230,21,1,9,221,102,90,163,123,117,231,123,177,First Pair,43.0,1049.33,8.0,20.0,28.0,9.53,46.67,49.86,D,77.0,260.0,1985-03-27,USA,2003.0,8.0,245.0,R,27,"[None, None, 88, 72, 64]","[None, None, 99, 99, 100]","[None, None, 80, 42, 11]","[None, None, 'ATL', 'WPG', 'WPG']"
2012-2013,8466142,Eric Brewer,TBL,D,9.1,20.8,29.4,,6.2,81.4,74.0,65.8,51.5,6.5,74.0,3.9,71.4,44.2,40.3,211,184,164,,167.0,44,57,80,113,216,61,222,67,130,139,231,123,177,Second Pair,48.0,984.63,4.0,8.0,12.0,2.21,51.35,48.27,D,76.0,216.0,1979-04-17,CAN,1997.0,1.0,5.0,L,33,"[None, 44, 59, 3, 10]","[None, 9, 54, 30, 11]","[None, 31, 52, 21, 29]","[None, 'STL', 'TBL', 'TBL', 'TBL']"
2012-2013,8473468,Eric Gryba,OTT,D,33.3,49.8,31.6,,80.8,55.4,80.5,94.4,38.3,17.3,98.7,56.3,16.0,68.8,99.1,155,117,159,,35.0,104,43,14,143,191,4,102,195,73,3,231,123,177,Second Pair,33.0,669.15,2.0,4.0,6.0,2.2,41.67,48.07,D,76.0,222.0,1988-04-14,CAN,2006.0,3.0,68.0,R,24,"[None, None, None, None, 29]","[None, None, None, None, 45]","[None, None, None, None, 32]","[None, None, None, None, 'OTT']"
2012-2013,8475790,Erik Gudbranson,FLA,D,7.8,35.5,16.5,,20.3,14.7,17.7,29.4,4.8,17.7,97.4,65.4,1.3,2.6,13.0,214,150,194,,142.0,198,185,164,216,190,7,81,229,226,202,231,123,177,Second Pair,32.0,599.95,0.0,4.0,4.0,1.59,25.58,43.65,D,77.0,222.0,1992-01-07,CAN,2010.0,1.0,3.0,R,20,"[None, None, None, 32, 5]","[None, None, None, 48, 22]","[None, None, None, 36, 10]","[None, None, None, 'FLA', 'FLA']"
2012-2013,8475640,Erik Gustafsson,PHI,D,84.4,74.5,63.6,22.0,65.5,88.7,89.2,35.1,46.8,97.4,18.2,14.7,91.8,57.6,77.5,37,60,85,97.0,62.0,27,24,151,124,7,190,197,20,99,53,231,123,177,Second Pair,27.0,543.98,3.0,5.0,8.0,1.36,46.88,49.59,D,70.0,180.0,1988-12-15,SWE,,,,L,23,"[None, None, None, 70, 88]","[None, None, None, 59, 77]","[None, None, None, 53, 68]","[None, None, None, 'PHI', 'PHI']"
2012-2013,8473446,Erik Johnson,COL,D,49.4,92.6,18.2,59.3,16.9,4.3,34.2,74.9,40.7,59.7,41.6,80.1,13.9,27.3,65.4,118,18,190,51.0,148.0,222,148,59,138,93,136,47,200,169,81,231,123,177,Second Pair,31.0,643.37,0.0,4.0,4.0,2.21,45.24,48.86,D,76.0,225.0,1988-03-21,USA,2006.0,1.0,1.0,R,24,"[None, 72, 46, 76, 39]","[None, 91, 86, 94, 90]","[None, 34, 12, 15, 30]","[None, 'STL', 'COL', 'COL', 'COL']"
2012-2013,8474578,Erik Karlsson,OTT,D,94.8,82.3,69.3,3.3,49.7,100.0,99.1,99.1,99.1,83.5,11.7,93.1,45.5,30.3,32.9,13,42,72,120.0,90.0,1,3,3,3,39,205,17,127,162,156,231,123,177,First Pair,17.0,461.63,6.0,8.0,14.0,4.07,57.14,56.7,D,72.0,185.0,1990-05-31,SWE,2008.0,1.0,15.0,R,22,"[None, 33, 66, 98, 93]","[None, 26, 50, 92, 82]","[None, 52, 45, 57, 86]","[None, 'OTT', 'OTT', 'OTT', 'OTT']"
2012-2013,8469492,Fedor Tyutin,CBJ,D,88.3,59.7,95.2,87.8,91.5,58.9,71.9,45.9,80.1,20.8,55.0,28.6,39.4,16.0,87.0,28,94,12,16.0,16.0,96,62,126,47,183,105,165,141,195,31,231,123,177,First Pair,48.0,1156.58,4.0,18.0,22.0,3.34,56.92,45.65,D,74.0,221.0,1983-07-19,RUS,2001.0,2.0,40.0,L,29,"[None, 49, 94, 91, 77]","[None, 12, 52, 61, 67]","[None, 84, 98, 98, 84]","[None, 'CBJ', 'CBJ', 'CBJ', 'CBJ']"
2012-2013,8462225,Filip Kuba,FLA,D,18.6,75.3,12.1,63.4,0.6,33.8,33.3,31.6,39.8,37.2,4.3,68.4,16.9,17.7,33.8,189,58,204,46.0,177.0,154,150,159,140,145,222,74,193,191,154,231,123,177,Second Pair,44.0,933.83,1.0,9.0,10.0,2.05,38.6,44.58,D,76.0,225.0,1976-12-29,CZE,1995.0,8.0,192.0,L,35,"[None, 47, 22, 47, 9]","[None, 85, 67, 92, 47]","[None, 37, 16, 16, 11]","[None, 'OTT', 'OTT', 'OTT', 'FLA']"
2012-2013,8465914,Francis Bouillon,MTL,D,23.8,38.5,17.3,73.2,26.0,36.4,42.9,49.4,50.6,63.6,75.3,36.4,66.7,48.9,19.0,177,143,192,34.0,132.0,148,128,118,115,84,58,148,78,119,188,231,123,177,Second Pair,48.0,867.65,1.0,8.0,9.0,1.78,53.03,53.2,D,68.0,194.0,1975-10-17,USA,,,,L,36,"[None, 8, 9, 23, 49]","[None, 28, 7, 55, 59]","[None, 12, 9, 6, 45]","[None, 'NSH', 'NSH', 'NSH', 'MTL']"
2012-2013,8467400,Francois Beauchemin,ANA,D,80.1,48.1,87.9,36.6,37.3,84.4,84.4,70.1,27.7,45.5,54.1,35.9,61.0,44.6,68.8,47,121,29,79.0,112.0,37,35,70,165,126,107,149,91,129,73,231,123,177,First Pair,48.0,1125.98,6.0,18.0,24.0,5.15,63.79,50.9,D,71.0,208.0,1980-06-04,CAN,1998.0,3.0,75.0,L,32,"[None, 54, 69, 89, 76]","[None, 65, 24, 62, 64]","[None, 61, 97, 88, 79]","[None, 'TOR', 'ANA', 'ANA', 'ANA']"
2012-2013,8471482,Grant Clitsome,WPG,D,31.6,46.3,11.7,82.9,54.2,77.9,68.0,50.6,72.3,35.1,74.5,65.8,80.1,53.2,10.8,159,125,205,22.0,82.0,52,71,115,65,150,60,80,47,109,207,231,123,177,Second Pair,44.0,828.77,4.0,12.0,16.0,2.81,54.55,47.51,D,71.0,211.0,1985-04-14,CAN,2004.0,9.0,271.0,L,27,"[None, None, 64, 28, 23]","[None, None, 61, 30, 61]","[None, None, 22, 44, 3]","[None, None, 'CBJ', 'WPG', 'WPG']"
2012-2013,8468636,Greg Zanon,COL,D,2.2,0.9,52.4,,85.3,35.1,22.9,18.6,2.2,22.1,67.5,13.9,20.3,35.1,37.2,227,230,111,,27.0,151,173,189,222,180,76,199,185,151,146,231,123,177,Second Pair,44.0,850.53,0.0,6.0,6.0,1.14,32.61,42.23,D,71.0,201.0,1980-06-05,CAN,2000.0,5.0,156.0,L,32,"[None, 46, 3, 57, 0]","[None, 0, 0, 1, 1]","[None, 99, 50, 94, 16]","[None, 'MIN', 'MIN', 'BOS', 'COL']"
2012-2013,8459628,Hal Gill,NSH,D,52.8,13.9,75.3,,96.6,42.0,11.3,1.7,2.6,35.9,14.7,9.1,28.1,22.9,28.6,110,200,58,,7.0,135,200,228,221,148,198,210,167,179,166,231,123,177,Third Pair,32.0,428.32,0.0,0.0,0.0,0.31,42.11,51.35,D,79.0,243.0,1975-04-06,USA,1993.0,8.0,207.0,L,37,"[None, 10, 52, 54, 58]","[None, 6, 14, 19, 19]","[None, 49, 66, 76, 76]","[None, 'MTL', 'MTL', 'NSH', 'NSH']"
2012-2013,8466182,Henrik Tallinder,NJD,D,82.3,45.5,97.8,,58.8,39.0,42.0,43.3,25.5,37.7,32.9,33.8,3.5,73.2,29.9,42,127,6,,74.0,142,130,132,170,144,156,154,224,63,163,231,123,177,Third Pair,25.0,439.27,1.0,3.0,4.0,0.97,45.0,61.88,D,76.0,209.0,1979-01-10,SWE,1997.0,2.0,48.0,L,33,"[None, 60, 76, 68, 89]","[None, 32, 26, 42, 69]","[None, 74, 99, 92, 98]","[None, 'BUF', 'NJD', 'NJD', 'NJD']"
2012-2013,8474013,Ian Cole,STL,D,42.9,53.2,45.5,,,46.8,30.7,29.9,15.6,32.5,27.7,76.6,17.3,74.0,78.8,133,109,127,,,124,156,163,192,156,168,55,192,61,50,231,123,177,Third Pair,15.0,266.18,0.0,1.0,1.0,0.33,37.5,47.89,D,73.0,237.0,1989-02-21,USA,2007.0,1.0,18.0,L,23,"[None, None, 34, 68, 36]","[None, None, 66, 76, 33]","[None, None, 37, 38, 57]","[None, None, 'STL', 'STL', 'STL']"
2012-2013,8470273,Ian White,DET,D,45.0,54.5,54.1,7.3,,26.8,70.6,67.5,45.0,61.9,6.9,90.0,87.4,84.8,24.7,128,106,107,115.0,,170,65,76,128,88,216,24,30,36,175,231,123,177,Second Pair,25.0,489.58,2.0,2.0,4.0,1.52,59.09,52.24,D,70.0,191.0,1984-06-04,CAN,2002.0,6.0,191.0,R,28,"[None, 81, 26, 44, 61]","[None, 76, 64, 51, 57]","[None, 48, 31, 57, 65]","[None, 'CGY', 'SJS', 'DET', 'DET']"
2012-2013,8474519,Jack Hillen,WSH,D,51.5,93.1,3.9,,22.0,87.0,92.6,78.8,90.9,34.6,36.4,49.8,97.0,23.8,14.7,113,17,223,,139.0,31,16,50,22,151,148,117,8,177,198,231,123,177,Third Pair,23.0,405.08,3.0,6.0,9.0,1.22,63.33,52.71,D,70.0,190.0,1986-01-24,USA,,,,L,26,"[None, 27, 40, 35, 72]","[None, 92, 97, 87, 91]","[None, 8, 2, 4, 18]","[None, 'NYI', 'NYI', 'NSH', 'WSH']"
2012-2013,8471677,Jack Johnson,CBJ,D,0.4,1.7,0.9,13.0,59.9,66.2,71.4,73.2,67.1,65.8,41.1,29.4,47.6,74.9,82.7,231,228,230,108.0,72.0,79,63,63,77,79,137,163,122,59,41,231,123,177,First Pair,44.0,1142.85,5.0,14.0,19.0,5.33,45.28,40.77,D,74.0,225.0,1987-01-13,USA,2005.0,1.0,3.0,L,25,"[None, 3, 0, 1, 0]","[None, 11, 1, 3, 0]","[None, 4, 0, 1, 0]","[None, 'LAK', 'LAK', 'CBJ', 'CBJ']"
2012-2013,8474581,Jake Gardiner,TOR,D,33.8,48.9,7.8,39.0,,75.8,45.5,39.4,87.0,79.0,39.4,63.6,81.0,3.0,60.2,154,119,214,76.0,,57,122,141,31,49,141,85,45,225,93,231,123,177,Second Pair,12.0,245.77,0.0,4.0,4.0,0.66,53.33,42.51,D,74.0,203.0,1990-07-04,USA,2008.0,1.0,17.0,L,22,"[None, None, None, 48, 22]","[None, None, None, 48, 51]","[None, None, None, 14, 10]","[None, None, None, 'TOR', 'TOR']"
2012-2013,8474162,Jake Muzzin,LAK,D,98.3,88.7,87.0,22.8,,99.6,94.4,40.7,68.0,68.0,84.0,96.5,92.2,99.6,91.3,5,27,31,96.0,,2,12,138,75,74,38,9,19,2,21,231,123,177,Third Pair,45.0,805.28,7.0,9.0,16.0,3.01,69.57,61.93,D,75.0,227.0,1989-02-21,CAN,2007.0,5.0,141.0,L,23,"[None, None, None, None, 96]","[None, None, None, None, 84]","[None, None, None, None, 85]","[None, None, None, None, 'LAK']"
2012-2013,8471693,Jakub Kindl,DET,D,43.3,61.0,39.4,48.8,,69.7,65.4,55.8,56.7,27.7,37.2,97.0,81.4,61.9,0.4,132,91,141,64.0,,71,77,103,101,167,146,8,44,89,231,231,123,177,Second Pair,41.0,760.8,4.0,9.0,13.0,3.34,67.44,55.65,D,75.0,199.0,1987-02-10,CZE,2005.0,1.0,19.0,L,25,"[None, None, 19, 39, 65]","[None, None, 49, 39, 81]","[None, None, 31, 40, 43]","[None, None, 'DET', 'DET', 'DET']"
2012-2013,8470222,James Wisniewski,CBJ,D,47.6,87.4,4.3,81.3,23.2,59.3,51.5,59.7,92.2,70.1,53.7,42.9,35.1,9.1,80.1,122,30,222,24.0,137.0,95,108,94,19,69,108,133,151,211,47,231,123,177,First Pair,30.0,684.92,5.0,9.0,14.0,3.56,48.78,47.62,D,71.0,203.0,1984-02-21,USA,2002.0,5.0,156.0,R,28,"[None, 35, 69, 18, 66]","[None, 85, 87, 80, 90]","[None, 16, 6, 4, 7]","[None, 'ANA', 'MTL', 'CBJ', 'CBJ']"
2012-2013,8473571,Jamie McBain,CAR,D,78.8,97.4,6.9,17.1,,56.3,52.4,48.1,69.7,88.7,3.5,73.2,44.6,5.6,17.7,50,7,216,103.0,,102,106,121,71,27,224,63,129,219,191,231,123,177,Second Pair,40.0,736.97,1.0,7.0,8.0,1.54,50.88,49.51,D,73.0,195.0,1988-02-25,USA,2006.0,2.0,63.0,R,24,"[None, 63, 85, 79, 75]","[None, 89, 91, 97, 98]","[None, 2, 53, 9, 3]","[None, 'CAR', 'CAR', 'CAR', 'CAR']"
2012-2013,8476467,Jamie Oleksiak,DAL,D,29.0,57.6,10.4,,41.8,19.0,4.8,41.6,49.8,85.7,80.1,96.1,1.7,84.0,24.2,165,99,208,,104.0,188,205,136,117,34,47,10,228,38,176,231,123,177,Third Pair,16.0,237.33,0.0,2.0,2.0,0.54,36.84,41.7,D,79.0,252.0,1992-12-21,CAN,2011.0,1.0,14.0,L,19,"[None, None, None, None, 26]","[None, None, None, None, 51]","[None, None, None, None, 13]","[None, None, None, None, 'DAL']"
2012-2013,8470699,Jan Hejda,COL,D,63.6,21.2,67.1,,94.9,71.4,56.7,35.9,55.8,57.1,76.6,21.2,13.0,31.6,70.1,85,183,77,,10.0,67,97,149,103,99,55,182,202,159,70,231,123,177,Second Pair,46.0,906.17,1.0,9.0,10.0,1.48,43.86,48.96,D,76.0,230.0,1978-06-18,CZE,2003.0,4.0,106.0,L,34,"[None, 20, 73, 57, 61]","[None, 1, 49, 9, 35]","[None, 35, 54, 63, 75]","[None, 'CBJ', 'CBJ', 'COL', 'COL']"
2012-2013,8474716,Jared Spurgeon,MIN,D,84.8,41.6,80.1,83.7,65.0,59.7,27.7,29.0,34.6,98.7,20.3,71.0,48.9,29.9,42.0,36,136,47,21.0,63.0,94,163,165,150,4,185,68,119,163,135,231,123,177,Second Pair,39.0,840.2,5.0,10.0,15.0,4.94,48.89,55.39,D,69.0,166.0,1989-11-29,CAN,2008.0,6.0,156.0,R,22,"[None, None, 78, 73, 88]","[None, None, 47, 24, 62]","[None, None, 74, 75, 82]","[None, None, 'MIN', 'MIN', 'MIN']"
2012-2013,8474218,Jason Demers,SJS,D,60.6,71.4,43.3,64.2,39.5,34.6,55.8,56.7,35.5,83.1,52.8,74.5,26.4,81.8,15.6,92,67,132,45.0,108.0,152,99,101,148,40,110,60,171,43,196,231,123,177,Second Pair,22.0,409.82,1.0,2.0,3.0,1.03,37.5,44.25,D,73.0,195.0,1988-06-09,CAN,2008.0,7.0,186.0,R,24,"[None, 40, 86, 55, 44]","[None, 55, 92, 66, 40]","[None, 26, 75, 18, 45]","[None, 'SJS', 'SJS', 'SJS', 'SJS']"
2012-2013,8474520,Jason Garrison,VAN,D,83.5,16.9,92.6,61.0,75.7,98.3,91.8,74.5,39.4,29.0,51.1,50.6,81.8,67.1,77.9,39,193,18,49.0,44.0,5,18,60,141,164,114,115,43,77,52,231,123,177,Second Pair,47.0,1019.43,8.0,8.0,16.0,4.31,61.02,52.5,D,73.0,218.0,1984-11-13,CAN,,,,L,27,"[None, 40, 60, 94, 80]","[None, 18, 27, 32, 15]","[None, 88, 85, 93, 91]","[None, 'FLA', 'FLA', 'FLA', 'VAN']"
2012-2013,8470151,Jay Bouwmeester,STL,D,62.8,33.8,83.1,10.6,7.9,84.8,90.0,91.8,74.0,50.2,22.9,11.3,33.8,62.3,89.2,87,154,40,111.0,164.0,36,22,20,61,115,179,205,154,88,26,231,123,177,First Pair,47.0,1157.8,7.0,15.0,22.0,4.95,45.45,50.02,D,76.0,206.0,1983-09-27,CAN,2002.0,1.0,3.0,L,28,"[None, 22, 65, 50, 68]","[None, 29, 75, 11, 35]","[None, 78, 90, 82, 75]","[None, 'CGY', 'CGY', 'CGY', 'STL']"
2012-2013,8469531,Jay Harrison,CAR,D,26.8,79.7,14.3,,2.8,87.4,79.2,64.1,52.8,8.7,56.7,78.4,19.9,6.1,23.8,170,48,199,,173.0,30,45,84,110,211,101,51,186,218,177,231,123,177,Second Pair,47.0,935.67,3.0,7.0,10.0,2.45,41.27,48.55,D,76.0,222.0,1982-11-03,CAN,2001.0,3.0,82.0,L,29,"[None, 44, 38, 66, 10]","[None, 42, 61, 81, 83]","[None, 68, 35, 17, 9]","[None, 'CAR', 'CAR', 'CAR', 'CAR']"
2012-2013,8473507,Jeff Petry,EDM,D,41.1,40.7,50.6,,28.2,7.4,43.3,76.6,78.8,81.8,68.4,32.9,50.6,1.7,71.0,137,138,115,,128.0,215,127,55,50,43,74,156,115,228,68,231,123,177,Second Pair,48.0,1051.63,3.0,9.0,12.0,2.53,53.23,43.43,D,75.0,208.0,1987-12-09,USA,2006.0,2.0,45.0,R,24,"[None, None, 71, 51, 22]","[None, None, 51, 69, 22]","[None, None, 77, 67, 25]","[None, None, 'EDM', 'EDM', 'EDM']"
2012-2013,8471240,Jeff Schultz,WSH,D,39.4,56.3,26.4,,69.5,51.9,14.7,1.3,31.2,47.6,15.2,38.1,19.0,50.6,7.4,141,102,171,,55.0,112,192,229,158,121,197,144,188,115,215,231,123,177,Third Pair,26.0,370.67,0.0,3.0,3.0,0.32,34.78,46.92,D,78.0,225.0,1986-02-25,CAN,2004.0,1.0,27.0,L,26,"[None, 90, 54, 60, 23]","[None, 99, 65, 70, 44]","[None, 44, 20, 42, 25]","[None, 'WSH', 'WSH', 'WSH', 'WSH']"
2012-2013,8466215,Joe Corvo,CAR,D,66.2,88.3,9.5,94.3,,61.9,75.3,82.7,45.9,82.3,6.1,78.8,58.4,13.4,19.9,79,28,210,8.0,,89,54,41,126,42,218,50,97,201,186,231,123,177,Second Pair,40.0,750.37,6.0,11.0,17.0,3.7,52.83,47.06,D,72.0,204.0,1977-06-20,USA,1997.0,4.0,83.0,R,35,"[None, 90, 68, 64, 70]","[None, 93, 81, 91, 88]","[None, 42, 9, 18, 12]","[None, 'WSH', 'CAR', 'BOS', 'CAR']"
2012-2013,8471701,Joe Finley,NYI,D,14.3,15.6,40.3,,,52.8,4.8,0.4,0.9,12.6,69.3,51.5,3.0,91.3,96.1,199,196,139,,,110,205,231,225,202,72,113,225,21,10,231,123,177,Fringe,16.0,191.32,0.0,1.0,1.0,0.07,25.0,43.83,D,80.0,245.0,1987-06-29,USA,2005.0,1.0,27.0,L,25,"[None, None, None, None, 15]","[None, None, None, None, 14]","[None, None, None, None, 37]","[None, None, None, None, 'NYI']"
2012-2013,8474590,John Carlson,WSH,D,86.1,67.1,62.8,76.4,85.9,92.2,93.9,91.3,85.7,86.6,32.0,24.7,79.7,47.6,48.1,33,77,87,30.0,26.0,19,13,21,34,32,158,174,48,122,121,231,123,177,First Pair,48.0,1105.0,6.0,16.0,22.0,4.36,57.58,48.61,D,75.0,220.0,1990-01-10,USA,2008.0,1.0,27.0,R,22,"[None, 86, 85, 81, 86]","[None, 84, 87, 74, 34]","[None, 78, 49, 48, 74]","[None, 'WSH', 'WSH', 'WSH', 'WSH']"
2012-2013,8467365,John Erskine,WSH,D,35.9,74.9,22.5,,31.6,87.9,74.9,19.0,10.8,5.2,83.5,53.7,94.8,60.2,6.1,149,59,180,,122.0,29,55,188,202,219,39,108,13,93,218,231,123,177,Second Pair,30.0,553.87,3.0,3.0,6.0,0.97,61.11,45.92,D,76.0,220.0,1980-06-26,CAN,1998.0,2.0,39.0,L,32,"[None, 26, 62, 14, 45]","[None, 65, 78, 58, 77]","[None, 11, 39, 33, 13]","[None, 'WSH', 'WSH', 'WSH', 'WSH']"
2012-2013,8475186,John Moore,NYR,D,22.1,14.7,32.5,,,43.7,47.2,49.8,70.6,77.5,35.5,54.1,58.9,23.4,20.3,181,198,157,,,131,118,117,69,52,150,107,96,178,185,231,123,177,Third Pair,30.0,399.82,1.0,6.0,7.0,1.27,57.14,51.15,D,75.0,207.0,1990-11-19,USA,2009.0,1.0,21.0,L,21,"[None, None, None, 15, 37]","[None, None, None, 9, 22]","[None, None, None, 23, 40]","[None, None, None, 'CBJ', 'NYR']"
2012-2013,8468639,John-Michael Liles,TOR,D,66.7,27.3,54.5,91.9,,31.6,56.3,64.5,81.8,98.3,42.0,60.6,35.9,13.0,27.3,78,169,106,11.0,,159,98,83,43,5,135,92,149,202,169,231,123,177,Second Pair,32.0,600.57,2.0,9.0,11.0,2.32,47.06,47.29,D,70.0,185.0,1980-11-25,USA,2000.0,5.0,159.0,L,31,"[None, 30, 75, 67, 65]","[None, 15, 62, 35, 17]","[None, 22, 38, 48, 68]","[None, 'COL', 'COL', 'TOR', 'TOR']"
2012-2013,8470187,Johnny Boychuk,BOS,D,91.3,84.0,90.0,,70.1,10.0,57.1,89.2,60.2,86.1,84.8,58.4,67.1,94.4,56.7,21,38,24,,54.0,209,96,26,93,33,36,97,77,14,101,231,123,177,Second Pair,44.0,897.88,1.0,5.0,6.0,2.46,52.83,53.03,D,74.0,227.0,1984-01-19,CAN,2002.0,2.0,61.0,R,28,"[None, 97, 84, 97, 79]","[None, 63, 84, 89, 80]","[None, 98, 85, 98, 76]","[None, 'BOS', 'BOS', 'BOS', 'BOS']"
2012-2013,8469665,Johnny Oduya,CHI,D,56.7,45.0,58.0,,11.3,65.4,59.7,44.6,43.7,87.9,38.5,47.2,34.6,73.6,59.7,101,128,98,,158.0,81,90,129,131,29,143,123,152,62,94,231,123,177,Second Pair,48.0,985.0,3.0,9.0,12.0,2.22,58.62,58.33,D,72.0,191.0,1981-10-01,SWE,2001.0,7.0,221.0,L,30,"[None, 36, 23, 38, 82]","[None, 25, 26, 34, 73]","[None, 48, 18, 53, 77]","[None, 'ATL', 'ATL', 'CHI', 'CHI']"
2012-2013,8476463,Jonas Brodin,MIN,D,81.8,44.6,97.0,39.8,46.3,12.6,4.8,18.2,17.1,73.2,7.4,34.6,46.8,95.7,98.3,43,129,8,75.0,96.0,203,205,190,189,62,215,152,124,11,5,231,123,177,First Pair,45.0,1044.58,2.0,9.0,11.0,1.6,51.92,54.08,D,74.0,196.0,1993-07-12,SWE,2011.0,1.0,10.0,L,19,"[None, None, None, None, 76]","[None, None, None, None, 39]","[None, None, None, None, 94]","[None, None, None, None, 'MIN']"
2012-2013,8470318,Jonathan Ericsson,DET,D,43.7,63.6,64.9,,62.1,38.1,44.6,42.0,71.9,6.1,48.5,85.3,61.9,92.6,58.9,131,85,82,,68.0,144,124,135,66,217,120,35,89,18,96,231,123,177,Second Pair,45.0,959.6,3.0,10.0,13.0,1.57,53.57,53.58,D,76.0,218.0,1984-03-02,SWE,2002.0,9.0,291.0,L,28,"[None, 25, 16, 32, 71]","[None, 28, 56, 49, 78]","[None, 41, 55, 62, 68]","[None, 'DET', 'DET', 'DET', 'DET']"
2012-2013,8474164,Jonathon Blum,NSH,D,50.6,33.3,44.2,55.3,,79.7,82.7,22.1,77.9,84.4,25.5,23.4,84.0,10.0,6.9,115,155,130,56.0,,48,39,181,52,37,173,177,38,209,216,231,123,177,Third Pair,35.0,500.48,1.0,6.0,7.0,1.39,51.85,52.04,D,73.0,188.0,1989-01-30,USA,2007.0,1.0,23.0,R,23,"[None, None, 68, 37, 54]","[None, None, 69, 22, 26]","[None, None, 29, 23, 63]","[None, None, 'NSH', 'NSH', 'NSH']"
2012-2013,8470137,Joni Pitkanen,CAR,D,32.5,82.7,3.5,87.0,36.7,78.8,81.8,75.8,79.2,22.9,39.0,62.3,19.5,36.8,29.4,157,41,224,17.0,113.0,50,41,57,49,178,142,88,187,147,164,231,123,177,First Pair,22.0,501.98,1.0,8.0,9.0,1.41,46.15,46.65,D,75.0,220.0,1983-09-19,FIN,2002.0,1.0,4.0,L,28,"[None, 15, 9, 65, 31]","[None, 92, 95, 86, 63]","[None, 3, 2, 5, 7]","[None, 'CAR', 'CAR', 'CAR', 'CAR']"
2012-2013,8467917,Jordan Leopold,STL,D,61.5,37.7,43.7,19.5,32.2,97.4,93.1,63.6,28.6,56.3,29.4,81.4,38.5,33.8,26.8,90,145,131,100.0,121.0,7,15,85,163,101,164,44,143,154,170,231,123,177,Second Pair,39.0,782.83,2.0,8.0,10.0,2.44,42.22,46.63,D,73.0,206.0,1980-08-03,USA,1999.0,2.0,44.0,L,32,"[None, 52, 83, 64, 43]","[None, 4, 35, 29, 58]","[None, 56, 58, 36, 41]","[None, 'PIT', 'BUF', 'BUF', 'STL']"
2012-2013,8474818,Jordie Benn,DAL,D,51.9,32.5,72.7,46.3,31.1,25.5,4.8,8.7,91.3,62.8,45.9,26.4,27.3,18.2,90.0,112,157,64,67.0,123.0,173,205,212,21,86,126,170,169,190,24,231,123,177,Third Pair,26.0,450.22,1.0,5.0,6.0,1.34,46.43,47.77,D,74.0,201.0,1987-07-26,CAN,,,,L,25,"[None, None, None, None, 46]","[None, None, None, None, 26]","[None, None, None, None, 70]","[None, None, None, None, 'DAL']"
2012-2013,8470324,Josh Gorges,MTL,D,79.7,4.3,98.3,,100.0,37.2,18.2,9.1,54.5,61.0,71.9,25.1,74.0,51.9,45.0,48,222,5,,1.0,146,184,211,106,90,66,173,61,112,128,231,123,177,Second Pair,48.0,1026.62,2.0,7.0,9.0,1.49,55.56,53.81,D,73.0,204.0,1984-08-14,CAN,,,,L,28,"[None, 48, 70, 83, 82]","[None, 7, 28, 11, 3]","[None, 78, 81, 97, 98]","[None, 'MTL', 'MTL', 'MTL', 'MTL']"
2012-2013,8474027,Justin Braun,SJS,D,65.4,43.7,76.2,77.2,40.7,4.8,10.4,51.5,62.3,91.3,47.6,59.3,20.8,87.0,21.6,81,131,56,29.0,106.0,221,202,113,88,21,122,95,184,31,182,231,123,177,Second Pair,41.0,770.85,0.0,7.0,7.0,1.9,45.95,51.98,D,74.0,205.0,1987-02-10,USA,2007.0,7.0,201.0,R,25,"[None, None, 74, 82, 48]","[None, None, 64, 67, 21]","[None, None, 76, 87, 60]","[None, None, 'SJS', 'SJS', 'SJS']"
2012-2013,8473992,Justin Falk,MIN,D,17.7,17.7,30.7,,74.6,18.2,4.8,7.8,33.8,42.9,50.6,21.6,8.7,20.8,10.0,191,191,161,,46.0,190,205,214,152,132,115,181,212,184,209,231,123,177,Third Pair,36.0,475.72,0.0,3.0,3.0,0.89,37.14,53.62,D,77.0,223.0,1988-10-11,CAN,2007.0,4.0,110.0,L,23,"[None, None, 47, 3, 35]","[None, None, 44, 5, 33]","[None, None, 30, 16, 42]","[None, None, 'MIN', 'MIN', 'MIN']"
2012-2013,8475753,Justin Faulk,CAR,D,36.4,37.2,13.4,66.7,23.7,77.5,74.5,51.1,23.4,89.6,68.8,43.3,45.0,3.9,50.6,148,146,201,42.0,136.0,53,56,114,175,25,73,132,128,223,115,231,123,177,First Pair,38.0,912.3,5.0,10.0,15.0,4.0,48.15,46.13,D,72.0,208.0,1992-03-20,USA,2010.0,2.0,37.0,R,20,"[None, None, None, 38, 32]","[None, None, None, 45, 32]","[None, None, None, 12, 19]","[None, None, None, 'CAR', 'CAR']"
2012-2013,8474602,Justin Schultz,EDM,D,17.3,58.9,1.7,51.2,,85.7,92.2,98.3,37.7,67.5,8.2,35.5,14.3,28.1,97.4,192,96,228,61.0,,34,17,5,144,75,213,150,199,167,7,231,123,177,Second Pair,48.0,1029.58,8.0,19.0,27.0,6.45,38.03,42.74,D,74.0,190.0,1990-07-06,CAN,2008.0,2.0,43.0,R,22,"[None, None, None, None, 16]","[None, None, None, None, 52]","[None, None, None, None, 2]","[None, None, None, None, 'EDM']"
2012-2013,8473991,Karl Alzner,WSH,D,46.3,5.6,86.1,,56.5,38.5,25.3,15.6,18.6,53.7,43.3,15.2,51.5,58.0,53.7,125,219,33,,78.0,143,168,196,186,107,132,196,113,98,108,231,123,177,Second Pair,48.0,1005.87,1.0,4.0,5.0,1.55,43.55,51.17,D,75.0,213.0,1988-09-24,CAN,2007.0,1.0,5.0,L,23,"[None, 55, 58, 37, 52]","[None, 38, 9, 2, 15]","[None, 55, 78, 91, 87]","[None, 'WSH', 'WSH', 'WSH', 'WSH']"
2012-2013,8474184,Keaton Ellerby,LAK,D,20.8,13.4,56.7,,37.9,13.9,10.0,17.3,18.2,38.5,88.7,83.1,14.7,51.5,3.9,184,201,101,,111.0,200,203,192,187,142,27,40,198,113,223,231,123,177,Third Pair,44.0,636.9,0.0,3.0,3.0,0.97,50.0,47.79,D,77.0,220.0,1988-11-05,CAN,2007.0,1.0,10.0,L,23,"[None, None, 51, 42, 8]","[None, None, 32, 37, 6]","[None, None, 65, 64, 48]","[None, None, 'FLA', 'FLA', 'LAK']"
2012-2013,8474048,Keith Aulie,TBL,D,5.2,10.4,22.1,,,74.9,46.3,6.1,9.1,4.8,87.9,2.2,78.8,13.9,14.3,220,208,181,,,59,120,218,206,220,29,226,50,200,199,231,123,177,Fringe,45.0,576.85,2.0,5.0,7.0,0.88,54.76,48.6,D,78.0,222.0,1989-06-11,CAN,2007.0,4.0,116.0,L,23,"[None, None, 7, 6, 11]","[None, None, 13, 14, 16]","[None, None, 11, 27, 33]","[None, None, 'TOR', 'TBL', 'TBL']"
2012-2013,8470054,Keith Ballard,VAN,D,30.7,28.6,41.1,,14.7,11.7,19.9,57.1,3.5,90.0,60.2,25.5,42.9,46.8,11.7,161,166,137,,152.0,205,180,100,219,24,93,172,133,124,205,231,123,177,Third Pair,36.0,556.92,0.0,2.0,2.0,1.83,43.48,49.75,D,71.0,204.0,1982-11-26,USA,2002.0,1.0,11.0,L,29,"[None, 47, 25, 29, 39]","[None, 51, 22, 50, 27]","[None, 20, 29, 25, 53]","[None, 'FLA', 'VAN', 'VAN', 'VAN']"
2012-2013,8471735,Keith Yandle,PHX,D,87.0,98.7,15.6,4.9,,95.2,97.0,98.7,98.3,52.8,0.4,94.8,76.6,3.5,39.4,31,4,196,118.0,,12,7,4,5,109,231,13,55,224,141,231,123,177,First Pair,48.0,1067.87,10.0,20.0,30.0,7.07,55.17,47.8,D,73.0,192.0,1986-09-09,USA,2005.0,4.0,105.0,L,25,"[None, 99, 87, 92, 77]","[None, 97, 98, 97, 97]","[None, 86, 42, 46, 3]","[None, 'PHX', 'PHX', 'PHX', 'PHX']"
2012-2013,8467478,Kent Huskins,PHI,D,35.5,2.6,68.4,,83.6,74.0,53.2,3.5,26.8,68.8,28.6,75.3,55.0,77.5,5.6,150,226,74,,30.0,61,104,224,167,72,166,58,105,53,219,231,123,177,Third Pair,19.0,297.63,0.0,1.0,1.0,0.23,35.71,41.42,D,76.0,210.0,1979-05-04,CAN,1998.0,6.0,156.0,L,33,"[None, 31, 39, 59, 22]","[None, 5, 2, 12, 2]","[None, 72, 70, 76, 52]","[None, 'SJS', 'SJS', 'STL', 'PHI']"
2012-2013,8469598,Kevin Bieksa,VAN,D,20.3,54.1,23.4,11.4,26.6,42.4,78.4,95.7,67.5,25.1,62.8,32.0,90.9,70.1,45.9,185,107,178,110.0,131.0,134,47,11,76,173,87,158,22,70,126,231,123,177,Second Pair,36.0,789.87,6.0,6.0,12.0,4.01,51.85,47.26,D,73.0,197.0,1981-06-16,CAN,2001.0,5.0,151.0,R,31,"[None, 29, 34, 40, 12]","[None, 58, 51, 42, 71]","[None, 47, 47, 47, 8]","[None, 'VAN', 'VAN', 'VAN', 'VAN']"
2012-2013,8470630,Kevin Klein,NSH,D,22.5,7.8,40.7,,22.6,54.5,71.0,87.0,91.8,87.4,48.9,8.7,68.0,19.9,45.5,180,214,138,,138.0,106,64,31,20,30,119,211,75,186,127,231,123,177,Second Pair,47.0,959.67,3.0,11.0,14.0,2.81,48.28,45.96,D,73.0,206.0,1984-12-13,CAN,2003.0,2.0,37.0,R,27,"[None, 42, 15, 33, 30]","[None, 30, 10, 10, 10]","[None, 68, 27, 59, 34]","[None, 'NSH', 'NSH', 'NSH', 'NSH']"
2012-2013,8474031,Kevin Shattenkirk,STL,D,76.2,47.2,82.7,70.7,74.0,82.7,77.9,77.1,94.8,23.8,34.6,92.6,71.9,50.2,25.5,56,123,41,37.0,47.0,41,48,54,13,176,152,18,66,116,173,231,123,177,Second Pair,48.0,1022.47,5.0,18.0,23.0,3.69,57.14,52.63,D,72.0,203.0,1989-01-29,USA,2007.0,1.0,14.0,R,23,"[None, None, 65, 79, 78]","[None, None, 52, 63, 43]","[None, None, 61, 88, 83]","[None, None, 'STL', 'STL', 'STL']"
2012-2013,8459670,Kimmo Timonen,PHI,D,96.1,80.1,96.5,99.2,49.2,27.7,23.8,42.9,76.2,22.5,16.9,45.9,39.0,55.8,82.3,10,47,9,2.0,91.0,168,171,133,56,179,193,126,142,103,42,231,123,177,Second Pair,45.0,979.48,5.0,24.0,29.0,4.13,53.06,53.2,D,70.0,194.0,1975-03-18,FIN,1993.0,10.0,250.0,L,37,"[None, 93, 91, 97, 94]","[None, 82, 65, 85, 80]","[None, 80, 96, 95, 95]","[None, 'PHI', 'PHI', 'PHI', 'PHI']"
2012-2013,8473560,Korbinian Holzer,TOR,D,12.6,12.1,9.1,,76.8,83.5,95.0,82.3,12.3,46.8,97.8,3.0,3.9,11.7,96.5,203,204,211,,42.0,39,11,42,199,123,6,224,223,205,9,231,123,177,Second Pair,22.0,407.15,2.0,1.0,3.0,1.1,30.3,38.5,D,75.0,213.0,1988-02-16,DEU,2006.0,4.0,111.0,R,24,"[None, None, None, None, 14]","[None, None, None, None, 10]","[None, None, None, None, 12]","[None, None, None, None, 'TOR']"
2012-2013,8471724,Kris Letang,PIT,D,90.5,99.6,35.9,14.6,77.4,10.8,84.8,97.0,100.0,85.3,69.7,56.7,95.7,82.3,52.4,23,2,149,106.0,41.0,207,34,8,1,35,71,101,11,42,111,231,123,177,First Pair,35.0,897.27,5.0,33.0,38.0,6.92,64.41,55.3,D,72.0,199.0,1987-04-24,CAN,2005.0,3.0,62.0,R,25,"[None, 39, 62, 92, 93]","[None, 100, 96, 100, 99]","[None, 4, 37, 7, 61]","[None, 'PIT', 'PIT', 'PIT', 'PIT']"
2012-2013,8471729,Kris Russell,STL,D,68.8,56.7,71.9,,,44.2,55.0,54.5,51.9,77.1,25.1,85.7,59.3,55.4,12.6,73,101,66,,,130,101,106,112,53,174,34,95,104,203,231,123,177,Third Pair,33.0,529.6,1.0,6.0,7.0,1.49,54.84,51.96,D,70.0,170.0,1987-05-02,CAN,2005.0,3.0,67.0,L,25,"[None, 65, 45, 88, 61]","[None, 32, 46, 64, 61]","[None, 81, 51, 78, 72]","[None, 'CBJ', 'CBJ', 'STL', 'STL']"
2012-2013,8468520,Kurtis Foster,PHI,D,8.2,25.1,7.4,79.7,,23.4,32.5,41.1,26.4,27.3,17.7,69.7,60.2,17.3,19.5,213,174,215,26.0,,178,152,137,168,168,191,71,93,192,187,231,123,177,Third Pair,23.0,301.1,1.0,4.0,5.0,0.73,47.83,41.43,D,77.0,225.0,1981-11-24,CAN,2000.0,2.0,40.0,R,30,"[None, 58, 28, 20, 5]","[None, 34, 56, 25, 21]","[None, 63, 17, 26, 4]","[None, 'TBL', 'EDM', 'MIN', 'PHI']"
2012-2013,8470724,Kyle Quincey,DET,D,28.6,68.4,51.9,23.6,30.5,8.2,30.3,71.0,10.0,7.8,40.3,93.9,31.6,66.2,36.4,166,74,112,95.0,124.0,213,157,68,204,213,139,15,159,79,148,231,123,177,Second Pair,36.0,692.0,1.0,2.0,3.0,1.84,54.29,54.77,D,74.0,210.0,1985-08-12,CAN,2003.0,4.0,132.0,L,27,"[None, 57, 48, 5, 58]","[None, 74, 74, 51, 71]","[None, 40, 43, 58, 56]","[None, 'COL', 'COL', 'DET', 'DET']"
2012-2013,8471222,Ladislav Smid,EDM,D,26.4,44.2,58.4,,6.8,61.0,43.7,28.1,4.3,6.9,90.0,18.6,55.4,1.3,81.0,171,130,97,,166.0,91,126,167,217,215,24,188,104,229,45,231,123,177,Second Pair,48.0,975.3,1.0,3.0,4.0,1.75,50.0,44.47,D,76.0,210.0,1986-02-01,CZE,2004.0,1.0,9.0,L,26,"[None, 73, 32, 67, 11]","[None, 34, 46, 42, 55]","[None, 74, 64, 70, 43]","[None, 'EDM', 'EDM', 'EDM', 'EDM']"
2012-2013,8468598,Lubomir Visnovsky,NYI,D,97.4,98.3,61.9,96.7,60.5,84.0,91.3,93.1,65.8,33.8,8.7,45.0,84.8,59.7,35.1,7,5,89,5.0,71.0,38,19,17,80,153,212,128,36,94,151,231,123,177,First Pair,35.0,798.18,3.0,11.0,14.0,4.04,62.75,56.4,D,70.0,192.0,1976-08-11,SVK,2000.0,4.0,118.0,L,36,"[None, 98, 100, 81, 97]","[None, 96, 100, 90, 99]","[None, 32, 51, 61, 67]","[None, 'ANA', 'ANA', 'ANA', 'NYI']"
2012-2013,8474579,Luca Sbisa,ANA,D,2.6,10.0,4.8,,12.4,30.3,44.2,56.3,53.7,44.6,97.0,53.2,22.1,56.7,22.9,226,209,221,,156.0,162,125,102,108,128,8,109,181,101,179,231,123,177,Second Pair,41.0,813.2,1.0,7.0,8.0,2.08,44.0,48.61,D,75.0,206.0,1990-01-30,ITA,2008.0,1.0,19.0,L,22,"[None, None, 12, 9, 3]","[None, None, 25, 9, 14]","[None, None, 10, 15, 4]","[None, None, 'ANA', 'ANA', 'ANA']"
2012-2013,8474568,Luke Schenn,PHI,D,13.9,32.9,19.0,,67.8,17.7,41.1,61.5,76.6,41.1,99.6,41.6,37.7,42.4,54.5,200,156,188,,58.0,191,132,90,55,136,2,136,145,134,106,231,123,177,Second Pair,47.0,1027.55,3.0,8.0,11.0,3.33,47.83,50.81,D,74.0,225.0,1989-11-02,CAN,2008.0,1.0,5.0,R,22,"[None, 57, 53, 2, 31]","[None, 50, 39, 30, 38]","[None, 15, 21, 2, 59]","[None, 'TOR', 'TOR', 'TOR', 'PHI']"
2012-2013,8470760,Marc Methot,OTT,D,27.3,3.0,81.8,,72.9,44.6,39.8,26.0,66.2,20.3,81.8,40.7,25.1,39.0,60.6,169,225,43,,49.0,129,135,172,79,184,43,138,174,142,92,231,123,177,First Pair,47.0,1044.72,2.0,9.0,11.0,1.79,46.77,52.18,D,76.0,230.0,1985-06-21,CAN,2003.0,6.0,168.0,L,27,"[None, 52, 18, 18, 51]","[None, 21, 3, 1, 8]","[None, 77, 74, 79, 82]","[None, 'CBJ', 'CBJ', 'CBJ', 'OTT']"
2012-2013,8471686,Marc Staal,NYR,D,25.1,32.0,26.0,48.0,96.0,6.9,45.0,93.5,82.7,45.0,71.0,76.2,67.5,88.3,66.2,174,158,172,65.0,8.0,216,123,16,41,127,68,56,76,28,79,231,123,177,First Pair,21.0,513.45,2.0,9.0,11.0,2.18,59.38,53.42,D,76.0,208.0,1987-01-13,CAN,2005.0,1.0,12.0,L,25,"[None, 34, 20, 23, 39]","[None, 5, 43, 17, 49]","[None, 43, 14, 22, 39]","[None, 'NYR', 'NYR', 'NYR', 'NYR']"
2012-2013,8469765,Marc-Andre Bergeron,CAR,D,39.0,23.4,29.0,34.1,,67.1,67.5,53.2,63.2,95.7,10.8,100.0,6.9,41.6,18.2,142,178,165,82.0,,77,72,109,86,11,207,1,216,136,190,231,123,177,Third Pair,25.0,344.13,1.0,8.0,9.0,1.87,38.89,47.52,D,69.0,190.0,1980-10-13,CAN,,,,L,31,"[None, 49, 29, 31, 54]","[None, 33, 37, 16, 38]","[None, 18, 30, 31, 29]","[None, 'MTL', 'TBL', 'TBL', 'CAR']"
2012-2013,8471709,Marc-Edouard Vlasic,SJS,D,96.5,86.6,99.1,,5.1,35.9,68.4,85.3,42.0,91.8,21.2,19.0,50.2,90.5,62.8,9,32,3,,169.0,149,70,35,135,20,183,187,116,23,87,231,123,177,Second Pair,48.0,999.58,3.0,4.0,7.0,2.78,54.1,58.36,D,73.0,205.0,1987-03-30,CAN,2005.0,2.0,35.0,L,25,"[None, 87, 87, 85, 100]","[None, 90, 89, 47, 94]","[None, 86, 86, 99, 99]","[None, 'SJS', 'SJS', 'SJS', 'SJS']"
2012-2013,8469623,Marek Zidlicky,NJD,D,32.9,61.9,46.3,2.4,,64.1,65.8,55.4,71.0,10.4,30.7,64.5,21.2,37.2,26.4,156,89,125,121.0,,84,76,104,68,207,161,83,183,146,171,231,123,177,Second Pair,48.0,1007.73,4.0,15.0,19.0,5.82,44.9,53.66,D,71.0,190.0,1977-02-03,CZE,2001.0,6.0,176.0,R,35,"[None, 67, 19, 50, 34]","[None, 30, 23, 73, 76]","[None, 89, 25, 67, 42]","[None, 'MIN', 'MIN', 'NJD', 'NJD']"
2012-2013,8467580,Mark Eaton,PIT,D,53.7,4.8,85.3,,63.8,15.2,4.8,16.9,1.7,93.1,16.5,19.5,85.7,27.7,74.0,108,221,35,,65.0,197,205,193,223,17,194,186,34,168,61,231,123,177,Third Pair,23.0,413.52,0.0,0.0,0.0,0.46,62.96,49.06,D,73.0,215.0,1977-05-06,USA,,,,L,35,"[None, 84, 67, 42, 57]","[None, 22, 4, 36, 4]","[None, 96, 93, 65, 90]","[None, 'PIT', 'NYI', 'NYI', 'PIT']"
2012-2013,8471816,Mark Fayne,NJD,D,71.0,19.9,93.5,,83.1,66.7,41.6,23.8,41.1,32.9,30.3,12.6,56.3,75.8,32.5,68,186,16,,31.0,78,131,177,137,155,162,202,102,57,157,231,123,177,Second Pair,31.0,561.03,1.0,5.0,6.0,0.88,60.0,62.01,D,75.0,209.0,1987-05-15,USA,2005.0,5.0,155.0,R,25,"[None, None, 73, 43, 83]","[None, None, 21, 6, 55]","[None, None, 84, 86, 96]","[None, None, 'NJD', 'NJD', 'NJD']"
2012-2013,8471241,Mark Fistric,EDM,D,55.0,8.2,84.8,,29.4,39.4,13.0,3.0,58.9,70.6,99.1,29.0,63.6,5.2,32.0,105,213,36,,126.0,141,196,225,96,68,3,164,85,220,158,231,123,177,Third Pair,25.0,383.33,0.0,6.0,6.0,0.5,57.89,51.16,D,74.0,225.0,1986-06-01,CAN,2004.0,1.0,28.0,L,26,"[None, 64, 43, 36, 74]","[None, 33, 7, 3, 25]","[None, 85, 69, 90, 88]","[None, 'DAL', 'DAL', 'DAL', 'EDM']"
2012-2013,8471748,Mark Fraser,TOR,D,30.3,10.8,70.1,,73.4,21.2,4.8,4.8,83.5,26.4,98.3,42.0,98.7,51.1,49.4,162,207,70,,48.0,183,205,221,39,170,5,135,4,114,118,231,123,177,Third Pair,45.0,763.08,0.0,8.0,8.0,0.89,62.32,47.66,D,76.0,220.0,1986-09-29,CAN,2005.0,3.0,84.0,L,25,"[None, 29, 63, None, 17]","[None, 0, 16, None, 13]","[None, 90, 71, None, 64]","[None, 'NJD', 'NJD', None, 'TOR']"
2012-2013,8470966,Mark Giordano,CGY,D,93.9,72.3,99.6,84.6,92.7,56.7,50.2,66.7,78.4,10.8,62.3,24.2,36.8,20.3,81.4,15,65,2,20.0,14.0,101,111,78,51,206,88,175,147,185,44,231,123,177,First Pair,47.0,1088.52,4.0,11.0,15.0,2.8,45.05,49.93,D,72.0,202.0,1983-10-03,CAN,,,,L,28,"[None, 99, 96, 97, 87]","[None, 57, 73, 56, 75]","[None, 100, 100, 100, 96]","[None, 'CGY', 'CGY', 'CGY', 'CGY']"
2012-2013,8475796,Mark Pysyk,BUF,D,39.8,24.2,44.6,43.1,,19.9,4.8,39.8,90.0,92.6,0.9,48.1,6.5,11.3,91.8,140,176,129,71.0,,186,205,140,24,18,230,121,217,206,20,231,123,177,Third Pair,19.0,309.28,1.0,4.0,5.0,0.86,29.41,39.19,D,73.0,205.0,1992-01-11,CAN,2010.0,1.0,23.0,R,20,"[None, None, None, None, 35]","[None, None, None, None, 20]","[None, None, None, None, 41]","[None, None, None, None, 'BUF']"
2012-2013,8468309,Mark Streit,NYI,D,93.1,99.1,29.9,98.4,63.3,7.8,63.6,90.9,93.9,42.0,27.3,83.5,12.1,45.0,59.3,17,3,163,3.0,66.0,214,81,22,15,134,169,39,204,128,95,231,123,177,First Pair,48.0,1120.67,6.0,21.0,27.0,5.63,44.78,50.81,D,71.0,186.0,1977-12-11,CHE,2004.0,9.0,262.0,L,34,"[None, 82, None, 90, 89]","[None, 99, None, 98, 97]","[None, 30, None, 51, 20]","[None, 'NYI', None, 'NYI', 'NYI']"
2012-2013,8470614,Mark Stuart,WPG,D,10.0,11.3,33.3,,35.6,54.1,49.8,40.3,16.5,19.9,91.8,36.8,58.0,43.3,8.7,209,206,155,,115.0,107,112,139,190,185,20,147,98,132,212,231,123,177,Third Pair,42.0,701.55,2.0,2.0,4.0,1.56,55.26,50.02,D,74.0,215.0,1984-04-27,USA,2003.0,1.0,21.0,L,28,"[None, 4, 49, 4, 16]","[None, 10, 35, 15, 9]","[None, 36, 23, 12, 54]","[None, 'BOS', 'ATL', 'WPG', 'WPG']"
2012-2013,8467931,Matt Carkner,NYI,D,31.2,69.7,75.8,,,41.6,22.5,11.7,27.3,0.4,61.5,46.8,30.7,48.5,4.3,160,71,57,,,136,174,205,166,230,90,124,161,120,222,231,123,177,Fringe,22.0,277.0,0.0,2.0,2.0,0.6,45.45,52.99,D,77.0,229.0,1980-11-03,CAN,1999.0,2.0,58.0,R,31,"[None, 61, 51, 45, 19]","[None, 52, 82, 31, 79]","[None, 90, 84, 74, 67]","[None, 'OTT', 'OTT', 'OTT', 'NYI']"
2012-2013,8470640,Matt Carle,TBL,D,94.4,93.9,77.9,85.4,92.1,8.7,38.5,60.6,98.7,75.8,21.6,26.0,75.8,38.1,35.5,14,15,52,19.0,15.0,212,138,92,4,56,182,171,57,144,150,231,123,177,First Pair,48.0,1139.9,5.0,17.0,22.0,3.03,48.53,47.77,D,72.0,197.0,1984-09-25,USA,2003.0,2.0,47.0,L,27,"[None, 92, 88, 96, 90]","[None, 94, 97, 96, 85]","[None, 60, 65, 95, 62]","[None, 'PHI', 'PHI', 'PHI', 'TBL']"
2012-2013,8471436,Matt Hunwick,COL,D,3.0,15.2,5.6,33.3,8.5,12.1,48.9,77.9,16.0,61.5,20.8,60.2,32.5,35.5,39.8,225,197,219,83.0,163.0,204,114,52,191,89,184,93,157,150,140,231,123,177,Second Pair,43.0,925.38,0.0,6.0,6.0,2.07,50.0,48.65,D,71.0,194.0,1985-05-21,USA,2004.0,7.0,224.0,L,27,"[None, 5, 2, 15, 6]","[None, 37, 14, 38, 13]","[None, 1, 4, 3, 26]","[None, 'BOS', 'COL', 'COL', 'COL']"
2012-2013,8475625,Matt Irwin,SJS,D,85.7,48.5,70.6,65.0,,97.0,69.7,43.7,45.5,79.0,67.1,79.2,30.3,100.0,90.5,34,120,69,44.0,,8,67,131,127,49,77,49,162,1,23,231,123,177,Second Pair,38.0,725.83,6.0,6.0,12.0,2.91,54.76,56.7,D,74.0,200.0,1987-11-29,CAN,,,,L,24,"[None, None, None, None, 80]","[None, None, None, None, 45]","[None, None, None, None, 66]","[None, None, None, None, 'SJS']"
2012-2013,8471702,Matt Niskanen,PIT,D,74.0,42.9,91.8,69.1,53.7,55.0,69.3,58.9,39.0,26.0,74.9,74.9,74.5,72.3,21.2,61,133,20,39.0,83.0,105,68,96,142,171,59,59,60,65,183,231,123,177,Second Pair,40.0,814.3,4.0,10.0,14.0,3.27,55.81,48.58,D,73.0,203.0,1986-12-06,USA,2005.0,1.0,28.0,R,25,"[None, 86, 60, 74, 81]","[None, 48, 30, 72, 39]","[None, 96, 97, 89, 84]","[None, 'DAL', 'PIT', 'PIT', 'PIT']"
2012-2013,8474584,Michael Del Zotto,NYR,D,58.0,95.7,2.6,92.7,42.4,24.2,70.1,92.6,84.4,63.2,61.0,86.1,86.1,90.0,18.6,98,11,226,10.0,103.0,176,66,18,37,85,91,33,33,24,189,231,123,177,First Pair,46.0,1066.03,3.0,18.0,21.0,5.21,60.0,51.79,D,72.0,195.0,1990-06-24,CAN,2008.0,1.0,20.0,L,22,"[None, 77, 52, 75, 55]","[None, 93, 96, 93, 95]","[None, 2, 3, 2, 2]","[None, 'NYR', 'NYR', 'NYR', 'NYR']"
2012-2013,8474497,Michael Kostka,TOR,D,32.0,29.9,74.9,44.7,45.2,2.2,4.8,53.7,32.9,21.6,66.7,6.1,49.8,16.5,94.4,158,163,59,69.0,98.0,227,205,108,154,181,78,217,117,194,14,231,123,177,First Pair,35.0,772.78,0.0,8.0,8.0,2.15,43.59,46.29,D,73.0,210.0,1985-11-28,CAN,,,,R,26,"[None, None, None, None, 28]","[None, None, None, None, 24]","[None, None, None, None, 72]","[None, None, None, None, 'TOR']"
2012-2013,8474628,Michael Stone,PHX,D,77.5,75.8,48.9,30.1,27.1,99.1,96.1,36.8,5.2,39.8,83.1,18.2,57.1,52.8,97.0,53,57,119,87.0,130.0,3,9,147,215,139,40,189,100,110,8,231,123,177,Third Pair,40.0,667.47,5.0,4.0,9.0,1.81,52.38,49.23,D,75.0,210.0,1990-06-07,CAN,2008.0,3.0,69.0,R,22,"[None, None, None, None, 70]","[None, None, None, None, 67]","[None, None, None, None, 46]","[None, None, None, None, 'PHX']"
2012-2013,8465058,Michal Rozsival,CHI,D,90.9,92.2,89.2,29.3,,61.5,29.0,10.8,93.5,18.6,84.4,86.6,96.5,64.5,16.0,22,19,26,88.0,,90,160,207,16,188,37,32,9,83,195,231,123,177,Second Pair,27.0,489.02,0.0,12.0,12.0,0.9,72.97,59.49,D,73.0,210.0,1978-09-03,CZE,1996.0,4.0,105.0,R,33,"[None, 39, 97, 70, 91]","[None, 52, 95, 77, 93]","[None, 67, 88, 79, 91]","[None, 'NYR', 'PHX', 'PHX', 'CHI']"
2012-2013,8471242,Mike Green,WSH,D,70.6,64.9,8.7,95.9,28.8,97.8,96.5,95.2,41.6,58.4,51.5,61.0,62.8,62.8,9.1,69,82,212,6.0,127.0,6,8,12,136,96,113,91,87,87,211,231,123,177,First Pair,35.0,869.88,12.0,14.0,26.0,4.93,46.81,52.23,D,73.0,210.0,1985-10-12,CAN,2004.0,1.0,29.0,R,26,"[None, 85, 64, 18, 93]","[None, 39, 44, 72, 71]","[None, 11, 12, 6, 24]","[None, 'WSH', 'WSH', 'WSH', 'WSH']"
2012-2013,8468478,Mike Weaver,FLA,D,84.0,47.6,81.0,,87.6,47.2,31.2,9.5,85.3,97.8,77.9,2.6,53.7,4.3,68.4,38,122,45,,23.0,123,155,210,35,6,52,225,108,222,74,231,123,177,Second Pair,27.0,543.73,1.0,8.0,9.0,0.85,47.37,44.41,D,70.0,186.0,1978-05-02,CAN,,,,R,34,"[None, 75, 93, 73, 84]","[None, 55, 76, 18, 64]","[None, 64, 89, 83, 73]","[None, 'STL', 'FLA', 'FLA', 'FLA']"
2012-2013,8473426,Mike Weber,BUF,D,6.5,6.1,66.2,,71.2,47.6,33.8,19.9,20.8,1.7,92.2,30.3,42.0,15.2,46.3,217,218,79,,52.0,122,149,186,181,227,19,161,135,197,125,231,123,177,Second Pair,42.0,771.27,1.0,6.0,7.0,0.77,48.84,39.08,D,74.0,217.0,1987-12-16,USA,2006.0,2.0,57.0,L,24,"[None, None, 47, 20, 3]","[None, None, 39, 17, 3]","[None, None, 77, 70, 50]","[None, None, 'BUF', 'BUF', 'BUF']"
2012-2013,8475613,Nate Prosser,MIN,D,35.1,34.6,49.4,,,50.6,14.3,0.9,6.5,24.2,58.9,4.8,89.6,19.0,11.3,151,152,118,,,115,193,230,212,175,96,220,25,188,206,231,123,177,Fringe,17.0,191.27,0.0,0.0,0.0,0.11,83.33,52.87,D,74.0,201.0,1986-05-07,USA,,,,R,26,"[None, None, None, 21, 47]","[None, None, None, 31, 36]","[None, None, None, 43, 53]","[None, None, None, 'MIN', 'MIN']"
2012-2013,8475181,Nick Leddy,CHI,D,34.2,22.5,31.2,41.5,,77.1,73.6,62.8,48.5,71.4,19.0,87.4,45.9,97.0,6.5,153,180,160,73.0,,54,58,87,120,66,188,30,126,8,217,231,123,177,Third Pair,48.0,836.13,6.0,12.0,18.0,3.6,61.36,53.74,D,72.0,205.0,1991-03-20,USA,2009.0,1.0,16.0,L,21,"[None, None, 59, 16, 42]","[None, None, 28, 16, 42]","[None, None, 31, 30, 34]","[None, None, 'CHI', 'CHI', 'CHI']"
2012-2013,8468513,Nick Schultz,EDM,D,25.5,30.7,46.8,,67.2,40.7,24.7,13.9,47.6,14.7,47.2,16.0,22.5,7.8,58.0,173,161,124,,59.0,138,169,200,122,197,123,194,180,214,98,231,123,177,Second Pair,48.0,894.35,1.0,8.0,9.0,1.14,36.51,44.27,D,73.0,203.0,1982-08-25,CAN,2000.0,2.0,33.0,L,30,"[None, 45, 44, 17, 34]","[None, 9, 31, 20, 50]","[None, 93, 57, 54, 39]","[None, 'MIN', 'MIN', 'EDM', 'EDM']"
2012-2013,8471269,Nicklas Grossmann,PHI,D,15.6,2.2,68.8,,53.1,40.3,24.2,8.2,26.0,40.3,92.6,3.5,48.1,21.6,70.6,196,227,73,,84.0,139,170,213,169,138,18,223,121,182,69,231,123,177,Second Pair,30.0,549.98,1.0,3.0,4.0,0.77,46.67,44.94,D,76.0,230.0,1985-01-22,SWE,2004.0,2.0,56.0,L,27,"[None, 21, 27, 9, 24]","[None, 12, 6, 2, 2]","[None, 48, 59, 66, 74]","[None, 'DAL', 'DAL', 'PHI', 'PHI']"
2012-2013,8471348,Nikita Nikitin,CBJ,D,64.1,25.5,55.0,78.9,84.2,76.2,67.1,37.2,40.3,82.7,19.9,27.7,68.4,58.9,69.7,84,173,105,27.0,29.0,56,73,146,139,41,186,167,74,96,71,231,123,177,Second Pair,38.0,805.5,3.0,6.0,9.0,3.26,55.56,46.17,D,76.0,217.0,1986-06-16,RUS,2004.0,5.0,136.0,L,26,"[None, None, 39, 93, 41]","[None, None, 18, 51, 24]","[None, None, 50, 85, 32]","[None, None, 'STL', 'CBJ', 'CBJ']"
2012-2013,8471769,Niklas Hjalmarsson,CHI,D,87.9,16.5,100.0,,78.0,68.8,48.5,20.8,61.0,41.6,31.6,39.4,75.3,93.5,79.2,29,194,1,,40.0,73,115,184,91,135,159,141,58,16,49,231,123,177,Second Pair,46.0,961.75,2.0,8.0,10.0,1.59,60.66,57.49,D,75.0,197.0,1987-06-06,SWE,2005.0,4.0,108.0,L,25,"[None, 88, 81, 86, 86]","[None, 67, 27, 27, 18]","[None, 94, 97, 99, 99]","[None, 'CHI', 'CHI', 'CHI', 'CHI']"
2012-2013,8468509,Niklas Kronwall,DET,D,99.6,89.6,91.3,90.2,97.7,91.8,85.7,80.5,54.1,30.3,35.9,84.8,37.2,74.5,78.4,2,25,21,13.0,5.0,20,32,46,107,161,149,36,146,60,51,231,123,177,First Pair,48.0,1169.37,5.0,24.0,29.0,4.19,47.54,51.88,D,72.0,194.0,1981-01-12,SWE,2000.0,1.0,29.0,L,31,"[None, 93, 99, 98, 95]","[None, 70, 94, 84, 91]","[None, 89, 92, 85, 90]","[None, 'DET', 'DET', 'DET', 'DET']"
2012-2013,8475171,Oliver Ekman-Larsson,PHX,D,92.2,84.8,77.1,12.2,52.5,85.3,88.3,84.0,79.7,92.2,51.9,39.8,77.5,35.9,88.3,19,36,54,109.0,85.0,35,26,38,48,19,112,140,53,149,28,231,123,177,First Pair,48.0,1204.62,3.0,21.0,24.0,5.68,55.0,51.43,D,74.0,190.0,1991-07-17,SWE,2009.0,1.0,6.0,L,21,"[None, None, 59, 95, 92]","[None, None, 68, 80, 92]","[None, None, 46, 72, 89]","[None, None, 'PHX', 'PHX', 'PHX']"
2012-2013,8475342,Oliver Lauridsen,PHI,D,45.5,61.5,53.7,,43.5,93.1,98.5,83.5,36.8,2.6,95.2,31.0,51.9,63.6,99.6,127,90,108,,101.0,17,4,39,146,225,12,160,112,85,2,231,123,177,Third Pair,15.0,227.02,2.0,1.0,3.0,0.75,50.0,49.06,D,78.0,220.0,1989-03-24,DNK,2009.0,7.0,196.0,L,23,"[None, None, None, None, 40]","[None, None, None, None, 53]","[None, None, None, None, 51]","[None, None, None, None, 'PHI']"
2012-2013,8474056,P.K. Subban,MTL,D,91.8,55.0,93.1,91.1,71.8,89.2,76.2,70.6,87.4,42.4,49.4,55.4,83.5,55.0,38.5,20,105,17,12.0,51.0,26,52,69,30,133,118,104,39,105,143,231,123,177,First Pair,42.0,976.25,11.0,27.0,38.0,5.62,66.04,57.23,D,72.0,210.0,1989-05-13,CAN,2007.0,2.0,43.0,R,23,"[None, None, 84, 49, 99]","[None, None, 70, 27, 72]","[None, None, 76, 94, 93]","[None, None, 'MTL', 'MTL', 'MTL']"
2012-2013,8474605,Patrick Wiercioch,OTT,D,73.2,77.5,69.7,62.6,,81.0,37.2,25.5,89.6,23.4,9.5,99.1,83.1,80.5,80.5,63,53,71,47.0,,45,141,173,25,177,210,3,40,46,46,231,123,177,Third Pair,42.0,659.13,5.0,14.0,19.0,3.29,63.33,56.53,D,77.0,202.0,1990-09-12,CAN,2008.0,2.0,42.0,L,21,"[None, None, None, None, 67]","[None, None, None, None, 70]","[None, None, None, None, 65]","[None, None, None, None, 'OTT']"
2012-2013,8468542,Paul Martin,PIT,D,97.8,91.3,93.9,67.5,97.2,75.3,79.7,71.4,89.2,55.8,5.2,40.3,65.8,68.4,57.1,6,21,15,41.0,6.0,58,44,67,26,102,220,139,80,74,100,231,123,177,First Pair,34.0,861.05,6.0,17.0,23.0,2.33,61.11,54.18,D,73.0,200.0,1981-03-05,USA,2000.0,2.0,62.0,L,31,"[None, 96, 94, 94, 99]","[None, 46, 82, 91, 93]","[None, 99, 93, 84, 95]","[None, 'NJD', 'PIT', 'PIT', 'PIT']"
2012-2013,8474074,Paul Postma,WPG,D,55.8,52.8,42.0,27.6,,80.1,77.5,87.4,36.1,71.9,14.3,87.0,12.6,43.7,25.1,103,110,135,90.0,,47,49,30,147,65,199,31,203,131,174,231,123,177,Third Pair,34.0,510.97,4.0,5.0,9.0,2.59,43.75,50.19,D,75.0,195.0,1989-02-22,CAN,2007.0,7.0,205.0,R,23,"[None, None, None, None, 51]","[None, None, None, None, 48]","[None, None, None, None, 39]","[None, None, None, None, 'WPG']"
2012-2013,8472394,Peter Harrold,NJD,D,68.4,9.5,96.1,25.2,,14.3,4.8,50.2,0.4,90.5,36.8,98.3,0.4,96.1,84.8,74,210,10,93.0,,199,205,116,226,23,147,5,231,10,36,231,123,177,Third Pair,23.0,405.53,2.0,3.0,5.0,1.76,23.53,58.22,D,71.0,180.0,1983-06-08,USA,,,,R,29,"[None, 42, None, None, 62]","[None, 7, None, None, 9]","[None, 76, None, None, 93]","[None, 'LAK', None, None, 'NJD']"
2012-2013,8474707,Philip Larsen,DAL,D,26.0,40.3,36.8,,,33.3,39.0,47.2,29.4,32.0,58.0,37.7,48.5,49.4,26.0,172,139,147,,,155,137,123,161,157,98,145,120,118,172,231,123,177,Third Pair,32.0,476.17,2.0,3.0,5.0,1.29,37.5,44.61,D,73.0,185.0,1989-12-07,DNK,2008.0,5.0,149.0,R,22,"[None, None, None, 47, 13]","[None, None, None, 54, 27]","[None, None, None, 51, 28]","[None, None, None, 'DAL', 'DAL']"
2012-2013,8468101,Radek Martinek,NYI,D,29.4,31.6,15.2,,,92.6,99.6,76.2,13.4,47.2,29.0,71.4,11.3,65.8,65.8,164,159,197,,,18,2,56,197,122,165,67,206,80,80,231,123,177,Third Pair,13.0,209.9,3.0,0.0,3.0,0.55,42.86,45.24,D,72.0,205.0,1976-08-31,CZE,1999.0,8.0,228.0,R,36,"[None, 36, 10, None, 50]","[None, 60, 41, None, 31]","[None, 23, 18, None, 16]","[None, 'NYI', 'NYI', None, 'NYI']"
2012-2013,8475462,Radko Gudas,TBL,D,75.3,77.1,59.3,,50.3,94.8,95.0,52.4,38.3,28.6,100.0,77.9,53.2,41.1,16.9,58,54,95,,89.0,13,11,111,143,165,1,52,109,137,193,231,123,177,Third Pair,22.0,373.83,2.0,3.0,5.0,0.92,53.57,51.88,D,72.0,208.0,1990-06-05,CZE,2010.0,3.0,66.0,R,22,"[None, None, None, None, 67]","[None, None, None, None, 68]","[None, None, None, None, 55]","[None, None, None, None, 'TBL']"
2012-2013,8476244,Raphael Diaz,MTL,D,53.2,42.4,57.1,16.3,76.3,49.8,36.8,13.0,14.7,64.5,5.6,8.2,76.2,49.8,53.2,109,134,100,104.0,43.0,117,142,202,194,82,219,212,56,117,109,231,123,177,Second Pair,23.0,472.78,1.0,13.0,14.0,2.13,62.5,49.78,D,71.0,197.0,1986-01-09,CHE,,,,R,26,"[None, None, None, 59, 46]","[None, None, None, 54, 29]","[None, None, None, 50, 61]","[None, None, None, 'MTL', 'MTL']"
2012-2013,8467452,Rob Scuderi,LAK,D,54.1,60.6,42.9,,33.3,52.4,25.3,5.6,55.4,72.7,10.0,51.9,26.8,91.8,61.9,107,92,133,,119.0,111,168,219,104,63,209,112,170,20,89,231,123,177,Second Pair,48.0,1045.98,1.0,11.0,12.0,1.09,44.74,51.36,D,73.0,216.0,1978-12-30,USA,1998.0,5.0,134.0,L,33,"[None, 74, 75, 73, 33]","[None, 75, 60, 75, 50]","[None, 51, 78, 63, 15]","[None, 'LAK', 'LAK', 'LAK', 'LAK']"
2012-2013,8474145,Robert Bortuzzo,PIT,D,50.2,46.8,30.3,,,94.4,98.5,38.5,56.3,49.8,64.5,77.5,97.4,77.1,85.3,116,124,162,,,14,4,143,102,116,83,53,7,54,35,231,123,177,Third Pair,15.0,199.37,2.0,2.0,4.0,0.61,58.82,47.86,D,76.0,206.0,1989-03-18,CAN,2007.0,3.0,78.0,R,23,"[None, None, None, None, 43]","[None, None, None, None, 42]","[None, None, None, None, 31]","[None, None, None, None, 'PIT']"
2012-2013,8467344,Robyn Regehr,LAK,D,3.9,1.3,78.8,,2.3,26.4,12.1,7.4,5.6,25.5,87.4,27.3,39.8,48.1,75.3,223,229,50,,174.0,171,198,215,214,172,30,168,140,121,58,231,123,177,Second Pair,41.0,796.27,0.0,4.0,4.0,0.94,40.91,42.73,D,75.0,222.0,1980-04-19,BRA,1998.0,1.0,19.0,L,32,"[None, 26, 21, 13, 2]","[None, 22, 1, 0, 0]","[None, 62, 94, 77, 59]","[None, 'CGY', 'CGY', 'BUF', 'LAK']"
2012-2013,8458938,Roman Hamrlik,NYR,D,48.5,29.0,78.4,,,30.7,22.1,24.2,13.9,19.0,13.0,95.2,4.8,56.3,13.4,120,165,51,,,161,175,176,196,187,202,12,221,102,201,231,123,177,Fringe,16.0,183.67,0.0,1.0,1.0,0.24,22.22,55.57,D,74.0,206.0,1974-04-12,CZE,1992.0,1.0,1.0,L,38,"[None, 30, 40, 53, 55]","[None, 6, 50, 28, 29]","[None, 82, 72, 76, 77]","[None, 'MTL', 'MTL', 'WSH', 'NYR']"
2012-2013,8474600,Roman Josi,NSH,D,70.1,66.7,51.1,74.0,58.2,63.2,77.1,75.3,68.4,87.0,22.5,7.8,73.2,45.9,87.4,70,78,114,33.0,75.0,86,50,58,74,31,180,213,63,126,30,231,123,177,First Pair,48.0,1129.42,5.0,13.0,18.0,5.18,49.23,48.46,D,73.0,201.0,1990-06-01,CHE,2008.0,2.0,38.0,L,22,"[None, None, None, 74, 64]","[None, None, None, 58, 65]","[None, None, None, 55, 49]","[None, None, None, 'NSH', 'NSH']"
2012-2013,8471392,Roman Polak,STL,D,38.1,28.1,80.5,,20.9,9.1,31.6,57.6,13.0,13.0,81.4,17.3,25.5,57.1,41.1,144,167,46,,141.0,211,154,99,198,201,44,191,173,100,137,231,123,177,Second Pair,48.0,884.18,1.0,5.0,6.0,1.53,46.81,51.52,D,74.0,240.0,1986-04-28,CZE,2004.0,6.0,180.0,R,26,"[None, 79, 24, 30, 58]","[None, 26, 34, 37, 29]","[None, 96, 41, 80, 90]","[None, 'STL', 'STL', 'STL', 'STL']"
2012-2013,8468493,Ron Hainsey,WPG,D,44.2,51.1,71.4,,9.6,3.0,9.5,39.0,83.1,51.1,13.4,23.8,40.3,36.4,40.7,130,114,67,,161.0,225,204,142,40,113,201,176,139,148,138,231,123,177,First Pair,47.0,1074.42,0.0,13.0,13.0,2.01,43.42,50.84,D,75.0,201.0,1981-03-24,USA,2000.0,1.0,13.0,L,31,"[None, 61, 43, 35, 59]","[None, 36, 40, 44, 74]","[None, 70, 66, 73, 69]","[None, 'ATL', 'ATL', 'WPG', 'WPG']"
2012-2013,8468484,Rostislav Klesla,PHX,D,7.4,36.4,16.0,,4.0,57.1,66.7,79.2,49.4,19.5,59.7,20.3,77.9,29.0,83.5,215,148,195,,171.0,100,74,49,118,186,94,184,52,165,39,231,123,177,Third Pair,38.0,669.83,2.0,6.0,8.0,1.68,48.84,48.26,D,75.0,215.0,1982-03-21,CZE,2000.0,1.0,4.0,L,30,"[None, 14, 16, 11, 10]","[None, 3, 22, 52, 39]","[None, 57, 40, 8, 21]","[None, 'CBJ', 'PHX', 'PHX', 'PHX']"
2012-2013,8475176,Ryan Ellis,NSH,D,73.6,65.8,66.7,15.4,,51.5,20.8,34.6,72.7,97.0,32.5,87.9,49.4,6.9,8.2,62,80,78,105.0,,113,178,152,64,8,157,29,118,216,213,231,123,177,Third Pair,32.0,524.13,2.0,4.0,6.0,2.31,44.44,50.37,D,70.0,180.0,1991-01-03,CAN,2009.0,1.0,11.0,R,21,"[None, None, None, 77, 69]","[None, None, None, 60, 63]","[None, None, None, 60, 71]","[None, None, None, 'NSH', 'NSH']"
2012-2013,8474151,Ryan McDonagh,NYR,D,95.2,97.8,76.6,,79.7,35.5,75.8,94.8,95.7,54.1,46.3,22.9,72.7,86.1,58.4,12,6,55,,37.0,150,53,13,11,106,125,178,64,33,97,231,123,177,First Pair,47.0,1144.83,4.0,15.0,19.0,4.81,56.72,55.86,D,73.0,216.0,1989-06-13,USA,2007.0,1.0,12.0,L,23,"[None, None, 81, 96, 96]","[None, None, 93, 97, 98]","[None, None, 46, 81, 80]","[None, None, 'NYR', 'NYR', 'NYR']"
2012-2013,8470672,Ryan O'Byrne,TOR,D,1.3,5.2,27.3,,88.7,48.1,39.4,21.6,15.2,1.3,89.2,1.7,63.2,24.2,67.5,229,220,169,,21.0,121,136,182,193,228,26,227,86,176,76,231,123,177,Second Pair,42.0,778.32,2.0,4.0,6.0,1.26,47.27,42.44,D,77.0,234.0,1984-07-19,CAN,2003.0,3.0,79.0,R,28,"[None, 7, 9, 12, 1]","[None, 22, 15, 7, 6]","[None, 46, 72, 60, 5]","[None, 'MTL', 'COL', 'COL', 'TOR']"
2012-2013,8470600,Ryan Suter,MIN,D,80.5,65.4,95.7,89.4,72.3,5.6,32.9,72.3,81.4,15.6,2.2,46.3,69.3,71.4,84.0,46,81,11,14.0,50.0,219,151,65,44,195,227,125,72,67,38,231,123,177,First Pair,48.0,1309.42,4.0,28.0,32.0,4.47,50.77,50.69,D,73.0,201.0,1985-01-21,USA,2003.0,1.0,7.0,L,27,"[None, 62, 89, 82, 74]","[None, 44, 87, 46, 55]","[None, 94, 98, 96, 89]","[None, 'NSH', 'NSH', 'NSH', 'MIN']"
2012-2013,8470309,Ryan Whitney,EDM,D,13.4,76.2,3.0,21.1,,71.0,68.8,26.4,82.3,48.9,3.9,44.2,94.4,0.9,42.4,201,56,225,98.0,,68,69,171,42,118,223,130,14,230,134,231,123,177,Second Pair,34.0,628.23,4.0,9.0,13.0,1.42,50.0,42.61,D,76.0,209.0,1983-02-19,USA,2002.0,1.0,5.0,L,29,"[None, 43, 23, 24, 14]","[None, 89, 88, 83, 41]","[None, 16, 7, 3, 1]","[None, 'EDM', 'EDM', 'EDM', 'EDM']"
2012-2013,8473700,Ryan Wilson,COL,D,52.4,64.5,64.5,,55.9,6.1,13.9,67.1,75.8,53.2,65.8,66.7,80.5,34.2,33.3,111,83,83,,79.0,218,194,77,57,108,80,78,46,153,155,231,123,177,Second Pair,12.0,222.03,0.0,3.0,3.0,0.88,69.23,47.96,D,73.0,210.0,1987-02-03,CAN,,,,L,25,"[None, 76, 45, 82, 38]","[None, 63, 42, 79, 65]","[None, 57, 72, 72, 45]","[None, 'COL', 'COL', 'COL', 'COL']"
2012-2013,8465202,Sami Salo,TBL,D,11.3,3.5,32.0,24.4,61.0,71.9,55.4,28.6,21.2,60.6,3.0,48.9,84.4,69.7,35.9,206,224,158,94.0,70.0,66,100,166,180,91,225,119,37,71,149,231,123,177,Second Pair,46.0,965.32,2.0,15.0,17.0,2.07,55.93,46.29,D,75.0,215.0,1974-09-02,FIN,1996.0,9.0,239.0,R,37,"[None, 53, 19, 36, 7]","[None, 23, 18, 12, 3]","[None, 27, 9, 39, 48]","[None, 'VAN', 'VAN', 'VAN', 'TBL']"
2012-2013,8466158,Scott Hannan,SJS,D,23.4,29.4,36.4,,80.2,29.0,15.6,14.7,9.5,31.2,22.1,29.9,10.4,54.5,75.8,178,164,148,,36.0,165,190,198,205,159,181,162,208,106,57,231,123,177,Second Pair,33.0,638.5,0.0,1.0,1.0,0.71,31.58,46.3,D,73.0,215.0,1979-01-23,CAN,1997.0,1.0,23.0,L,33,"[None, 15, 77, 7, 28]","[None, 4, 75, 14, 23]","[None, 19, 83, 6, 40]","[None, 'COL', 'WSH', 'CGY', 'SJS']"
2012-2013,8458951,Sergei Gonchar,OTT,D,60.2,77.9,55.4,95.1,24.3,11.3,32.0,51.9,90.5,16.9,12.6,72.3,36.4,32.0,28.1,93,52,104,7.0,135.0,206,153,112,23,192,203,65,148,158,167,231,123,177,First Pair,45.0,1079.68,3.0,24.0,27.0,4.39,52.08,51.93,D,74.0,210.0,1974-04-13,RUS,1992.0,1.0,14.0,L,38,"[None, 91, 90, 43, 47]","[None, 89, 76, 64, 79]","[None, 37, 73, 56, 46]","[None, 'PIT', 'OTT', 'OTT', 'OTT']"
2012-2013,8470839,Shane O'Brien,COL,D,15.2,60.2,35.1,,,10.4,16.5,52.8,70.1,3.9,55.8,67.5,24.2,37.7,38.1,197,93,151,,,208,188,110,70,222,103,76,176,145,144,231,123,177,Third Pair,28.0,434.08,0.0,4.0,4.0,1.18,51.52,57.76,D,75.0,230.0,1983-08-09,CAN,2003.0,8.0,250.0,L,29,"[None, 1, 5, 10, 41]","[None, 21, 16, 77, 76]","[None, 18, 26, 8, 64]","[None, 'VAN', 'NSH', 'COL', 'COL']"
2012-2013,8470642,Shea Weber,NSH,D,92.6,58.0,90.9,86.2,86.4,72.3,87.9,97.4,88.7,81.0,78.4,12.1,64.1,54.1,93.5,18,98,22,18.0,25.0,65,27,7,27,45,51,203,84,107,16,231,123,177,First Pair,48.0,1244.23,9.0,19.0,28.0,7.53,48.39,49.72,D,76.0,230.0,1985-08-14,CAN,2003.0,2.0,49.0,R,27,"[None, 84, 78, 90, 94]","[None, 59, 25, 67, 74]","[None, 67, 87, 86, 92]","[None, 'NSH', 'NSH', 'NSH', 'NSH']"
2012-2013,8469992,Sheldon Brookbank,CHI,D,12.1,17.3,34.6,,,28.1,16.9,36.4,1.3,28.1,55.4,88.3,27.7,40.7,5.2,204,192,152,,,167,187,148,224,166,104,28,168,138,220,231,123,177,Fringe,26.0,331.5,1.0,0.0,1.0,1.55,42.11,49.12,D,73.0,202.0,1980-10-03,CAN,,,,R,31,"[None, 11, 48, 21, 8]","[None, 44, 47, 18, 17]","[None, 22, 48, 27, 35]","[None, 'ANA', 'ANA', 'ANA', 'CHI']"
2012-2013,8460561,Sheldon Souray,ANA,D,11.7,73.6,12.6,18.7,81.4,93.5,86.6,54.1,23.8,0.9,7.8,37.2,95.2,78.8,86.1,205,62,203,101.0,34.0,16,30,107,174,229,214,146,12,50,33,231,123,177,Second Pair,44.0,920.88,7.0,10.0,17.0,4.19,61.4,49.1,D,76.0,231.0,1976-07-13,CAN,1994.0,3.0,71.0,L,36,"[None, 81, None, 12, 19]","[None, 78, None, 79, 58]","[None, 73, None, 27, 8]","[None, 'EDM', None, 'DAL', 'ANA']"
2012-2013,8475155,Simon Despres,PIT,D,76.6,67.5,87.4,,,82.3,80.5,30.3,12.3,7.4,63.6,79.7,91.3,81.4,88.7,55,76,30,,,42,43,162,199,214,85,48,21,44,27,231,123,177,Third Pair,33.0,498.83,2.0,5.0,7.0,1.3,60.61,55.4,D,76.0,218.0,1991-07-27,CAN,2009.0,1.0,30.0,L,21,"[None, None, None, None, 68]","[None, None, None, None, 59]","[None, None, None, None, 86]","[None, None, None, None, 'PIT']"
2012-2013,8474594,Slava Voynov,LAK,D,90.0,87.9,52.8,52.0,68.9,95.7,93.5,85.7,86.1,69.7,64.1,91.3,66.2,88.7,57.6,24,29,110,60.0,56.0,11,14,34,33,70,84,21,79,27,99,231,123,177,First Pair,48.0,1070.5,6.0,19.0,25.0,4.36,54.55,55.39,D,72.0,194.0,1990-01-15,RUS,2008.0,2.0,32.0,R,22,"[None, None, None, 88, 87]","[None, None, None, 87, 87]","[None, None, None, 47, 60]","[None, None, None, 'LAK', 'LAK']"
2012-2013,8475206,Stefan Elliott,COL,D,38.5,38.1,39.8,49.6,,16.5,54.5,84.8,68.8,76.6,4.8,97.4,10.8,33.3,31.2,143,144,140,63.0,,194,102,36,73,54,221,7,207,155,160,231,123,177,Third Pair,18.0,315.08,1.0,3.0,4.0,1.69,39.13,46.68,D,73.0,190.0,1991-01-30,CAN,2009.0,2.0,49.0,R,21,"[None, None, None, 51, 27]","[None, None, None, 33, 46]","[None, None, None, 46, 35]","[None, None, None, 'COL', 'COL']"
2012-2013,8462196,Stephane Robidas,DAL,D,74.9,63.2,88.7,13.8,84.7,57.6,40.3,12.1,35.1,13.4,96.1,28.1,69.7,38.5,92.6,59,86,27,107.0,28.0,99,134,204,149,200,10,166,71,143,18,231,123,177,First Pair,48.0,1067.45,1.0,12.0,13.0,2.05,52.17,47.05,D,71.0,190.0,1977-03-03,CAN,1995.0,7.0,164.0,R,35,"[None, 71, 80, 83, 63]","[None, 49, 34, 70, 75]","[None, 91, 99, 93, 69]","[None, 'DAL', 'DAL', 'DAL', 'DAL']"
2012-2013,8470192,Steve Eminger,NYR,D,21.6,26.8,21.2,,,49.4,34.6,20.3,3.0,69.3,79.2,77.1,88.3,87.9,0.9,182,170,183,,,118,147,185,220,71,49,54,28,29,230,231,123,177,Third Pair,35.0,456.45,0.0,3.0,3.0,0.9,73.68,55.12,D,74.0,207.0,1983-10-31,CAN,2002.0,1.0,12.0,R,28,"[None, 4, 27, 13, 38]","[None, 13, 29, 25, 40]","[None, 10, 19, 17, 31]","[None, 'ANA', 'NYR', 'NYR', 'NYR']"
2012-2013,8476162,Steve Oleksy,WSH,D,81.4,85.7,56.3,,16.4,68.0,53.9,16.0,88.3,93.9,93.5,41.1,99.6,61.5,63.6,44,34,102,,149.0,75,103,195,28,15,16,137,2,90,85,231,123,177,Third Pair,28.0,483.5,1.0,8.0,9.0,0.88,63.16,52.26,D,71.0,188.0,1986-02-04,USA,,,,R,26,"[None, None, None, None, 75]","[None, None, None, None, 82]","[None, None, None, None, 51]","[None, None, None, None, 'WSH']"
2012-2013,8474113,TJ Brennan,FLA,D,82.7,76.6,26.8,52.8,,79.2,86.1,81.0,29.0,100.0,50.2,98.7,10.0,4.8,87.9,41,55,170,59.0,,49,31,45,162,1,116,4,209,221,29,231,123,177,Third Pair,29.0,483.97,3.0,7.0,10.0,2.79,40.0,47.78,D,73.0,216.0,1989-04-03,USA,2007.0,2.0,31.0,L,23,"[None, None, None, None, 77]","[None, None, None, None, 68]","[None, None, None, None, 28]","[None, None, None, None, 'FLA']"
2012-2013,8474673,TJ Brodie,CGY,D,75.8,72.7,71.0,61.8,,26.0,26.8,35.5,28.1,80.1,24.7,62.8,41.1,26.0,13.9,57,64,68,48.0,,172,165,150,164,47,175,87,137,172,200,231,123,177,Second Pair,47.0,950.18,2.0,12.0,14.0,2.69,42.11,50.82,D,74.0,187.0,1990-06-07,CAN,2008.0,4.0,114.0,L,22,"[None, None, None, 76, 73]","[None, None, None, 65, 68]","[None, None, None, 69, 71]","[None, None, None, 'CGY', 'CGY']"
2012-2013,8474066,Thomas Hickey,NYI,D,83.1,86.1,84.4,,66.7,2.6,4.8,68.8,8.2,64.9,31.2,70.6,70.6,98.3,81.8,40,33,37,,60.0,226,205,73,208,81,160,69,69,5,43,231,123,177,Third Pair,39.0,657.52,1.0,3.0,4.0,2.44,61.9,58.06,D,72.0,185.0,1989-02-08,CAN,2007.0,1.0,4.0,L,23,"[None, None, None, None, 78]","[None, None, None, None, 83]","[None, None, None, None, 80]","[None, None, None, None, 'NYI']"
2012-2013,8475148,Tim Erixon,CBJ,D,29.9,35.1,45.0,45.5,,24.7,4.8,6.9,14.3,43.7,13.9,90.5,99.1,24.7,95.2,163,151,128,68.0,,175,205,216,195,130,200,23,3,175,12,231,123,177,Third Pair,31.0,486.58,0.0,5.0,5.0,0.94,57.14,45.72,D,74.0,200.0,1991-02-24,USA,2009.0,1.0,23.0,L,21,"[None, None, None, None, 26]","[None, None, None, None, 28]","[None, None, None, None, 42]","[None, None, None, None, 'CBJ']"
2012-2013,8469476,Tim Gleason,CAR,D,0.9,71.0,0.4,,1.1,19.5,15.2,17.7,64.9,66.7,60.6,5.2,65.4,15.6,51.5,230,68,231,,176.0,187,191,191,82,77,92,219,81,196,113,231,123,177,Second Pair,42.0,821.83,0.0,9.0,9.0,1.11,46.77,43.23,D,72.0,217.0,1983-01-29,USA,2001.0,1.0,23.0,L,29,"[None, 50, 14, 1, 1]","[None, 64, 80, 67, 57]","[None, 17, 3, 0, 0]","[None, 'CAR', 'CAR', 'CAR', 'CAR']"
2012-2013,8470828,Toby Enstrom,WPG,D,55.4,89.2,10.8,1.6,21.5,93.9,88.7,45.0,86.6,36.8,18.6,54.5,9.5,89.6,47.2,104,26,207,122.0,140.0,15,25,128,32,146,189,106,210,25,123,231,123,177,First Pair,22.0,495.53,4.0,11.0,15.0,1.51,34.48,49.89,D,70.0,180.0,1984-11-05,SWE,2003.0,8.0,239.0,L,27,"[None, 69, 41, 78, 50]","[None, 81, 80, 96, 86]","[None, 55, 8, 21, 14]","[None, 'ATL', 'ATL', 'WPG', 'WPG']"
2012-2013,8470104,Tom Gilbert,MIN,D,42.4,43.3,64.1,37.4,1.7,29.4,45.9,60.2,51.1,65.4,26.0,34.2,8.2,12.6,44.2,134,132,84,78.0,175.0,164,121,93,114,80,172,153,213,203,130,231,123,177,Second Pair,43.0,830.78,3.0,10.0,13.0,2.27,40.68,50.56,D,74.0,210.0,1983-01-10,USA,2002.0,4.0,129.0,R,29,"[None, 63, 29, 55, 42]","[None, 72, 81, 23, 41]","[None, 44, 40, 75, 58]","[None, 'EDM', 'EDM', 'MIN', 'MIN']"
2012-2013,8465012,Tom Poti,WSH,D,72.7,80.5,41.6,,68.4,65.8,58.0,15.2,84.0,84.8,1.7,52.4,43.7,68.0,55.0,64,46,136,,57.0,80,94,197,38,36,228,111,131,75,105,231,123,177,Third Pair,16.0,243.58,0.0,2.0,2.0,0.61,43.75,44.09,D,75.0,190.0,1977-03-22,USA,1996.0,3.0,59.0,L,35,"[None, 85, 92, None, 48]","[None, 94, 88, None, 66]","[None, 73, 70, None, 21]","[None, 'WSH', 'WSH', None, 'WSH']"
2012-2013,8474649,Tomas Kundratek,WSH,D,48.1,59.3,21.6,47.2,47.5,50.2,58.9,55.0,17.1,95.2,48.1,50.2,5.6,69.3,90.9,121,95,182,66.0,94.0,116,92,105,189,12,121,116,219,72,22,231,123,177,Third Pair,25.0,403.63,1.0,6.0,7.0,1.39,34.78,48.97,D,74.0,201.0,1989-12-26,CZE,2008.0,3.0,90.0,R,22,"[None, None, None, None, 42]","[None, None, None, None, 52]","[None, None, None, None, 22]","[None, None, None, None, 'WSH']"
2012-2013,8465042,Toni Lydman,ANA,D,57.1,22.9,86.6,,89.8,18.6,13.4,26.8,58.4,18.2,71.4,9.5,61.5,64.1,69.3,100,179,32,,19.0,189,195,170,97,189,67,209,90,84,72,231,123,177,Second Pair,35.0,678.55,0.0,6.0,6.0,1.29,48.65,55.61,D,74.0,213.0,1977-09-25,FIN,1996.0,4.0,89.0,L,34,"[None, 52, 47, 22, 84]","[None, 41, 5, 27, 51]","[None, 39, 81, 60, 97]","[None, 'BUF', 'ANA', 'ANA', 'ANA']"
2012-2013,8474612,Travis Hamonic,NYI,D,71.4,95.2,42.4,26.0,34.5,17.3,50.6,69.3,44.2,29.9,70.6,31.6,22.9,26.4,71.9,67,12,134,92.0,117.0,192,110,72,130,162,69,159,179,171,66,231,123,177,First Pair,48.0,1094.58,3.0,7.0,10.0,3.05,42.86,50.72,D,73.0,193.0,1990-08-16,CAN,2008.0,2.0,53.0,R,22,"[None, None, 56, 69, 81]","[None, None, 94, 93, 95]","[None, None, 19, 50, 50]","[None, None, 'NYI', 'NYI', 'NYI']"
2012-2013,8470110,Trevor Daley,DAL,D,6.1,55.8,2.2,74.8,5.6,29.9,64.1,89.6,57.1,64.1,2.6,45.5,89.2,29.4,64.1,218,103,227,32.0,168.0,163,80,25,100,83,226,127,26,164,84,231,123,177,Second Pair,44.0,942.13,4.0,9.0,13.0,3.35,54.24,47.65,D,71.0,199.0,1983-10-09,CAN,2002.0,2.0,43.0,L,28,"[None, 17, 12, 2, 18]","[None, 61, 72, 54, 48]","[None, 3, 1, 0, 6]","[None, 'DAL', 'DAL', 'DAL', 'DAL']"
2012-2013,8474574,Tyler Myers,BUF,D,40.3,78.8,37.7,17.9,9.0,80.5,76.6,78.4,75.3,9.5,43.7,64.1,57.6,22.5,43.3,139,50,145,102.0,162.0,46,51,51,58,209,131,84,99,180,132,231,123,177,Second Pair,39.0,831.23,3.0,5.0,8.0,2.58,43.75,45.14,D,80.0,229.0,1990-02-01,USA,2008.0,1.0,12.0,R,22,"[None, 77, 82, 34, 21]","[None, 70, 90, 76, 62]","[None, 29, 67, 18, 38]","[None, 'BUF', 'BUF', 'BUF', 'BUF']"
2012-2013,8475197,Tyson Barrie,COL,D,58.4,94.8,14.7,26.8,38.4,1.3,4.8,84.4,74.5,96.1,26.8,57.6,11.7,25.1,98.7,97,13,198,91.0,110.0,229,205,37,60,10,170,99,205,174,4,231,123,177,Second Pair,32.0,690.62,2.0,11.0,13.0,3.1,41.18,47.91,D,71.0,197.0,1991-07-26,CAN,2009.0,3.0,64.0,R,21,"[None, None, None, None, 53]","[None, None, None, None, 92]","[None, None, None, None, 17]","[None, None, None, None, 'COL']"
2012-2013,8470729,Tyson Strachan,FLA,D,34.6,18.6,57.6,,36.2,3.5,4.8,58.4,19.9,90.9,90.9,68.8,0.9,19.5,34.2,152,189,99,,114.0,224,205,97,183,22,22,73,230,187,153,231,123,177,Second Pair,38.0,720.45,0.0,4.0,4.0,1.79,37.5,47.87,D,75.0,210.0,1984-10-30,CAN,2003.0,5.0,137.0,R,27,"[None, None, 49, None, 32]","[None, None, 37, None, 16]","[None, None, 37, None, 64]","[None, None, 'STL', None, 'FLA']"
2012-2013,8473658,Victor Bartley,NSH,D,51.1,69.3,61.5,,32.8,3.9,4.8,90.0,99.6,62.3,68.0,0.4,90.0,10.4,83.1,114,72,90,,120.0,223,205,24,2,87,75,230,24,208,40,231,123,177,Second Pair,24.0,469.02,0.0,7.0,7.0,1.57,53.57,50.51,D,72.0,217.0,1988-02-17,CAN,,,,L,24,"[None, None, None, None, 45]","[None, None, None, None, 61]","[None, None, None, None, 56]","[None, None, None, None, 'NSH']"
2012-2013,8475167,Victor Hedman,TBL,D,77.1,83.1,73.2,8.9,89.3,73.2,78.8,81.8,95.2,16.5,44.6,5.6,56.7,21.2,42.9,54,40,63,113.0,20.0,63,46,43,12,193,129,218,101,183,133,231,123,177,First Pair,44.0,997.02,4.0,16.0,20.0,4.17,52.56,52.29,D,79.0,244.0,1990-12-18,SWE,2009.0,1.0,2.0,L,21,"[None, 71, 65, 67, 85]","[None, 85, 73, 82, 86]","[None, 30, 80, 45, 83]","[None, 'TBL', 'TBL', 'TBL', 'TBL']"
2012-2013,8462033,Wade Redden,BOS,D,79.2,39.4,68.0,56.9,,96.5,97.4,46.3,19.5,77.9,16.0,82.7,2.6,79.2,48.9,49,141,75,54.0,,9,6,125,184,51,195,41,226,49,119,231,123,177,Third Pair,29.0,437.13,3.0,4.0,7.0,1.22,48.39,56.25,D,74.0,205.0,1977-06-12,CAN,1995.0,1.0,2.0,L,35,"[None, 82, None, None, 74]","[None, 90, None, None, 34]","[None, 41, None, None, 62]","[None, 'NYR', None, None, 'BOS']"
2012-2013,8474567,Zach Bogosian,WPG,D,9.5,70.6,1.3,68.3,15.8,78.4,95.7,96.1,46.3,31.6,65.4,22.1,23.8,53.7,43.7,210,69,229,40.0,150.0,51,10,10,125,158,81,180,177,108,131,231,123,177,First Pair,33.0,763.08,5.0,9.0,14.0,4.05,46.43,50.35,D,75.0,231.0,1990-07-15,USA,2008.0,1.0,3.0,R,22,"[None, 18, 3, 9, 35]","[None, 66, 59, 84, 58]","[None, 0, 1, 1, 5]","[None, 'ATL', 'ATL', 'WPG', 'WPG']"
2012-2013,8469760,Zbynek Michalek,PHX,D,49.8,24.7,65.8,,87.0,22.1,27.3,47.6,29.9,72.3,57.6,59.7,32.0,86.6,86.6,117,175,80,,24.0,181,164,122,160,64,99,94,158,32,32,231,123,177,Second Pair,34.0,724.4,0.0,2.0,2.0,1.28,53.49,51.15,D,74.0,210.0,1982-12-23,CZE,,,,R,29,"[None, 5, 35, 57, 56]","[None, 11, 22, 44, 26]","[None, 30, 44, 54, 77]","[None, 'PHX', 'PIT', 'PIT', 'PHX']"
2012-2013,8465009,Zdeno Chara,BOS,D,98.7,93.5,97.4,31.7,98.3,90.0,85.3,93.9,97.0,8.2,75.8,10.8,90.5,93.1,62.3,4,16,7,85.0,4.0,24,33,15,8,212,57,206,23,17,88,231,123,177,First Pair,48.0,1196.93,7.0,12.0,19.0,5.54,61.29,55.54,D,81.0,250.0,1977-03-18,SVK,1996.0,3.0,56.0,L,35,"[None, 92, 97, 99, 95]","[None, 86, 91, 98, 84]","[None, 97, 94, 97, 97]","[None, 'BOS', 'BOS', 'BOS', 'BOS']"
