Season,Player ID,Player,Team,Position,ovr_pct,evs_pct,pkl_pct,ldg_pct,mdg_pct,hdg_pct,rbd_pct,tmd_pct,gre_pct,qal_pct,bad_pct,awf_pct,wrk_pct,ovr_rank,evs_rank,pkl_rank,ldg_rank,mdg_rank,hdg_rank,rbd_rank,tmd_rank,gre_rank,qal_rank,bad_rank,awf_rank,wrk_rank,all_players,Role,GP,TOI,SV%,GAA,xG Against,Goals Against,Specific Position,Height (in),Weight (lbs),Date of Birth,Birth Country,Draft Year,Draft Round,Overall Draft Position,Shoots Catches,W,L,OT/SO,Shutouts,Age,ovr_history,evs_history,pkl_history,team_history
2022-2023,8478499,Adin Hill,VGK,G,45.3,45.3,54.7,73.3,60.0,28.0,76.0,70.7,18.7,72.0,70.7,48.0,25.3,42,42,35,21,31,55,19,23,62,21,22,40,57,75,Backup,27.0,1490.9,0.914,2.5,66.53,62.0,G,76.0,222.0,1996-05-11,CAN,2015.0,3.0,76.0,L,16,7,1,0,26,"[37, 89, 58, 40, 46]","[37, 92, 49, 43, 45]","[63, 36, 76, 43, 45]","['ARI', 'ARI', 'ARI', 'SJS', 'VGK']"
2022-2023,8481033,Akira Schmid,NJD,G,82.7,84.0,21.3,98.7,100.0,40.0,80.0,98.7,50.7,98.0,98.0,82.7,6.7,14,13,60,2,1,46,16,2,38,2,2,14,71,75,Backup,18.0,901.35,0.922,2.13,41.37,32.0,G,77.0,190.0,2000-05-12,CHE,2018.0,5.0,136.0,L,9,5,2,1,22,"[None, None, None, None, 76]","[None, None, None, None, 76]","[None, None, None, None, 26]","[None, None, None, None, 'NJD']"
2022-2023,8479312,Alex Lyon,FLA,G,93.3,88.0,98.7,29.3,96.0,89.3,6.7,5.3,97.3,98.0,98.0,26.0,4.0,6,10,2,54,4,9,71,72,3,2,2,56,73,75,Backup,15.0,893.18,0.912,2.89,51.93,43.0,G,73.0,199.0,1992-12-09,USA,,,,L,9,4,2,1,29,"[None, None, None, None, 85]","[None, None, None, None, 81]","[None, None, None, None, 94]","[None, None, None, None, 'FLA']"
2022-2023,8477968,Alex Nedeljkovic,DET,G,76.0,78.7,37.3,12.0,54.7,84.0,37.3,28.0,48.0,56.0,56.0,50.7,54.7,19,17,48,67,35,13,48,55,40,33,33,38,35,75,Backup,15.0,832.63,0.895,3.53,42.08,49.0,G,72.0,205.0,1996-01-07,USA,2014.0,2.0,37.0,L,5,7,2,0,26,"[None, None, 98, 53, 22]","[None, None, 97, 53, 29]","[None, None, 85, 49, 13]","[None, None, 'CAR', 'DET', 'DET']"
2022-2023,8471774,Alex Stalock,CHI,G,26.7,22.7,76.0,8.0,24.0,62.7,85.3,53.3,66.7,69.3,68.0,14.0,36.0,56,59,19,70,58,29,12,36,26,23,24,64,49,75,Backup,27.0,1475.33,0.908,3.01,73.57,74.0,G,71.0,170.0,1987-07-28,USA,2005.0,4.0,112.0,L,9,15,2,2,35,"[30, 19, None, None, 36]","[34, 18, None, None, 36]","[13, 57, None, None, 73]","['MIN', 'MIN', None, None, 'CHI']"
2022-2023,8480382,Alexandar Georgiev,COL,G,57.3,65.3,22.7,49.3,52.0,64.0,81.3,84.0,46.7,61.3,69.3,46.7,73.3,33,27,59,39,37,28,15,13,41,29,23,41,21,75,Starter,62.0,3700.33,0.918,2.53,173.98,156.0,G,73.0,178.0,1996-02-10,BGR,,,,L,40,16,6,5,26,"[75, 72, 46, 47, 74]","[59, 62, 40, 62, 74]","[100, 95, 87, 1, 32]","['NYR', 'NYR', 'NYR', 'NYR', 'COL']"
2022-2023,8476883,Andrei Vasilevskiy,TBL,G,96.0,96.0,77.3,44.0,90.7,86.7,61.3,38.7,74.7,92.0,92.0,90.7,97.3,4,4,18,43,8,11,30,47,20,6,6,8,3,75,Starter,60.0,3595.43,0.915,2.65,186.16,159.0,G,76.0,223.0,1994-07-25,RUS,2012.0,1.0,19.0,L,34,22,4,4,28,"[72, 42, 91, 87, 89]","[62, 48, 92, 89, 88]","[93, 25, 53, 40, 92]","['TBL', 'TBL', 'TBL', 'TBL', 'TBL']"
2022-2023,8476932,Anthony Stolarz,ANA,G,56.0,44.0,89.3,28.0,17.3,82.7,45.3,56.0,52.0,82.7,82.7,97.3,20.0,34,43,9,55,63,14,42,34,37,13,13,3,61,75,Backup,19.0,818.92,0.897,3.74,54.12,51.0,G,78.0,248.0,1994-01-20,USA,2012.0,2.0,45.0,L,5,6,0,0,28,"[45, None, None, 60, 52]","[40, None, None, 44, 52]","[59, None, None, 95, 61]","['EDM', None, None, 'ANA', 'ANA']"
2022-2023,8476341,Anton Forsberg,OTT,G,72.0,58.7,93.3,86.7,16.0,81.3,33.3,46.7,96.0,65.3,64.0,76.0,57.3,22,32,6,11,64,15,51,41,4,26,27,19,33,75,Backup,28.0,1471.72,0.902,3.26,84.42,80.0,G,75.0,200.0,1992-11-27,SWE,2011.0,7.0,188.0,L,11,11,2,2,29,"[None, None, None, 82, 49]","[None, None, None, 71, 48]","[None, None, None, 97, 50]","[None, None, None, 'OTT', 'OTT']"
2022-2023,8477293,Antti Raanta,CAR,G,86.7,86.7,65.3,36.0,92.0,70.7,68.0,74.7,21.3,80.0,80.0,70.7,22.7,11,11,27,49,7,23,25,20,60,15,15,23,59,75,Backup,27.0,1561.22,0.91,2.23,63.47,58.0,G,72.0,195.0,1989-05-12,FIN,,,,L,19,3,3,4,33,"[None, 62, 68, 91, 68]","[None, 51, 62, 88, 72]","[None, 87, 97, 78, 28]","[None, 'ARI', 'ARI', 'CAR', 'CAR']"
2022-2023,8482821,Arvid Soderblom,CHI,G,50.7,64.0,9.3,100.0,74.7,44.0,5.3,2.7,4.0,84.0,84.0,94.7,2.7,38,28,69,1,20,43,72,74,72,12,12,5,74,75,Backup,15.0,835.23,0.894,3.45,46.64,48.0,G,75.0,180.0,1999-08-19,SWE,,,,L,2,10,2,0,23,"[None, None, None, None, 56]","[None, None, None, None, 61]","[None, None, None, None, 18]","[None, None, None, None, 'CHI']"
2022-2023,8470880,Brian Elliott,TBL,G,14.7,17.3,13.3,26.7,46.7,14.7,66.7,78.7,37.3,20.0,30.7,16.0,21.3,65,63,66,56,41,65,26,17,48,58,50,63,60,75,Backup,22.0,1324.73,0.891,3.4,67.77,75.0,G,74.0,221.0,1985-04-09,CAN,2003.0,9.0,291.0,L,12,8,2,2,37,"[59, 24, 7, 59, 12]","[69, 27, 5, 60, 21]","[22, 42, 31, 56, 1]","['PHI', 'PHI', 'PHI', 'TBL', 'TBL']"
2022-2023,8475660,Cam Talbot,OTT,G,28.0,29.3,44.0,92.0,21.3,22.7,89.3,92.0,36.0,29.3,28.0,21.3,76.0,55,54,43,7,60,59,9,7,49,51,52,59,19,75,Tandem (1B),36.0,1947.0,0.898,2.93,96.26,95.0,G,75.0,202.0,1987-07-05,CAN,,,,L,17,14,2,1,35,"[12, 57, 52, 17, 33]","[25, 54, 52, 21, 24]","[3, 81, 47, 8, 80]","['PHI', 'CGY', 'MIN', 'MIN', 'OTT']"
2022-2023,8479394,Carter Hart,PHI,G,25.3,33.3,6.7,37.3,57.3,21.3,48.0,44.0,62.7,14.7,14.7,12.0,78.7,57,51,71,48,33,60,40,43,29,62,62,65,17,75,Starter,55.0,3163.72,0.907,2.94,165.5,155.0,G,74.0,196.0,1998-08-13,CAN,2016.0,2.0,48.0,L,22,23,10,2,24,"[28, 59, 1, 49, 77]","[21, 66, 2, 52, 77]","[74, 37, 1, 24, 24]","['PHI', 'PHI', 'PHI', 'PHI', 'PHI']"
2022-2023,8479193,Casey DeSmith,PIT,G,66.7,73.3,34.7,94.7,50.7,61.3,18.7,52.0,80.0,78.7,78.7,60.0,40.0,26,21,50,5,38,30,62,37,16,16,16,31,46,75,Tandem (1B),38.0,2065.95,0.905,3.17,115.18,109.0,G,72.0,188.0,1991-08-13,USA,,,,L,15,16,4,0,31,"[60, None, 75, 46, 61]","[63, None, 75, 49, 58]","[62, None, 27, 42, 52]","['PIT', None, 'PIT', 'PIT', 'PIT']"
2022-2023,8479292,Charlie Lindgren,WSH,G,13.3,13.3,81.3,4.0,8.0,72.0,98.7,58.7,8.0,50.7,50.7,89.3,49.3,66,66,15,73,70,22,2,32,69,37,37,9,39,75,Backup,31.0,1692.07,0.899,3.05,83.43,86.0,G,74.0,190.0,1993-12-18,USA,,,,R,13,11,3,0,28,"[None, None, None, None, 24]","[None, None, None, None, 18]","[None, None, None, None, 76]","[None, None, None, None, 'WSH']"
2022-2023,8480420,Collin Delia,VAN,G,21.3,16.0,74.7,9.3,49.3,26.7,1.3,41.3,10.0,37.3,37.3,26.0,17.3,60,64,20,69,39,56,75,45,68,46,46,56,63,75,Backup,20.0,1135.67,0.882,3.28,58.95,62.0,G,74.0,208.0,1994-06-20,USA,,,,L,10,6,2,0,28,"[71, None, None, None, 29]","[72, None, None, None, 26]","[48, None, None, None, 72]","['CHI', None, None, None, 'VAN']"
2022-2023,8476945,Connor Hellebuyck,WPG,G,94.7,93.3,84.0,57.3,97.3,58.7,46.7,22.7,89.3,88.0,88.0,78.7,100.0,5,6,13,33,3,32,41,59,9,9,9,17,1,75,Starter,64.0,3777.82,0.92,2.49,188.01,157.0,G,76.0,207.0,1993-05-19,USA,2012.0,5.0,130.0,L,37,25,2,4,29,"[47, 98, 94, 75, 86]","[42, 98, 94, 75, 86]","[60, 59, 63, 81, 88]","['WPG', 'WPG', 'WPG', 'WPG', 'WPG']"
2022-2023,8478971,Connor Ingram,ARI,G,62.7,66.7,38.7,45.3,13.3,96.0,8.0,12.0,85.3,90.7,90.7,36.0,38.7,29,26,47,42,66,4,70,67,12,7,7,49,47,75,Backup,27.0,1586.67,0.907,3.37,97.46,89.0,G,73.0,218.0,1997-03-31,CAN,2016.0,3.0,88.0,L,6,13,8,1,25,"[None, None, None, None, 64]","[None, None, None, None, 65]","[None, None, None, None, 42]","[None, None, None, None, 'ARI']"
2022-2023,8467950,Craig Anderson,BUF,G,32.0,28.0,78.7,82.7,56.0,10.7,25.3,14.7,40.0,66.7,65.3,44.0,45.3,52,55,17,14,34,68,57,65,46,25,26,43,42,75,Backup,26.0,1490.03,0.908,3.06,80.58,76.0,G,74.0,187.0,1981-05-21,USA,2001.0,3.0,73.0,L,11,11,2,1,41,"[6, 31, None, 18, 53]","[4, 31, None, 13, 49]","[71, 27, None, 79, 68]","['OTT', 'OTT', None, 'BUF', 'BUF']"
2022-2023,8478435,Dan Vladar,CGY,G,33.3,34.7,30.7,64.0,10.7,74.7,97.3,93.3,12.0,52.0,52.0,38.7,30.7,51,50,53,28,68,20,3,6,67,36,36,47,53,75,Backup,27.0,1483.92,0.892,2.91,68.1,72.0,G,77.0,209.0,1997-08-20,CZE,2015.0,3.0,75.0,L,14,6,5,0,25,"[None, None, None, 36, 38]","[None, None, None, 40, 37]","[None, None, None, 31, 38]","[None, None, None, 'CGY', 'CGY']"
2022-2023,8480193,Daniil Tarasov,CBJ,G,2.7,4.0,26.7,5.3,5.3,46.7,2.7,6.7,24.0,18.7,18.7,1.3,5.3,74,73,56,72,72,41,74,71,58,59,59,73,72,75,Backup,17.0,874.37,0.892,3.91,50.32,57.0,G,77.0,203.0,1999-03-27,RUS,2017.0,3.0,86.0,L,4,11,1,0,23,"[None, None, None, None, 6]","[None, None, None, None, 9]","[None, None, None, None, 33]","[None, None, None, None, 'CBJ']"
2022-2023,8475311,Darcy Kuemper,WSH,G,70.7,56.0,94.7,60.0,36.0,60.0,54.7,68.0,58.7,68.0,66.7,80.0,89.3,23,34,5,31,49,31,35,25,32,24,25,16,9,75,Starter,57.0,3223.78,0.908,2.87,169.08,154.0,G,77.0,215.0,1990-05-05,CAN,2009.0,6.0,161.0,L,22,26,7,5,32,"[53, 90, 36, 73, 80]","[48, 93, 36, 63, 66]","[89, 48, 69, 89, 89]","['ARI', 'ARI', 'ARI', 'COL', 'WSH']"
2022-2023,8479496,David Rittich,WPG,G,22.7,26.7,25.3,13.3,41.3,20.0,96.0,100.0,1.3,8.0,8.0,72.0,9.3,59,56,57,66,45,61,4,1,74,67,67,22,69,75,Backup,21.0,1121.68,0.901,2.67,47.11,50.0,G,75.0,200.0,1992-08-19,CZE,,,,L,9,8,1,0,30,"[86, 34, 33, 15, 44]","[86, 28, 37, 18, 38]","[28, 80, 29, 20, 54]","['CGY', 'CGY', 'TOR', 'NSH', 'WPG']"
2022-2023,8478007,Elvis Merzlikins,CBJ,G,6.7,6.7,58.7,10.7,20.0,13.3,22.7,33.3,6.7,6.7,6.7,24.0,70.7,71,71,32,68,61,66,59,51,70,68,68,57,23,75,Backup,30.0,1560.2,0.876,4.23,85.48,110.0,G,75.0,190.0,1994-04-13,LVA,2014.0,3.0,76.0,L,7,18,2,0,28,"[None, 75, 34, 52, 1]","[None, 78, 29, 47, 1]","[None, 60, 79, 53, 44]","[None, 'CBJ', 'CBJ', 'CBJ', 'CBJ']"
2022-2023,8477480,Eric Comrie,BUF,G,69.3,82.7,10.7,1.3,85.3,92.0,14.7,10.7,76.0,89.3,89.3,100.0,14.7,24,14,68,75,12,7,65,68,19,8,8,1,65,75,Backup,19.0,1111.98,0.886,3.67,63.55,68.0,G,73.0,190.0,1995-07-06,CAN,2013.0,2.0,59.0,L,9,9,1,1,27,"[None, None, None, 97, 18]","[None, None, None, 98, 22]","[None, None, None, 21, 16]","[None, None, None, 'WPG', 'BUF']"
2022-2023,8478433,Felix Sandstrom,PHI,G,4.0,2.7,56.0,22.7,58.7,1.3,77.3,36.0,10.0,4.0,4.0,6.7,16.0,73,74,34,59,32,75,18,49,68,70,70,69,64,75,Backup,20.0,1112.85,0.88,3.72,58.59,69.0,G,74.0,211.0,1997-01-12,SWE,2015.0,3.0,70.0,L,3,12,3,0,25,"[None, None, None, None, 8]","[None, None, None, None, 8]","[None, None, None, None, 57]","[None, None, None, None, 'PHI']"
2022-2023,8479406,Filip Gustavsson,MIN,G,88.0,90.7,72.0,96.0,98.7,41.3,70.7,54.7,56.0,86.7,86.7,74.7,24.0,10,8,22,4,2,45,23,35,34,10,10,20,58,75,Tandem (1B),39.0,2310.93,0.931,2.1,106.93,81.0,G,74.0,184.0,1998-06-07,SWE,2016.0,2.0,55.0,L,22,9,7,3,24,"[None, None, 85, 30, 94]","[None, None, 84, 36, 93]","[None, None, 62, 18, 93]","[None, None, 'OTT', 'OTT', 'MIN']"
2022-2023,8475883,Frederik Andersen,CAR,G,78.7,74.7,70.7,56.0,77.3,52.0,74.7,76.0,57.3,62.7,61.3,81.3,66.7,17,20,23,34,18,37,20,19,33,28,29,15,26,75,Tandem (1B),34.0,1984.35,0.903,2.48,82.69,82.0,G,76.0,229.0,1989-10-02,DNK,2012.0,3.0,87.0,L,21,11,1,1,32,"[90, 25, 56, 95, 30]","[90, 30, 63, 91, 28]","[36, 19, 14, 92, 69]","['TOR', 'TOR', 'TOR', 'CAR', 'CAR']"
2022-2023,8478048,Igor Shesterkin,NYR,G,100.0,100.0,88.0,38.7,89.3,97.3,49.3,25.3,93.3,94.7,94.7,93.3,93.3,1,1,10,47,9,3,39,57,6,4,4,6,6,75,Starter,58.0,3488.77,0.916,2.48,177.12,144.0,G,73.0,199.0,1995-12-30,RUS,2014.0,4.0,118.0,L,37,13,8,3,26,"[None, 80, 81, 100, 96]","[None, 75, 85, 97, 98]","[None, 83, 7, 100, 58]","[None, 'NYR', 'NYR', 'NYR', 'NYR']"
2022-2023,8478492,Ilya Samsonov,TOR,G,52.0,49.3,62.7,33.3,44.0,54.7,50.7,80.0,70.7,17.3,17.3,45.3,60.0,37,39,29,51,43,35,38,16,23,60,60,42,31,75,Tandem (1A),42.0,2475.6,0.919,2.33,115.17,96.0,G,75.0,208.0,1997-02-22,RUS,2015.0,1.0,22.0,L,27,10,5,4,25,"[None, 71, 30, 23, 88]","[None, 74, 30, 17, 90]","[None, 53, 44, 63, 66]","[None, 'WSH', 'WSH', 'WSH', 'TOR']"
2022-2023,8478009,Ilya Sorokin,NYI,G,98.7,98.7,92.0,81.3,68.0,94.7,30.7,32.0,94.7,96.0,96.0,85.3,86.7,2,2,7,15,25,5,53,52,5,3,3,12,11,75,Starter,62.0,3564.7,0.924,2.36,184.99,140.0,G,75.0,189.0,1995-08-04,RUS,2014.0,3.0,78.0,L,31,22,7,6,27,"[None, None, 65, 98, 98]","[None, None, 60, 100, 100]","[None, None, 75, 71, 97]","[None, None, 'NYI', 'NYI', 'NYI']"
2022-2023,8475789,Jack Campbell,EDM,G,20.0,18.7,49.3,52.0,65.3,2.7,94.7,82.7,29.3,54.7,54.7,18.7,62.7,61,62,39,37,27,74,5,14,54,34,34,61,29,75,Tandem (1B),36.0,2026.87,0.888,3.4,95.86,115.0,G,75.0,200.0,1992-01-09,USA,2010.0,1.0,11.0,L,21,9,4,1,30,"[84, 37, 84, 29, 4]","[78, 36, 81, 27, 4]","[95, 24, 98, 69, 10]","['LAK', 'TOR', 'TOR', 'TOR', 'EDM']"
2022-2023,8474593,Jacob Markstrom,CGY,G,64.0,61.3,68.0,42.7,81.3,42.7,73.3,73.3,54.7,34.7,34.7,77.3,96.0,28,30,25,44,15,44,21,21,35,47,47,18,4,75,Starter,59.0,3410.83,0.892,2.92,165.72,166.0,G,78.0,207.0,1990-01-31,SWE,2008.0,2.0,31.0,L,23,21,12,1,32,"[57, 74, 44, 88, 37]","[57, 68, 47, 87, 32]","[72, 77, 36, 72, 78]","['VAN', 'VAN', 'CGY', 'CGY', 'CGY']"
2022-2023,8474596,Jake Allen,MTL,G,38.7,37.3,45.3,20.0,53.3,48.0,21.3,20.0,60.0,40.0,40.0,54.7,58.7,47,48,42,61,36,40,60,61,31,45,45,35,32,75,Tandem (1A),42.0,2450.37,0.891,3.55,141.03,145.0,G,74.0,197.0,1990-08-07,CAN,2008.0,2.0,34.0,L,15,24,3,1,32,"[36, 92, 43, 76, 17]","[31, 90, 42, 84, 14]","[65, 69, 84, 11, 53]","['STL', 'STL', 'MTL', 'MTL', 'MTL']"
2022-2023,8479979,Jake Oettinger,DAL,G,81.3,77.3,60.0,54.7,64.0,66.7,82.7,85.3,53.3,76.0,76.0,68.0,88.0,15,18,31,35,28,26,14,12,36,18,18,25,10,75,Starter,62.0,3644.88,0.919,2.37,168.31,144.0,G,78.0,225.0,1998-12-18,USA,2017.0,1.0,26.0,L,37,11,11,5,23,"[None, None, 59, 56, 84]","[None, None, 58, 58, 84]","[None, None, 37, 36, 81]","[None, None, 'DAL', 'DAL', 'DAL']"
2022-2023,8473503,James Reimer,SJS,G,34.7,25.3,96.0,78.7,37.3,12.0,62.7,26.7,22.7,53.3,53.3,56.0,72.0,50,57,4,17,48,67,29,56,59,35,35,34,22,75,Tandem (1A),43.0,2538.0,0.89,3.48,138.93,147.0,G,74.0,200.0,1988-03-15,CAN,2006.0,4.0,99.0,L,12,21,8,3,34,"[21, 84, 72, 58, 9]","[22, 80, 73, 31, 6]","[31, 89, 18, 98, 98]","['FLA', 'CAR', 'CAR', 'SJS', 'SJS']"
2022-2023,8470860,Jaroslav Halak,NYR,G,49.3,38.7,82.7,24.0,25.3,65.3,56.0,86.7,81.3,45.3,45.3,58.7,18.7,39,47,14,58,57,27,34,11,15,41,41,32,62,75,Backup,25.0,1453.93,0.903,2.72,70.59,66.0,G,71.0,189.0,1985-05-13,SVK,2003.0,9.0,271.0,L,10,9,5,1,37,"[89, 63, 47, 44, 57]","[93, 60, 43, 50, 44]","[4, 71, 95, 30, 85]","['BOS', 'BOS', 'BOS', 'VAN', 'NYR']"
2022-2023,8480280,Jeremy Swayman,BOS,G,90.7,92.0,64.0,70.7,66.7,88.0,92.0,97.3,34.7,93.3,93.3,73.3,50.7,8,7,28,23,26,10,7,3,50,5,5,21,38,75,Tandem (1B),37.0,2012.98,0.92,2.27,96.23,76.0,G,75.0,195.0,1998-11-24,USA,2017.0,4.0,111.0,L,24,6,4,4,23,"[None, None, 88, 37, 92]","[None, None, 89, 37, 92]","[None, None, 59, 46, 74]","[None, None, 'BOS', 'BOS', 'BOS']"
2022-2023,8476434,John Gibson,ANA,G,46.7,48.0,46.7,74.7,80.0,16.0,4.0,4.0,88.0,33.3,33.3,10.7,92.0,41,40,41,20,16,64,73,73,10,48,48,66,7,75,Starter,53.0,3004.92,0.899,3.99,199.51,200.0,G,75.0,209.0,1993-07-14,USA,2011.0,2.0,39.0,L,14,31,8,1,29,"[95, 33, 76, 31, 40]","[92, 33, 76, 23, 46]","[81, 13, 34, 94, 6]","['ANA', 'ANA', 'ANA', 'ANA', 'ANA']"
2022-2023,8471734,Jonathan Quick,VGK,G,40.0,42.7,29.3,65.3,42.7,36.0,16.0,62.7,69.3,24.0,22.7,53.3,64.0,46,44,54,27,44,49,64,29,24,55,56,36,28,75,Tandem (1A),41.0,2234.75,0.882,3.41,110.88,127.0,G,73.0,219.0,1986-01-21,USA,2005.0,3.0,72.0,L,16,15,6,2,36,"[3, 39, 31, 89, 10]","[7, 47, 24, 94, 16]","[19, 6, 92, 26, 14]","['LAK', 'LAK', 'LAK', 'LAK', 'VGK']"
2022-2023,8476914,Joonas Korpisalo,LAK,G,30.7,32.0,33.3,30.7,28.0,38.7,28.0,30.7,28.0,30.7,29.3,17.3,48.0,53,52,51,53,55,47,55,53,55,50,51,62,40,75,Tandem (1B),39.0,2172.22,0.914,2.87,124.43,104.0,G,76.0,200.0,1994-04-28,FIN,2012.0,3.0,62.0,L,18,14,4,1,28,"[27, 53, 11, 4, 93]","[30, 56, 17, 4, 94]","[33, 63, 15, 59, 41]","['CBJ', 'CBJ', 'CBJ', 'CBJ', 'LAK']"
2022-2023,8476412,Jordan Binnington,STL,G,41.3,46.7,24.0,50.7,38.7,50.7,12.0,21.3,42.7,44.0,44.0,30.7,84.0,45,41,58,38,47,38,67,60,44,42,42,53,13,75,Starter,61.0,3516.05,0.894,3.31,189.36,194.0,G,74.0,172.0,1993-07-11,CAN,2011.0,3.0,88.0,L,27,27,6,2,29,"[97, 66, 73, 26, 42]","[97, 71, 69, 26, 54]","[57, 31, 56, 58, 9]","['STL', 'STL', 'STL', 'STL', 'STL']"
2022-2023,8477424,Juuse Saros,NSH,G,97.3,97.3,97.3,76.0,94.7,80.0,60.0,48.0,98.7,81.3,81.3,64.0,98.7,3,3,3,19,5,16,31,40,2,14,14,28,2,75,Starter,64.0,3806.47,0.919,2.7,215.69,171.0,G,71.0,180.0,1995-04-19,FIN,2013.0,4.0,99.0,L,33,23,7,2,27,"[69, 65, 97, 79, 100]","[66, 53, 98, 69, 96]","[69, 92, 2, 88, 100]","['NSH', 'NSH', 'NSH', 'NSH', 'NSH']"
2022-2023,8478039,Kaapo Kahkonen,SJS,G,12.0,12.0,50.7,61.3,18.7,9.3,52.0,60.0,17.3,21.3,20.0,9.3,53.3,67,67,38,30,62,69,37,31,63,57,58,67,36,75,Tandem (1B),37.0,2106.0,0.883,3.85,115.05,135.0,G,74.0,217.0,1996-08-16,FIN,2014.0,4.0,109.0,L,9,20,7,1,26,"[None, None, 5, 62, 5]","[None, None, 7, 59, 5]","[None, None, 11, 75, 70]","[None, None, 'MIN', 'SJS', 'SJS']"
2022-2023,8478872,Karel Vejmelka,ARI,G,29.3,30.7,17.3,93.3,33.3,29.3,24.0,16.0,86.7,41.3,41.3,4.0,94.7,54,53,63,6,51,54,58,64,11,44,44,71,5,75,Starter,50.0,2940.38,0.899,3.43,175.52,168.0,G,76.0,221.0,1996-05-25,CZE,2015.0,5.0,145.0,R,18,24,6,3,26,"[None, None, None, 11, 60]","[None, None, None, 11, 62]","[None, None, None, 13, 29]","[None, None, None, 'ARI', 'ARI']"
2022-2023,8480947,Kevin Lankinen,NSH,G,36.0,40.0,18.7,84.0,48.0,30.7,57.3,29.3,61.3,16.0,16.0,29.3,42.7,49,46,62,13,40,53,33,54,30,61,61,54,44,75,Backup,19.0,1069.17,0.916,2.75,58.19,49.0,G,74.0,190.0,1995-04-28,FIN,,,,L,9,8,1,0,27,"[None, None, 66, 2, 82]","[None, None, 72, 2, 82]","[None, None, 4, 29, 48]","[None, None, 'CHI', 'CHI', 'NSH']"
2022-2023,8476999,Linus Ullmark,BOS,G,89.3,89.3,80.0,48.0,86.7,69.3,90.7,96.0,38.7,85.3,85.3,98.7,68.0,9,9,16,40,11,24,8,4,47,11,11,2,25,75,Tandem (1A),49.0,2882.2,0.938,1.89,130.75,91.0,G,76.0,223.0,1993-07-31,SWE,2012.0,6.0,163.0,L,40,6,1,2,29,"[31, 48, 78, 34, 97]","[36, 65, 82, 29, 97]","[18, 4, 24, 84, 90]","['BUF', 'BUF', 'BUF', 'BOS', 'BOS']"
2022-2023,8480313,Logan Thompson,VGK,G,58.7,60.0,52.0,72.0,69.3,53.3,58.7,42.7,72.0,60.0,60.0,86.7,44.0,32,31,37,22,24,36,32,44,22,30,30,11,43,75,Tandem (1B),37.0,2171.37,0.915,2.65,100.44,96.0,G,76.0,207.0,1997-02-25,CAN,,,,R,21,13,3,2,25,"[None, None, None, 69, 50]","[None, None, None, 68, 50]","[None, None, None, 50, 40]","[None, None, None, 'VGK', 'VGK']"
2022-2023,8480843,Lukas Dostal,ANA,G,77.3,85.3,2.7,18.7,84.0,90.7,34.7,1.3,13.3,77.3,77.3,88.0,13.3,18,12,74,62,13,8,50,75,66,17,17,10,66,75,Backup,19.0,1062.72,0.901,3.78,70.48,67.0,G,74.0,190.0,2000-06-22,CZE,2018.0,3.0,85.0,L,4,10,3,0,22,"[None, None, None, None, 72]","[None, None, None, None, 80]","[None, None, None, None, 12]","[None, None, None, None, 'ANA']"
2022-2023,8478406,Mackenzie Blackwood,NJD,G,16.0,14.7,36.0,62.7,29.3,8.0,26.7,40.0,33.3,12.0,12.0,22.7,34.7,64,65,49,29,54,70,56,46,51,64,64,58,50,75,Backup,22.0,1125.55,0.893,3.2,58.49,60.0,G,76.0,225.0,1996-12-09,CAN,2015.0,2.0,42.0,L,10,6,2,0,25,"[65, 83, 40, 10, 28]","[60, 84, 46, 8, 33]","[77, 39, 17, 66, 46]","['NJD', 'NJD', 'NJD', 'NJD', 'NJD']"
2022-2023,8481544,Mads Sogaard,OTT,G,9.3,5.3,90.7,25.3,2.7,33.3,100.0,81.3,2.7,57.3,57.3,52.0,12.0,69,72,8,57,74,51,1,15,73,32,32,37,67,75,Backup,19.0,1047.45,0.889,3.32,54.48,58.0,G,79.0,231.0,2000-12-13,DNK,2019.0,2.0,37.0,L,8,6,3,0,21,"[None, None, None, None, 16]","[None, None, None, None, 10]","[None, None, None, None, 82]","[None, None, None, None, 'OTT']"
2022-2023,8476433,Magnus Hellberg,DET,G,10.7,9.3,61.3,6.7,14.7,34.7,42.7,65.3,16.0,37.3,37.3,14.0,8.0,68,69,30,71,65,50,44,27,64,46,46,64,70,75,Backup,18.0,936.35,0.888,3.2,47.05,50.0,G,78.0,206.0,1991-04-04,SWE,2011.0,2.0,38.0,L,5,8,1,0,31,"[None, None, None, None, 20]","[None, None, None, None, 13]","[None, None, None, None, 64]","[None, None, None, None, 'DET']"
2022-2023,8470594,Marc-Andre Fleury,MIN,G,65.3,72.0,32.0,41.3,70.7,56.0,38.7,64.0,78.7,70.7,73.3,28.0,85.3,27,22,52,45,23,34,47,28,17,22,20,55,12,75,Tandem (1A),46.0,2654.28,0.908,2.85,127.52,126.0,G,74.0,185.0,1984-11-28,CAN,2003.0,1.0,1.0,L,24,16,4,2,37,"[62, 13, 95, 27, 48]","[54, 22, 91, 30, 56]","[86, 9, 89, 23, 20]","['VGK', 'VGK', 'VGK', 'MIN', 'MIN']"
2022-2023,8474889,Martin Jones,SEA,G,17.3,21.3,12.0,16.0,78.7,6.7,64.0,57.3,41.3,13.3,13.3,8.0,69.3,63,60,67,64,17,71,28,33,45,63,63,68,24,75,Tandem (1A),48.0,2625.65,0.886,2.99,118.48,131.0,G,77.0,203.0,1990-01-10,CAN,,,,L,27,13,3,3,32,"[4, 9, 27, 20, 25]","[3, 7, 39, 20, 30]","[84, 100, 8, 39, 21]","['SJS', 'SJS', 'SJS', 'PHI', 'SEA']"
2022-2023,8476899,Matt Murray,TOR,G,37.3,36.0,53.3,90.7,34.7,32.0,44.0,50.7,82.7,28.0,26.7,37.3,26.7,48,49,36,8,50,52,43,38,14,52,53,48,56,75,Backup,26.0,1473.17,0.903,3.01,73.71,74.0,G,77.0,220.0,1994-05-25,CAN,2012.0,3.0,83.0,L,14,8,2,1,28,"[80, 7, 14, 72, 41]","[80, 10, 18, 73, 41]","[27, 78, 42, 73, 34]","['PIT', 'PIT', 'OTT', 'OTT', 'TOR']"
2022-2023,8474636,Michael Hutchinson,CBJ,G,8.0,10.7,14.7,69.3,12.0,17.3,10.7,8.0,26.7,1.3,1.3,96.0,1.3,70,68,65,24,67,63,68,70,56,72,72,4,75,75,Backup,16.0,755.22,0.875,4.29,49.16,54.0,G,75.0,201.0,1990-03-02,CAN,2008.0,3.0,77.0,R,2,6,3,0,32,"[None, 15, None, None, 14]","[None, 15, None, None, 17]","[None, 43, None, None, 22]","[None, 'COL', None, None, 'CBJ']"
2022-2023,8480925,Pavel Francouz,COL,G,54.7,52.0,73.3,97.3,61.3,37.3,72.0,77.3,49.3,9.3,9.3,61.3,10.7,35,37,21,3,30,48,22,18,39,66,66,30,68,75,Backup,16.0,964.53,0.915,2.61,43.12,42.0,G,72.0,179.0,1990-06-03,CZE,,,,R,8,7,1,1,32,"[None, 56, None, 55, 58]","[None, 34, None, 56, 53]","[None, 98, None, 52, 77]","[None, 'COL', None, 'COL', 'COL']"
2022-2023,8475852,Petr Mrazek,CHI,G,42.7,41.3,42.7,17.3,22.7,78.7,13.3,18.7,73.3,58.7,58.7,49.3,28.0,44,45,44,63,59,17,66,62,21,31,31,39,55,75,Tandem (1B),39.0,2165.08,0.894,3.66,130.0,132.0,G,74.0,192.0,1992-02-14,CZE,2010.0,5.0,141.0,L,10,22,3,0,30,"[81, 60, 100, 5, 21]","[83, 63, 100, 5, 20]","[12, 62, 68, 44, 25]","['CAR', 'CAR', 'CAR', 'TOR', 'CHI']"
2022-2023,8477831,Pheonix Copley,LAK,G,74.7,76.0,48.0,34.7,32.0,93.3,36.0,88.0,14.7,100.0,100.0,34.7,61.3,20,19,40,50,52,6,49,10,65,1,1,50,30,75,Tandem (1B),37.0,2089.48,0.903,2.64,98.21,92.0,G,76.0,205.0,1992-01-18,USA,,,,L,24,6,3,1,30,"[50, None, None, None, 69]","[50, None, None, None, 73]","[39, None, None, None, 49]","['WSH', None, None, None, 'LAK']"
2022-2023,8475831,Philipp Grubauer,SEA,G,24.0,20.0,57.3,46.7,30.7,18.7,69.3,94.7,20.0,26.7,25.3,40.0,80.0,58,61,33,41,53,62,24,5,61,53,54,46,16,75,Tandem (1B),39.0,2065.62,0.895,2.85,99.4,98.0,G,73.0,188.0,1991-11-25,DEU,2010.0,4.0,112.0,L,17,14,4,0,30,"[54, 77, 60, 1, 62]","[51, 83, 50, 1, 68]","[75, 21, 94, 47, 36]","['COL', 'COL', 'COL', 'SEA', 'SEA']"
2022-2023,8481611,Pyotr Kochetkov,CAR,G,80.0,53.3,100.0,53.3,4.0,100.0,65.3,69.3,77.3,37.3,37.3,92.0,29.3,16,36,1,36,73,1,27,24,18,46,46,7,54,75,Backup,24.0,1403.93,0.909,2.44,66.92,57.0,G,75.0,196.0,1999-06-25,RUS,2019.0,2.0,36.0,L,12,7,5,4,23,"[None, None, None, None, 73]","[None, None, None, None, 57]","[None, None, None, None, 96]","[None, None, None, None, 'CAR']"
2022-2023,8478470,Samuel Montembeault,MTL,G,53.3,69.3,5.3,77.3,45.3,68.0,20.0,13.3,64.0,49.3,49.3,33.3,65.3,36,24,72,18,42,25,61,66,28,38,38,51,27,75,Tandem (1B),40.0,2333.43,0.901,3.42,146.01,133.0,G,75.0,218.0,1996-10-30,CAN,2015.0,3.0,77.0,L,16,19,3,0,25,"[None, 6, None, 24, 81]","[None, 6, None, 34, 85]","[None, 30, None, 5, 17]","[None, 'FLA', None, 'MTL', 'MTL']"
2022-2023,8475809,Scott Wedgewood,DAL,G,68.0,70.7,41.3,40.0,88.0,45.3,41.3,37.3,68.0,25.3,24.0,66.7,32.0,25,23,45,46,10,42,45,48,25,54,55,26,52,75,Backup,21.0,1126.62,0.915,2.72,56.59,51.0,G,74.0,201.0,1992-08-14,CAN,2010.0,3.0,84.0,L,9,8,3,1,30,"[None, None, 53, 68, 65]","[None, None, 53, 72, 60]","[None, None, 40, 34, 60]","[None, None, 'NJD', 'DAL', 'DAL']"
2022-2023,8473575,Semyon Varlamov,NYI,G,84.0,80.0,69.3,88.0,26.7,77.3,32.0,34.7,90.7,64.0,62.7,84.0,46.7,13,16,24,10,56,18,52,50,8,27,28,13,41,75,Backup,23.0,1336.68,0.913,2.69,66.03,60.0,G,74.0,201.0,1988-04-27,RUS,2006.0,1.0,23.0,L,11,9,2,2,34,"[42, 78, 87, 50, 70]","[43, 77, 87, 39, 70]","[40, 75, 58, 82, 62]","['COL', 'NYI', 'NYI', 'NYI', 'NYI']"
2022-2023,8475683,Sergei Bobrovsky,FLA,G,61.3,68.0,20.0,32.0,73.3,57.3,17.3,61.3,45.3,42.7,42.7,41.3,82.7,30,25,61,52,21,33,63,30,42,43,43,45,14,75,Starter,50.0,2834.13,0.901,3.07,143.65,145.0,G,74.0,180.0,1988-09-20,RUS,,,,L,24,20,3,1,33,"[48, 21, 26, 84, 54]","[47, 21, 33, 82, 69]","[51, 65, 21, 85, 5]","['CBJ', 'FLA', 'FLA', 'FLA', 'FLA']"
2022-2023,8481519,Spencer Knight,FLA,G,44.0,57.3,4.0,21.3,6.7,98.7,86.7,89.3,30.7,32.0,32.0,32.0,33.3,43,33,73,60,71,2,11,9,53,49,49,52,51,75,Backup,21.0,1168.75,0.901,3.18,58.06,62.0,G,75.0,191.0,2001-04-19,USA,2019.0,1.0,13.0,L,9,8,3,1,21,"[None, None, None, 65, 34]","[None, None, None, 76, 42]","[None, None, None, 15, 4]","[None, None, None, 'FLA', 'FLA']"
2022-2023,8477484,Spencer Martin,VAN,G,1.3,1.3,1.3,14.7,1.3,25.3,29.3,24.0,5.3,2.7,2.7,2.7,41.3,75,75,75,65,75,57,54,58,71,71,71,72,45,75,Backup,29.0,1610.18,0.871,3.99,85.31,107.0,G,75.0,191.0,1995-06-08,CAN,2013.0,3.0,63.0,L,11,15,1,0,27,"[None, None, None, None, 2]","[None, None, None, None, 2]","[None, None, None, None, 8]","[None, None, None, None, 'VAN']"
2022-2023,8479973,Stuart Skinner,EDM,G,85.3,81.3,85.3,89.3,40.0,76.0,84.0,45.3,100.0,74.7,74.7,65.3,52.0,12,15,12,9,46,19,13,42,1,19,19,27,37,75,Starter,50.0,2902.6,0.913,2.75,153.84,133.0,G,76.0,215.0,1998-11-01,CAN,2017.0,3.0,78.0,L,29,14,5,1,23,"[None, None, None, 43, 90]","[None, None, None, 42, 89]","[None, None, None, 60, 84]","[None, None, None, 'EDM', 'EDM']"
2022-2023,8477967,Thatcher Demko,VAN,G,92.0,94.7,16.0,85.3,93.3,73.3,40.0,17.3,92.0,48.0,48.0,57.3,81.3,7,5,64,12,6,21,46,63,7,39,39,33,15,75,Backup,32.0,1878.52,0.901,3.16,98.15,99.0,G,76.0,192.0,1995-12-08,USA,2014.0,2.0,36.0,L,14,14,4,1,26,"[None, 28, 89, 92, 66]","[None, 16, 88, 95, 78]","[None, 84, 78, 33, 2]","[None, 'VAN', 'VAN', 'VAN', 'VAN']"
2022-2023,8471306,Thomas Greiss,STL,G,18.7,24.0,8.0,66.7,62.7,5.3,88.0,66.7,44.0,10.7,10.7,5.3,37.3,62,58,70,26,29,72,10,26,43,65,65,70,48,75,Backup,21.0,1089.35,0.895,3.64,61.59,66.0,G,74.0,219.0,1986-01-29,DEU,2004.0,3.0,94.0,L,7,10,0,1,36,"[93, 47, 50, 7, 32]","[98, 40, 59, 10, 34]","[30, 56, 5, 2, 56]","['NYI', 'NYI', 'DET', 'DET', 'STL']"
2022-2023,8477465,Tristan Jarry,PIT,G,60.0,54.7,66.7,80.0,76.0,24.0,78.7,72.0,32.0,73.3,72.0,62.7,90.7,31,35,26,16,19,58,17,22,52,20,21,29,8,75,Tandem (1A),47.0,2650.0,0.909,2.9,128.82,128.0,G,76.0,201.0,1995-04-29,CAN,2013.0,2.0,44.0,L,24,13,7,2,27,"[None, 43, 49, 78, 45]","[None, 45, 56, 66, 40]","[None, 28, 13, 91, 65]","[None, 'PIT', 'PIT', 'PIT', 'PIT']"
2022-2023,8480045,Ukko-Pekka Luukkonen,BUF,G,5.3,8.0,28.0,2.7,82.7,4.0,9.3,9.3,25.3,5.3,5.3,69.3,56.0,72,70,55,74,14,73,69,69,57,69,69,24,34,75,Tandem (1B),33.0,1910.22,0.891,3.61,108.59,115.0,G,77.0,223.0,1999-03-09,FIN,2017.0,2.0,54.0,L,17,11,4,0,23,"[None, None, None, None, 13]","[None, None, None, None, 12]","[None, None, None, None, 37]","[None, None, None, None, 'BUF']"
2022-2023,8478024,Ville Husso,DET,G,48.0,50.7,40.0,58.7,9.3,85.3,53.3,49.3,84.0,22.7,21.3,20.0,74.7,40,38,46,32,69,12,36,39,13,56,57,60,20,75,Starter,56.0,3220.23,0.896,3.11,157.09,167.0,G,75.0,205.0,1995-02-06,FIN,2014.0,4.0,94.0,L,26,22,7,4,27,"[None, None, 20, 94, 26]","[None, None, 21, 92, 25]","[None, None, 33, 76, 30]","[None, None, 'STL', 'STL', 'DET']"
2022-2023,8477970,Vitek Vanecek,NJD,G,73.3,62.7,86.7,68.0,72.0,49.3,93.3,90.7,65.3,46.7,46.7,42.7,77.3,21,29,11,25,22,39,6,8,27,40,40,44,18,75,Starter,52.0,2915.53,0.911,2.45,132.61,119.0,G,74.0,184.0,1996-01-09,CZE,2014.0,2.0,39.0,L,33,11,4,3,26,"[None, None, 39, 81, 78]","[None, None, 31, 79, 64]","[None, None, 82, 68, 86]","[None, None, 'WSH', 'WSH', 'NJD']"
