Season,Player,Team,Position,evo_rank,evd_rank,ppl_rank,pkl_rank,oio_rank,oid_rank,sht_rank,scr_rank,plm_rank,zon_rank,pen_rank,phy_rank,fof_rank,fan_rank,Role,GP,TOI,Goals,Total Assists,Total Points,ixG,GF%,xGF%,Age,Date of Birth,Birth Country,Nationality,Height (in),Weight (lbs),Draft Year,Draft Round,Overall Draft Position,Player ID
2018-2019,Aaron Ekblad,FLA,D,78.0,225.0,17.0,95.0,104.0,197.0,56.0,28.0,157.0,164.0,112.0,148.0,,42.0,First Pair,82,1938.8166666667,13,24,37,9.49,49.07,48.43,22,1996-02-07,CAN,CAN,76,215,2014,1,1,8477932.0
2018-2019,Adam Larsson,EDM,D,152.0,139.0,,75.0,83.0,148.0,158.0,164.0,182.0,224.0,180.0,13.0,,106.0,Second Pair,82,1773.1,3,17,20,4.04,36.89,48.03,25,1992-11-12,SWE,SWE,75,209,2011,1,4,8476457.0
2018-2019,Adam McQuaid,CBJ,D,220.0,36.0,,19.0,183.0,107.0,218.0,111.0,231.0,88.0,224.0,15.0,,195.0,Third Pair,50,788.86666666667,3,4,7,1.62,49.06,47.79,31,1986-10-12,CAN,CAN,76,210,2005,2,55,8471717.0
2018-2019,Adam McQuaid,NYR,D,220.0,36.0,,19.0,183.0,107.0,218.0,111.0,231.0,88.0,224.0,15.0,,195.0,Third Pair,50,788.86666666667,3,4,7,1.62,49.06,47.79,31,1986-10-12,CAN,CAN,76,210,2005,2,55,8471717.0
2018-2019,Adam Pelech,NYI,D,117.0,35.0,,153.0,122.0,98.0,98.0,80.0,129.0,212.0,115.0,66.0,,119.0,Second Pair,78,1453.1,5,16,21,4.67,61.45,51.91,24,1994-08-16,CAN,CAN,75,210,2012,3,65,8476917.0
2018-2019,Alec Martinez,LAK,D,179.0,156.0,54.0,38.0,106.0,188.0,211.0,67.0,203.0,170.0,96.0,135.0,,55.0,Second Pair,60,1281.7833333333,4,14,18,4.25,50.00,47.64,31,1987-07-26,USA,USA,73,210,2007,4,95,8474166.0
2018-2019,Alex Biega,VAN,D,22.0,153.0,,,96.0,132.0,5.0,116.0,26.0,67.0,206.0,12.0,,98.0,Third Pair,41,724.51666666667,2,14,16,3.08,48.39,51.15,30,1988-04-04,CAN,CAN,70,195,2006,5,147,8473415.0
2018-2019,Alex Goligoski,ARI,D,130.0,162.0,81.0,23.0,86.0,194.0,165.0,151.0,103.0,183.0,50.0,144.0,,61.0,Second Pair,76,1581.8833333333,3,24,27,4.34,47.92,52.23,33,1985-07-30,USA,USA,71,173,2004,2,61,8471274.0
2018-2019,Alex Petrovic,EDM,D,197.0,141.0,,18.0,180.0,147.0,95.0,208.0,217.0,49.0,221.0,7.0,,193.0,Third Pair,35,578.41666666667,0,2,2,1.93,25.71,43.75,26,1992-03-03,CAN,CAN,76,220,2010,2,36,
2018-2019,Alex Pietrangelo,STL,D,37.0,24.0,57.0,39.0,45.0,97.0,53.0,33.0,88.0,126.0,13.0,201.0,,12.0,First Pair,71,1709.2833333333,13,28,41,10.18,53.51,53.1,28,1990-01-18,CAN,CAN,75,215,2008,1,4,8474565.0
2018-2019,Alexander Edler,VAN,D,159.0,25.0,8.0,28.0,213.0,166.0,64.0,94.0,164.0,210.0,223.0,51.0,,8.0,First Pair,56,1375.9166666667,10,24,34,4.9,46.05,46.54,32,1986-04-21,SWE,SWE,76,210,2004,3,91,8471303.0
2018-2019,Andrew MacDonald,PHI,D,190.0,71.0,,33.0,198.0,142.0,182.0,183.0,122.0,185.0,79.0,196.0,,122.0,Third Pair,47,770.53333333333,0,9,9,1.78,45.31,48.02,31,1986-09-07,CAN,CAN,73,204,2006,6,160,8473584.0
2018-2019,Andy Greene,NJD,D,182.0,49.0,,16.0,170.0,189.0,174.0,165.0,159.0,232.0,41.0,180.0,,76.0,Second Pair,82,1708.3666666667,5,20,25,5.34,41.53,47.0,35,1982-10-30,USA,USA,71,190,-,-,-,8472382.0
2018-2019,Andy Welinski,ANA,D,112.0,228.0,,,190.0,215.0,97.0,115.0,76.0,1.0,32.0,37.0,,220.0,Third Pair,26,417.03333333333,1,3,4,1.61,43.33,41.33,25,1993-04-27,USA,USA,74,212,2011,3,83,8476407.0
2018-2019,Anthony Bitetto,NSH,D,224.0,120.0,,,212.0,165.0,161.0,211.0,227.0,18.0,191.0,17.0,,230.0,Fringe,36,429.3,0,3,3,1.53,37.93,46.3,28,1990-07-15,USA,USA,73,222,2010,6,168,8475868.0
2018-2019,Anthony Bitetto,MIN,D,224.0,120.0,,,212.0,165.0,161.0,211.0,227.0,18.0,191.0,17.0,,230.0,Fringe,36,429.3,0,3,3,1.53,37.93,46.3,28,1990-07-15,USA,USA,73,222,2010,6,168,8475868.0
2018-2019,Anton Stralman,TBL,D,88.0,98.0,,78.0,61.0,137.0,131.0,166.0,86.0,116.0,26.0,150.0,,109.0,Second Pair,47,964.58333333333,2,15,17,2.04,55.56,48.96,32,1986-08-01,SWE,SWE,71,193,2005,7,216,8471873.0
2018-2019,Ben Chiarot,WPG,D,135.0,60.0,,90.0,214.0,64.0,120.0,124.0,42.0,56.0,209.0,38.0,,125.0,Second Pair,78,1452.0666666667,5,15,20,4.0,51.16,46.29,27,1991-05-09,CAN,CAN,75,232,2009,4,120,8475279.0
2018-2019,Ben Harpur,OTT,D,225.0,229.0,,139.0,219.0,228.0,212.0,217.0,186.0,205.0,62.0,39.0,,226.0,Third Pair,51,898.65,1,4,5,2.43,39.34,42.24,23,1995-01-12,CAN,CAN,78,231,2013,4,108,8477433.0
2018-2019,Ben Hutton,VAN,D,215.0,177.0,72.0,64.0,196.0,207.0,102.0,187.0,232.0,110.0,113.0,178.0,,111.0,First Pair,69,1542.55,5,15,20,4.44,38.78,43.47,25,1993-04-20,CAN,CAN,75,201,2012,5,147,8477018.0
2018-2019,Ben Lovejoy,DAL,D,138.0,33.0,,10.0,157.0,48.0,65.0,162.0,170.0,229.0,208.0,114.0,,163.0,Third Pair,71,1213.1333333333,2,7,9,2.94,45.07,50.34,34,1984-02-20,USA,USA,73,205,-,-,-,8473933.0
2018-2019,Ben Lovejoy,NJD,D,138.0,33.0,,10.0,157.0,48.0,65.0,162.0,170.0,229.0,208.0,114.0,,163.0,Third Pair,71,1213.1333333333,2,7,9,2.94,45.07,50.34,34,1984-02-20,USA,USA,73,205,-,-,-,8473933.0
2018-2019,Bogdan Kiselevich,FLA,D,154.0,41.0,,4.0,146.0,4.0,233.0,233.0,3.0,10.0,189.0,59.0,,232.0,Third Pair,32,475.33333333333,0,8,8,0.67,45.16,53.64,28,1990-02-14,RUS,RUS,72,202,-,-,-,8480955.0
2018-2019,Brad Hunt,MIN,D,110.0,23.0,26.0,,103.0,27.0,41.0,149.0,178.0,36.0,108.0,208.0,,110.0,Third Pair,42,625.38333333333,5,7,12,4.0,50.00,54.63,30,1988-08-24,CAN,CAN,69,177,-,-,-,8476779.0
2018-2019,Brad Hunt,VGK,D,110.0,23.0,26.0,,103.0,27.0,41.0,149.0,178.0,36.0,108.0,208.0,,110.0,Third Pair,42,625.38333333333,5,7,12,4.0,50.00,54.63,30,1988-08-24,CAN,CAN,69,177,-,-,-,8476779.0
2018-2019,Brady Skjei,NYR,D,97.0,200.0,,98.0,119.0,198.0,93.0,68.0,97.0,105.0,128.0,60.0,,82.0,Second Pair,78,1656.2666666667,8,17,25,6.24,48.65,47.22,24,1994-03-26,USA,USA,75,210,2012,1,28,8476869.0
2018-2019,Brandon Carlo,BOS,D,184.0,40.0,,89.0,111.0,9.0,140.0,198.0,222.0,91.0,215.0,99.0,,183.0,Second Pair,72,1506.4333333333,2,8,10,5.7,59.49,53.64,21,1996-11-26,USA,USA,78,218,2015,2,37,8478443.0
2018-2019,Brandon Manning,CHI,D,166.0,159.0,,137.0,215.0,162.0,118.0,44.0,144.0,197.0,90.0,50.0,,192.0,Third Pair,39,578.8,2,2,4,1.49,31.37,44.41,28,1990-06-04,CAN,CAN,73,205,-,-,-,8475430.0
2018-2019,Brandon Manning,EDM,D,166.0,159.0,,137.0,215.0,162.0,118.0,44.0,144.0,197.0,90.0,50.0,,192.0,Third Pair,39,578.8,2,2,4,1.49,31.37,44.41,28,1990-06-04,CAN,CAN,73,205,-,-,-,8475430.0
2018-2019,Brandon Montour,ANA,D,80.0,188.0,86.0,160.0,115.0,169.0,28.0,79.0,132.0,141.0,139.0,137.0,,57.0,First Pair,82,1840.7833333333,8,27,35,9.33,47.75,46.93,24,1994-04-11,CAN,CAN,72,194,2014,2,55,8477986.0
2018-2019,Brandon Montour,BUF,D,80.0,188.0,86.0,160.0,115.0,169.0,28.0,79.0,132.0,141.0,139.0,137.0,,57.0,First Pair,82,1840.7833333333,8,27,35,9.33,47.75,46.93,24,1994-04-11,CAN,CAN,72,194,2014,2,55,8477986.0
2018-2019,Brayden McNabb,VGK,D,109.0,26.0,,76.0,17.0,67.0,198.0,130.0,161.0,119.0,212.0,20.0,,138.0,Second Pair,81,1577.7666666667,4,12,16,3.78,51.26,54.44,27,1991-01-21,CAN,CAN,76,215,2009,3,66,8475188.0
2018-2019,Braydon Coburn,TBL,D,64.0,112.0,,50.0,100.0,76.0,52.0,134.0,44.0,186.0,203.0,95.0,,171.0,Third Pair,74,1192.15,4,19,23,4.5,51.02,52.58,33,1985-02-27,CAN,CAN,77,224,2003,1,8,8470601.0
2018-2019,Brendan Smith,NYR,D,106.0,220.0,,118.0,128.0,199.0,100.0,55.0,123.0,37.0,174.0,61.0,,202.0,Third Pair,63,963.63333333333,4,9,13,5.24,42.31,48.32,29,1989-02-08,CAN,CAN,74,200,2007,1,27,8474090.0
2018-2019,Brenden Dillon,SJS,D,95.0,72.0,,68.0,30.0,25.0,196.0,201.0,53.0,87.0,194.0,21.0,,190.0,Third Pair,82,1454.9333333333,1,21,22,2.83,55.93,58.31,27,1990-11-13,CAN,CAN,76,224,-,-,-,8475455.0
2018-2019,Brent Burns,SJS,D,1.0,157.0,6.0,135.0,7.0,119.0,1.0,25.0,1.0,3.0,101.0,172.0,,1.0,First Pair,82,2058.1333333333,16,67,83,14.16,53.21,54.51,33,1985-03-09,CAN,CAN,77,230,2003,1,20,8470613.0
2018-2019,Brent Seabrook,CHI,D,60.0,164.0,62.0,165.0,62.0,229.0,35.0,106.0,105.0,65.0,166.0,101.0,,40.0,Second Pair,78,1489.55,5,23,28,7.44,46.46,44.49,33,1985-04-20,CAN,CAN,75,220,2003,1,14,8470607.0
2018-2019,Brett Kulak,MTL,D,55.0,101.0,,,24.0,44.0,39.0,49.0,202.0,82.0,151.0,83.0,,143.0,Third Pair,57,1017.05,6,11,17,4.18,57.30,56.45,24,1994-01-06,CAN,CAN,73,197,2012,4,105,8476967.0
2018-2019,Brett Pesce,CAR,D,61.0,4.0,,42.0,35.0,36.0,139.0,73.0,71.0,109.0,36.0,188.0,,84.0,Second Pair,73,1495.85,7,22,29,5.03,59.79,55.67,23,1994-11-15,USA,USA,75,206,2013,3,66,8477488.0
2018-2019,Brian Dumoulin,PIT,D,82.0,80.0,,59.0,5.0,104.0,166.0,144.0,169.0,114.0,40.0,97.0,,114.0,Second Pair,76,1597.9166666667,3,20,23,4.19,58.54,54.42,26,1991-09-06,USA,USA,76,207,2009,2,51,8475208.0
2018-2019,Brooks Orpik,WSH,D,206.0,138.0,,109.0,131.0,163.0,216.0,196.0,199.0,162.0,201.0,14.0,,184.0,Third Pair,53,830.15,2,7,9,1.24,56.92,50.57,37,1980-09-26,USA,USA,75,217,2000,1,18,8468498.0
2018-2019,Calvin de Haan,CAR,D,34.0,34.0,,112.0,26.0,110.0,88.0,192.0,14.0,120.0,27.0,46.0,,115.0,Second Pair,74,1369.8333333333,1,13,14,4.96,47.67,53.9,27,1991-05-09,CAN,CAN,73,195,2009,1,12,8475177.0
2018-2019,Cam Fowler,ANA,D,175.0,173.0,47.0,147.0,162.0,195.0,200.0,119.0,102.0,93.0,110.0,227.0,,56.0,First Pair,59,1378.7,5,18,23,4.51,47.37,41.41,26,1991-12-05,CAN,USA,74,215,2010,1,12,8475764.0
2018-2019,Carl Dahlstrom,CHI,D,210.0,232.0,,158.0,120.0,224.0,195.0,231.0,200.0,228.0,17.0,175.0,,217.0,Second Pair,38,706.96666666667,0,6,6,1.16,53.97,44.35,23,1995-01-28,SWE,SWE,76,231,2013,2,51,8477472.0
2018-2019,Carl Gunnarsson,STL,D,158.0,8.0,,14.0,80.0,20.0,207.0,10.0,230.0,167.0,93.0,210.0,,172.0,Third Pair,25,398.28333333333,3,4,7,1.3,58.33,55.52,31,1986-11-09,SWE,SWE,74,198,2007,7,194,8474125.0
2018-2019,Casey Nelson,BUF,D,216.0,102.0,,25.0,216.0,35.0,160.0,168.0,210.0,129.0,105.0,133.0,,209.0,Third Pair,38,585.55,1,5,6,1.15,50.00,49.61,26,1992-07-18,USA,USA,73,185,-,-,-,8479268.0
2018-2019,Charlie McAvoy,BOS,D,33.0,46.0,98.0,6.0,42.0,30.0,169.0,35.0,11.0,77.0,160.0,73.0,,54.0,First Pair,54,1197.3333333333,7,21,28,5.06,55.79,55.56,20,1997-12-21,USA,USA,73,209,2016,1,14,8479325.0
2018-2019,Chris Tanev,VAN,D,231.0,39.0,,80.0,228.0,99.0,229.0,202.0,206.0,225.0,136.0,216.0,,130.0,Second Pair,55,1109.2166666667,2,10,12,1.69,48.28,43.23,28,1989-12-20,CAN,CAN,74,193,-,-,-,8475690.0
2018-2019,Chris Wideman,EDM,D,42.0,202.0,97.0,,194.0,230.0,45.0,84.0,5.0,23.0,232.0,33.0,,166.0,Third Pair,25,326.43333333333,2,5,7,1.3,33.33,42.31,28,1990-01-07,USA,USA,70,181,2009,4,100,8475227.0
2018-2019,Chris Wideman,FLA,D,42.0,202.0,97.0,,194.0,230.0,45.0,84.0,5.0,23.0,232.0,33.0,,166.0,Third Pair,25,326.43333333333,2,5,7,1.3,33.33,42.31,28,1990-01-07,USA,USA,70,181,2009,4,100,8475227.0
2018-2019,Chris Wideman,OTT,D,42.0,202.0,97.0,,194.0,230.0,45.0,84.0,5.0,23.0,232.0,33.0,,166.0,Third Pair,25,326.43333333333,2,5,7,1.3,33.33,42.31,28,1990-01-07,USA,USA,70,181,2009,4,100,8475227.0
2018-2019,Christian Djoos,WSH,D,85.0,209.0,,,87.0,180.0,204.0,161.0,13.0,6.0,6.0,217.0,,225.0,Third Pair,45,610.71666666667,1,9,10,1.39,59.57,45.9,24,1994-08-06,SWE,SWE,72,180,2012,7,195,8477043.0
2018-2019,Christian Folin,MTL,D,187.0,22.0,,54.0,188.0,60.0,168.0,204.0,141.0,152.0,120.0,9.0,,178.0,Third Pair,45,704.66666666667,0,6,6,2.17,51.56,50.25,27,1991-02-09,SWE,SWE,75,204,-,-,-,8477850.0
2018-2019,Christian Folin,PHI,D,187.0,22.0,,54.0,188.0,60.0,168.0,204.0,141.0,152.0,120.0,9.0,,178.0,Third Pair,45,704.66666666667,0,6,6,2.17,51.56,50.25,27,1991-02-09,SWE,SWE,75,204,-,-,-,8477850.0
2018-2019,Christian Jaros,OTT,D,219.0,148.0,,,227.0,181.0,129.0,205.0,175.0,216.0,121.0,27.0,,186.0,Third Pair,61,876.4,1,9,10,2.23,36.92,43.15,22,1996-04-02,SVK,SVK,75,222,2015,5,139,8478868.0
2018-2019,Christian Wolanin,OTT,D,129.0,213.0,93.0,,161.0,225.0,177.0,11.0,171.0,117.0,156.0,226.0,,108.0,Third Pair,30,519.76666666667,4,8,12,1.59,56.00,45.05,23,1995-03-17,CAN,CAN,74,190,2015,4,107,8478846.0
2018-2019,Cody Ceci,OTT,D,90.0,210.0,,114.0,169.0,231.0,90.0,85.0,40.0,166.0,75.0,107.0,,68.0,First Pair,74,1669.5166666667,7,19,26,5.59,41.67,45.4,24,1993-12-21,CAN,CAN,74,210,2012,1,15,8476879.0
2018-2019,Colin Miller,VGK,D,36.0,58.0,25.0,,32.0,8.0,48.0,173.0,32.0,7.0,118.0,41.0,,73.0,Second Pair,65,1276.9833333333,3,26,29,5.31,51.22,56.85,25,1992-10-29,CAN,CAN,73,200,2012,5,151,8476525.0
2018-2019,Colton Parayko,STL,D,99.0,9.0,24.0,53.0,126.0,21.0,27.0,126.0,150.0,180.0,9.0,117.0,,35.0,First Pair,80,1822.6833333333,10,18,28,7.15,57.43,53.68,25,1993-05-12,CAN,CAN,78,228,2012,3,86,8476892.0
2018-2019,Connor Carrick,DAL,D,100.0,96.0,100.0,,158.0,105.0,127.0,63.0,66.0,81.0,199.0,156.0,,152.0,Third Pair,34,571.15,2,9,11,2.54,38.10,48.61,24,1994-04-13,USA,USA,70,198,2012,5,137,8476941.0
2018-2019,Connor Carrick,NJD,D,100.0,96.0,100.0,,158.0,105.0,127.0,63.0,66.0,81.0,199.0,156.0,,152.0,Third Pair,34,571.15,2,9,11,2.54,38.10,48.61,24,1994-04-13,USA,USA,70,198,2012,5,137,8476941.0
2018-2019,Connor Murphy,CHI,D,121.0,134.0,,152.0,149.0,152.0,62.0,70.0,181.0,223.0,71.0,30.0,,113.0,Second Pair,52,1013.4166666667,5,8,13,2.7,54.67,44.7,25,1993-03-26,USA,USA,76,212,2011,1,20,8476473.0
2018-2019,Damon Severson,NJD,D,73.0,212.0,70.0,63.0,127.0,182.0,163.0,19.0,37.0,195.0,144.0,146.0,,80.0,First Pair,82,1807.5166666667,11,28,39,8.13,44.03,47.7,24,1994-08-07,CAN,CAN,74,205,2012,2,60,8476923.0
2018-2019,Dan Girardi,TBL,D,126.0,63.0,,40.0,49.0,160.0,141.0,90.0,209.0,113.0,83.0,28.0,,105.0,Third Pair,62,1103.6166666667,4,12,16,4.02,51.09,52.62,34,1984-04-29,CAN,CAN,73,212,-,-,-,8471958.0
2018-2019,Dan Hamhuis,NSH,D,223.0,83.0,,57.0,172.0,39.0,226.0,220.0,208.0,190.0,149.0,162.0,,218.0,Third Pair,57,914.68333333333,0,5,5,1.61,47.17,50.29,35,1982-12-13,CAN,CAN,73,204,2001,1,12,8469465.0
2018-2019,Danny DeKeyser,DET,D,162.0,77.0,,157.0,197.0,106.0,209.0,59.0,90.0,208.0,168.0,125.0,,100.0,Second Pair,52,1142.3,5,15,20,2.98,54.43,47.52,28,1990-03-07,USA,USA,75,183,-,-,-,8477215.0
2018-2019,Darnell Nurse,EDM,D,48.0,166.0,60.0,115.0,135.0,175.0,17.0,26.0,91.0,201.0,154.0,63.0,,34.0,First Pair,82,1953.2666666667,10,31,41,9.39,46.32,45.72,23,1995-02-04,CAN,CAN,76,221,2013,1,7,8477498.0
2018-2019,David Savard,CBJ,D,62.0,52.0,,34.0,93.0,79.0,81.0,47.0,85.0,161.0,159.0,96.0,,93.0,Second Pair,82,1618.9833333333,8,16,24,6.74,57.02,52.94,27,1990-10-22,CAN,CAN,73,235,2009,4,94,8475233.0
2018-2019,Dean Kukan,CBJ,D,160.0,2.0,,,65.0,1.0,227.0,230.0,43.0,92.0,140.0,168.0,,228.0,Third Pair,25,336.63333333333,0,5,5,0.76,65.00,58.66,25,1993-07-08,CHE,CHE,74,190,-,-,-,8478567.0
2018-2019,Dennis Cholowski,DET,D,173.0,230.0,82.0,,144.0,196.0,175.0,64.0,197.0,13.0,171.0,229.0,,124.0,Second Pair,52,949.16666666667,7,9,16,4.2,38.71,46.48,20,1998-02-15,CAN,CAN,74,210,2016,1,20,8479395.0
2018-2019,Derek Forbort,LAK,D,222.0,147.0,,141.0,220.0,66.0,217.0,210.0,138.0,204.0,169.0,106.0,,150.0,Second Pair,81,1680.1,2,12,14,2.44,41.30,44.51,26,1992-03-04,USA,USA,76,208,2010,1,15,8475762.0
2018-2019,Derrick Pouliot,VAN,D,189.0,151.0,94.0,,116.0,168.0,208.0,176.0,184.0,39.0,178.0,111.0,,173.0,Third Pair,62,1063.8166666667,3,9,12,3.14,52.33,47.94,24,1994-01-16,CAN,CAN,72,196,2012,1,8,8476884.0
2018-2019,Deryk Engelland,VGK,D,118.0,73.0,,84.0,101.0,156.0,117.0,148.0,111.0,102.0,107.0,48.0,,104.0,Second Pair,74,1470.95,2,10,12,3.08,46.24,48.9,36,1982-04-03,CAN,CAN,74,212,2000,6,194,8468674.0
2018-2019,Devon Toews,NYI,D,20.0,121.0,68.0,,29.0,23.0,54.0,51.0,20.0,76.0,18.0,206.0,,117.0,Third Pair,48,858.98333333333,5,13,18,4.18,57.14,57.32,24,1994-02-21,CAN,CAN,73,191,2014,4,108,8478038.0
2018-2019,Dion Phaneuf,LAK,D,194.0,144.0,,,206.0,176.0,101.0,200.0,187.0,74.0,91.0,29.0,,135.0,Third Pair,67,1004.9333333333,1,5,6,3.08,38.46,48.78,33,1985-04-10,CAN,CAN,75,222,2003,1,9,8470602.0
2018-2019,Dmitry Kulikov,WPG,D,218.0,155.0,,138.0,186.0,127.0,221.0,207.0,173.0,137.0,175.0,74.0,,222.0,Third Pair,57,892.81666666667,0,6,6,1.65,51.56,46.74,27,1990-10-29,RUS,RUS,73,201,2009,1,14,8475179.0
2018-2019,Dmitry Orlov,WSH,D,143.0,150.0,96.0,94.0,141.0,154.0,190.0,89.0,95.0,133.0,44.0,98.0,,102.0,Second Pair,82,1774.1833333333,3,26,29,5.53,48.18,45.9,27,1991-07-23,RUS,RUS,71,214,2009,2,55,8475200.0
2018-2019,Dougie Hamilton,CAR,D,2.0,122.0,23.0,,1.0,59.0,2.0,2.0,27.0,66.0,183.0,87.0,,19.0,Second Pair,82,1613.15,18,21,39,13.7,52.17,57.83,25,1993-06-17,CAN,CAN,78,230,2011,1,9,8476462.0
2018-2019,Drew Doughty,LAK,D,180.0,169.0,15.0,164.0,202.0,78.0,185.0,203.0,59.0,175.0,158.0,105.0,,28.0,First Pair,82,2179.0833333333,8,37,45,7.77,41.23,45.12,28,1989-12-08,CAN,CAN,73,210,2008,1,2,8474563.0
2018-2019,Duncan Keith,CHI,D,93.0,189.0,87.0,159.0,73.0,205.0,94.0,152.0,110.0,25.0,163.0,223.0,,41.0,First Pair,82,1887.4333333333,6,34,40,6.41,56.46,46.35,35,1983-07-16,CAN,CAN,73,192,2002,2,54,8470281.0
2018-2019,Dustin Byfuglien,WPG,D,68.0,93.0,32.0,124.0,150.0,24.0,16.0,71.0,118.0,94.0,230.0,86.0,,13.0,First Pair,42,1023.0666666667,4,27,31,6.55,52.73,52.17,33,1985-03-27,USA,USA,77,260,2003,8,245,8470834.0
2018-2019,Dylan DeMelo,OTT,D,56.0,126.0,,45.0,69.0,183.0,115.0,169.0,17.0,69.0,73.0,82.0,,120.0,Second Pair,77,1484.8833333333,4,18,22,4.06,50.00,49.72,25,1993-05-01,CAN,CAN,72,195,2011,6,179,8476331.0
2018-2019,Egor Yakovlev,NJD,D,177.0,191.0,,,229.0,100.0,178.0,31.0,41.0,168.0,31.0,204.0,,188.0,Third Pair,25,391.83333333333,2,5,7,1.33,42.42,44.22,26,1991-09-17,RUS,RUS,72,190,-,-,-,8480948.0
2018-2019,Erik Cernak,TBL,D,23.0,119.0,,3.0,70.0,45.0,15.0,46.0,49.0,178.0,89.0,11.0,,90.0,Second Pair,58,1116.55,5,11,16,3.76,60.23,54.09,21,1997-05-28,SVK,SVK,76,224,2015,2,43,8478416.0
2018-2019,Erik Gudbranson,PIT,D,200.0,208.0,,131.0,211.0,204.0,142.0,179.0,165.0,176.0,141.0,24.0,,194.0,Second Pair,76,1385.5333333333,2,8,10,2.95,37.38,45.41,26,1992-01-07,CAN,CAN,77,222,2010,1,3,8475790.0
2018-2019,Erik Gudbranson,VAN,D,200.0,208.0,,131.0,211.0,204.0,142.0,179.0,165.0,176.0,141.0,24.0,,194.0,Second Pair,76,1385.5333333333,2,8,10,2.95,37.38,45.41,26,1992-01-07,CAN,CAN,77,222,2010,1,3,8475790.0
2018-2019,Erik Gustafsson,CHI,D,13.0,205.0,22.0,,14.0,214.0,70.0,9.0,25.0,22.0,119.0,143.0,,23.0,First Pair,79,1784.1833333333,17,43,60,8.11,52.14,46.52,26,1992-03-14,SWE,SWE,72,197,2012,4,93,8476979.0
2018-2019,Erik Johnson,COL,D,87.0,79.0,,126.0,142.0,134.0,44.0,56.0,131.0,75.0,74.0,93.0,,46.0,Second Pair,80,1745.1666666667,7,18,25,6.62,46.55,48.56,30,1988-03-21,USA,USA,76,225,2006,1,1,8473446.0
2018-2019,Erik Karlsson,SJS,D,4.0,86.0,16.0,117.0,9.0,88.0,7.0,125.0,2.0,33.0,65.0,197.0,,3.0,First Pair,53,1297.85,3,42,45,7.8,53.40,58.75,28,1990-05-31,SWE,SWE,72,190,2008,1,15,8474578.0
2018-2019,Esa Lindell,DAL,D,181.0,143.0,56.0,79.0,154.0,102.0,176.0,135.0,174.0,173.0,59.0,119.0,,64.0,First Pair,82,1994.7833333333,11,21,32,6.52,50.50,45.84,24,1994-05-23,FIN,FIN,75,220,2012,3,74,8476902.0
2018-2019,Filip Hronek,DET,D,169.0,218.0,41.0,172.0,210.0,116.0,112.0,27.0,180.0,193.0,106.0,109.0,,83.0,Second Pair,46,918.2,5,18,23,3.92,42.37,45.88,20,1997-11-02,CZE,CZE,72,190,2016,2,53,8479425.0
2018-2019,Fredrik Claesson,NYR,D,201.0,158.0,,60.0,223.0,49.0,148.0,103.0,176.0,53.0,47.0,26.0,,208.0,Third Pair,37,638.18333333333,2,4,6,1.8,48.57,48.02,25,1992-11-24,SWE,SWE,73,196,2011,5,126,8476368.0
2018-2019,Greg Pateryn,MIN,D,186.0,6.0,,49.0,205.0,12.0,104.0,213.0,156.0,214.0,193.0,42.0,,161.0,Third Pair,80,1369.65,1,6,7,2.61,44.83,53.12,28,1990-06-20,USA,USA,75,212,2008,5,128,8474688.0
2018-2019,Gustav Forsling,CHI,D,137.0,219.0,,154.0,156.0,209.0,68.0,114.0,189.0,50.0,167.0,166.0,,151.0,Third Pair,43,734.58333333333,3,6,9,2.38,40.00,43.55,22,1996-06-12,SWE,SWE,72,186,2014,5,126,8478055.0
2018-2019,Hampus Lindholm,ANA,D,150.0,174.0,29.0,146.0,81.0,120.0,159.0,172.0,167.0,220.0,187.0,160.0,,63.0,First Pair,76,1823.6,6,22,28,7.97,49.55,48.34,24,1994-01-20,SWE,SWE,76,215,2012,1,6,8476854.0
2018-2019,Henri Jokiharju,CHI,D,50.0,214.0,99.0,72.0,38.0,193.0,46.0,226.0,31.0,27.0,196.0,112.0,,129.0,Second Pair,38,721.25,0,12,12,2.48,41.38,47.88,19,1999-06-17,FIN,FIN,72,200,2017,1,29,8480035.0
2018-2019,Ian Cole,COL,D,157.0,27.0,,47.0,92.0,103.0,155.0,157.0,185.0,169.0,226.0,65.0,,89.0,Second Pair,71,1402.6833333333,2,13,15,3.88,40.43,49.31,29,1989-02-21,USA,USA,73,225,2007,1,18,8474013.0
2018-2019,Igor Ozhiganov,TOR,D,133.0,128.0,,,54.0,55.0,183.0,77.0,195.0,61.0,157.0,108.0,,227.0,Third Pair,53,742.8,3,4,7,1.33,50.00,51.38,25,1992-10-13,RUS,RUS,74,210,-,-,-,8480943.0
2018-2019,Ilya Lyubushkin,ARI,D,214.0,116.0,,,195.0,191.0,219.0,229.0,120.0,43.0,15.0,3.0,,223.0,Third Pair,41,563.11666666667,0,4,4,1.44,37.50,47.31,24,1994-04-06,RUS,RUS,74,200,-,-,-,8480950.0
2018-2019,Ivan Provorov,PHI,D,120.0,168.0,92.0,107.0,165.0,125.0,105.0,24.0,158.0,191.0,56.0,120.0,,44.0,First Pair,82,2058.0833333333,7,19,26,8.47,45.27,48.62,21,1997-01-13,RUS,RUS,73,201,2015,1,7,8478500.0
2018-2019,Jaccob Slavin,CAR,D,51.0,17.0,66.0,44.0,6.0,83.0,122.0,167.0,83.0,135.0,48.0,207.0,,60.0,First Pair,82,1889.1,8,23,31,8.4,48.18,55.35,24,1994-05-01,USA,USA,75,207,2012,4,120,8476958.0
2018-2019,Jack Johnson,PIT,D,208.0,95.0,,121.0,110.0,187.0,206.0,212.0,215.0,115.0,129.0,34.0,,149.0,Second Pair,82,1580.8333333333,1,12,13,3.52,43.40,46.15,31,1987-01-13,USA,USA,73,227,2005,1,3,8471677.0
2018-2019,Jacob Larsson,ANA,D,165.0,172.0,,122.0,113.0,177.0,133.0,225.0,137.0,96.0,172.0,163.0,,211.0,Third Pair,49,838.61666666667,0,5,5,2.6,46.30,47.89,21,1997-04-29,SWE,SWE,74,193,2015,1,27,8478491.0
2018-2019,Jacob Trouba,WPG,D,29.0,67.0,40.0,143.0,98.0,118.0,25.0,101.0,22.0,136.0,145.0,121.0,,20.0,First Pair,82,1876.0,8,42,50,8.75,50.00,49.2,24,1994-02-26,USA,USA,75,203,2012,1,9,8476885.0
2018-2019,Jake Gardiner,TOR,D,43.0,192.0,59.0,,12.0,146.0,181.0,133.0,18.0,144.0,135.0,176.0,,75.0,Second Pair,62,1315.2666666667,3,27,30,3.77,61.46,51.29,28,1990-07-04,USA,USA,74,203,2008,1,17,8474581.0
2018-2019,Jake McCabe,BUF,D,209.0,65.0,,55.0,201.0,90.0,199.0,137.0,172.0,194.0,123.0,71.0,,139.0,Second Pair,59,1117.75,4,10,14,2.94,45.21,49.05,24,1993-10-12,USA,USA,73,204,2012,2,44,8476931.0
2018-2019,Jake Muzzin,LAK,D,31.0,176.0,37.0,52.0,31.0,113.0,60.0,42.0,72.0,189.0,146.0,49.0,,39.0,Second Pair,80,1707.0,9,28,37,5.41,59.81,52.02,29,1989-02-21,CAN,CAN,75,227,2007,5,141,8474162.0
2018-2019,Jake Muzzin,TOR,D,31.0,176.0,37.0,52.0,31.0,113.0,60.0,42.0,72.0,189.0,146.0,49.0,,39.0,Second Pair,80,1707.0,9,28,37,5.41,59.81,52.02,29,1989-02-21,CAN,CAN,75,227,2007,5,141,8474162.0
2018-2019,Jakob Chychrun,ARI,D,94.0,107.0,45.0,,102.0,149.0,47.0,132.0,113.0,68.0,92.0,89.0,,65.0,Second Pair,53,1073.5,5,15,20,8.39,44.07,52.82,20,1998-03-31,USA,USA,74,220,2016,1,16,8479345.0
2018-2019,Jamie Oleksiak,DAL,D,124.0,140.0,,,84.0,89.0,156.0,38.0,190.0,207.0,190.0,16.0,,185.0,Third Pair,57,839.7,4,8,12,2.37,55.38,52.65,25,1992-12-21,CAN,CAN,79,257,2011,1,14,8476467.0
2018-2019,Jamie Oleksiak,PIT,D,124.0,140.0,,,84.0,89.0,156.0,38.0,190.0,207.0,190.0,16.0,,185.0,Third Pair,57,839.7,4,8,12,2.37,55.38,52.65,25,1992-12-21,CAN,CAN,79,257,2011,1,14,8476467.0
2018-2019,Jan Rutta,TBL,D,131.0,207.0,,156.0,97.0,159.0,150.0,72.0,168.0,206.0,124.0,190.0,,179.0,Third Pair,37,576.91666666667,2,6,8,1.34,57.14,47.85,28,1990-07-29,CZE,CZE,75,204,-,-,-,8480172.0
2018-2019,Jan Rutta,CHI,D,131.0,207.0,,156.0,97.0,159.0,150.0,72.0,168.0,206.0,124.0,190.0,,179.0,Third Pair,37,576.91666666667,2,6,8,1.34,57.14,47.85,28,1990-07-29,CZE,CZE,75,204,-,-,-,8480172.0
2018-2019,Jared Spurgeon,MIN,D,58.0,12.0,38.0,37.0,68.0,13.0,145.0,23.0,67.0,90.0,53.0,169.0,,29.0,First Pair,82,1979.8666666667,14,29,43,8.29,51.24,55.02,28,1989-11-29,CAN,CAN,69,166,2008,6,156,8474716.0
2018-2019,Jason Demers,ARI,D,163.0,127.0,,46.0,139.0,117.0,192.0,74.0,152.0,63.0,61.0,138.0,,153.0,Second Pair,35,699.73333333333,2,6,8,1.42,58.33,46.14,30,1988-06-09,CAN,CAN,73,195,2008,7,186,8474218.0
2018-2019,Jay Bouwmeester,STL,D,191.0,66.0,,93.0,189.0,73.0,202.0,160.0,140.0,163.0,202.0,192.0,,145.0,Second Pair,78,1616.9833333333,3,14,17,3.73,47.19,50.18,34,1983-09-27,CAN,CAN,76,206,2002,1,3,8470151.0
2018-2019,Jaycob Megna,ANA,D,111.0,170.0,,170.0,179.0,126.0,111.0,120.0,61.0,83.0,228.0,113.0,,210.0,Third Pair,28,406.9,1,3,4,1.48,48.00,47.32,25,1992-12-10,USA,USA,78,220,2012,7,210,8477034.0
2018-2019,Jeff Petry,MTL,D,18.0,195.0,50.0,127.0,10.0,121.0,55.0,50.0,29.0,156.0,77.0,54.0,,30.0,First Pair,82,1894.6333333333,13,33,46,9.86,49.66,53.36,30,1987-12-09,USA,USA,75,209,2006,2,45,8473507.0
2018-2019,Joakim Ryan,SJS,D,107.0,78.0,,,2.0,170.0,164.0,209.0,224.0,14.0,66.0,139.0,,215.0,Fringe,44,562.06666666667,0,7,7,1.26,48.33,52.93,25,1993-06-17,USA,USA,71,185,2012,7,198,8477046.0
2018-2019,Joe Morrow,WPG,D,101.0,223.0,,,143.0,212.0,99.0,127.0,58.0,60.0,111.0,118.0,,191.0,Third Pair,41,572.33333333333,1,6,7,1.46,50.00,43.03,25,1992-12-09,CAN,CAN,72,196,2011,1,23,8476476.0
2018-2019,Joel Edmundson,STL,D,91.0,57.0,,70.0,133.0,75.0,79.0,105.0,87.0,184.0,229.0,55.0,,101.0,Second Pair,64,1240.7666666667,2,9,11,4.52,52.38,50.55,25,1993-06-28,CAN,CAN,77,221,2011,2,46,8476441.0
2018-2019,John Carlson,WSH,D,11.0,201.0,13.0,61.0,34.0,217.0,24.0,14.0,9.0,73.0,85.0,214.0,,4.0,First Pair,80,2005.1833333333,13,57,70,10.63,59.74,48.23,28,1990-01-10,USA,USA,75,215,2008,1,27,8474590.0
2018-2019,John Klingberg,DAL,D,32.0,163.0,10.0,,37.0,65.0,82.0,92.0,30.0,46.0,30.0,209.0,,17.0,First Pair,64,1569.95,10,35,45,7.66,56.79,52.6,26,1992-08-14,SWE,SWE,75,190,2010,5,131,8475906.0
2018-2019,John Moore,BOS,D,142.0,152.0,,123.0,177.0,129.0,57.0,129.0,177.0,95.0,186.0,100.0,,123.0,Second Pair,61,1145.1333333333,4,9,13,3.85,45.31,47.58,27,1990-11-19,USA,USA,75,207,2009,1,21,8475186.0
2018-2019,Johnny Boychuk,NYI,D,27.0,185.0,,168.0,140.0,206.0,6.0,117.0,35.0,148.0,64.0,47.0,,59.0,Second Pair,74,1393.4,3,16,19,5.39,52.13,45.8,34,1984-01-19,CAN,CAN,74,227,2002,2,61,8470187.0
2018-2019,Jon Merrill,VGK,D,114.0,13.0,,43.0,41.0,2.0,170.0,178.0,125.0,35.0,227.0,122.0,,180.0,Third Pair,57,1019.0666666667,3,12,15,3.11,56.34,59.52,26,1992-02-03,USA,USA,75,204,2010,2,38,8475750.0
2018-2019,Jonas Brodin,MIN,D,183.0,3.0,,27.0,192.0,11.0,180.0,138.0,133.0,203.0,72.0,211.0,,116.0,Second Pair,82,1684.55,4,14,18,4.36,44.68,53.95,25,1993-07-12,SWE,SWE,74,196,2011,1,10,8476463.0
2018-2019,Jonas Siegenthaler,WSH,D,193.0,11.0,,144.0,64.0,5.0,231.0,232.0,92.0,142.0,225.0,88.0,,213.0,Third Pair,26,367.98333333333,0,4,4,0.64,63.64,57.13,21,1997-05-06,CHE,CHE,74,218,2015,2,57,8478399.0
2018-2019,Jonathan Ericsson,DET,D,221.0,231.0,,162.0,217.0,211.0,210.0,118.0,220.0,218.0,210.0,58.0,,221.0,Third Pair,52,895.41666666667,3,2,5,1.66,38.18,38.53,34,1984-03-02,SWE,SWE,76,218,2002,9,291,8470318.0
2018-2019,Jordan Oesterle,ARI,D,168.0,106.0,76.0,77.0,132.0,192.0,171.0,122.0,160.0,72.0,14.0,173.0,,85.0,Second Pair,71,1341.6166666667,6,14,20,4.22,44.94,48.13,26,1992-06-25,USA,USA,72,187,-,-,-,8477851.0
2018-2019,Jordie Benn,MTL,D,108.0,108.0,,102.0,55.0,74.0,162.0,140.0,112.0,171.0,131.0,94.0,,121.0,Second Pair,81,1473.7,5,17,22,3.87,52.17,54.35,31,1987-07-26,CAN,CAN,74,201,-,-,-,8474818.0
2018-2019,Josh Manson,ANA,D,119.0,196.0,,149.0,121.0,150.0,154.0,108.0,70.0,222.0,205.0,40.0,,134.0,First Pair,74,1650.7166666667,3,13,16,4.25,43.56,45.1,26,1991-10-07,USA,CAN,75,218,2011,6,160,8476312.0
2018-2019,Josh Morrissey,WPG,D,102.0,29.0,73.0,148.0,75.0,109.0,137.0,131.0,93.0,140.0,95.0,147.0,,50.0,First Pair,59,1321.9,6,25,31,5.7,51.65,50.5,23,1995-03-28,CAN,CAN,72,185,2013,1,13,8477504.0
2018-2019,Joshua Brown,FLA,D,233.0,21.0,,30.0,231.0,3.0,201.0,177.0,233.0,31.0,184.0,10.0,,233.0,Third Pair,37,492.11666666667,1,1,2,1.01,42.31,48.08,24,1994-01-21,CAN,CAN,77,220,2013,6,152,8477384.0
2018-2019,Julius Honka,DAL,D,63.0,129.0,,,94.0,33.0,67.0,206.0,23.0,26.0,114.0,193.0,,216.0,Third Pair,29,397.68333333333,0,4,4,1.65,45.45,54.68,22,1995-12-03,FIN,FIN,71,180,2014,1,14,8477945.0
2018-2019,Justin Braun,SJS,D,125.0,56.0,,116.0,160.0,62.0,134.0,171.0,57.0,198.0,148.0,91.0,,112.0,Second Pair,78,1583.9166666667,2,14,16,3.61,38.78,51.73,31,1987-02-10,USA,USA,74,205,2007,7,201,8474027.0
2018-2019,Justin Faulk,CAR,D,21.0,90.0,11.0,111.0,23.0,111.0,23.0,60.0,68.0,59.0,188.0,75.0,,31.0,First Pair,82,1838.75,11,24,35,12.76,55.77,51.69,26,1992-03-20,USA,USA,72,214,2010,2,37,8475753.0
2018-2019,Justin Schultz,PIT,D,86.0,179.0,51.0,,89.0,185.0,113.0,136.0,63.0,34.0,54.0,183.0,,49.0,Second Pair,29,594.53333333333,2,13,15,2.85,54.29,45.59,28,1990-07-06,CAN,CAN,74,190,2008,2,43,8474602.0
2018-2019,Juuso Riikola,PIT,D,217.0,100.0,80.0,,175.0,138.0,189.0,227.0,223.0,188.0,60.0,18.0,,206.0,Third Pair,37,617.33333333333,2,3,5,2.34,53.85,47.58,24,1993-11-09,FIN,,72,189,-,-,-,8480945.0
2018-2019,Keith Yandle,FLA,D,89.0,233.0,7.0,,95.0,202.0,86.0,147.0,64.0,138.0,78.0,220.0,,22.0,First Pair,82,1840.3666666667,9,53,62,9.86,48.15,47.39,31,1986-09-09,USA,USA,73,192,2005,4,105,8471735.0
2018-2019,Kevan Miller,BOS,D,211.0,14.0,,7.0,145.0,40.0,215.0,221.0,153.0,121.0,197.0,36.0,,159.0,Third Pair,39,692.06666666667,0,7,7,1.02,56.10,48.1,30,1987-11-15,USA,USA,74,210,-,-,-,8476191.0
2018-2019,Kevin Connauton,ARI,D,122.0,190.0,,87.0,167.0,200.0,36.0,66.0,201.0,134.0,63.0,32.0,,136.0,Second Pair,50,917.58333333333,1,7,8,2.77,43.86,47.08,28,1990-02-23,CAN,CAN,74,205,2009,3,83,8475246.0
2018-2019,Kevin Gravel,EDM,D,171.0,20.0,,82.0,193.0,57.0,59.0,228.0,149.0,62.0,4.0,123.0,,196.0,Third Pair,36,529.53333333333,0,3,3,1.44,48.48,48.41,26,1992-03-06,USA,USA,76,205,2010,5,148,8475857.0
2018-2019,Kevin Shattenkirk,NYR,D,103.0,97.0,27.0,,123.0,130.0,75.0,189.0,75.0,8.0,142.0,142.0,,48.0,Second Pair,73,1382.6,2,26,28,6.41,45.24,50.65,29,1989-01-29,USA,USA,72,212,2007,1,14,8474031.0
2018-2019,Kris Letang,PIT,D,5.0,94.0,12.0,71.0,3.0,122.0,4.0,12.0,24.0,106.0,97.0,124.0,,2.0,First Pair,65,1687.35,16,40,56,10.4,61.16,54.02,31,1987-04-24,CAN,CAN,72,201,2005,3,62,8471724.0
2018-2019,Kris Russell,EDM,D,212.0,32.0,,103.0,174.0,153.0,223.0,158.0,183.0,165.0,35.0,141.0,,79.0,Second Pair,72,1470.7666666667,3,13,16,3.08,50.51,46.48,31,1987-05-02,CAN,CAN,70,170,2005,3,67,8471729.0
2018-2019,Lawrence Pilut,BUF,D,148.0,48.0,,,63.0,29.0,184.0,186.0,142.0,199.0,99.0,189.0,,204.0,Third Pair,33,574.8,1,5,6,1.23,43.75,52.79,22,1995-12-30,SWE,SWE,71,194,-,-,-,8480935.0
2018-2019,Luke Schenn,ANA,D,226.0,146.0,,32.0,232.0,208.0,109.0,218.0,214.0,154.0,86.0,2.0,,198.0,Third Pair,26,361.53333333333,0,2,2,1.36,30.43,36.44,28,1989-11-02,CAN,CAN,74,225,2008,1,5,8474568.0
2018-2019,Luke Schenn,VAN,D,226.0,146.0,,32.0,232.0,208.0,109.0,218.0,214.0,154.0,86.0,2.0,,198.0,Third Pair,26,361.53333333333,0,2,2,1.36,30.43,36.44,28,1989-11-02,CAN,CAN,74,225,2008,1,5,8474568.0
2018-2019,MacKenzie Weegar,FLA,D,145.0,19.0,,12.0,153.0,16.0,116.0,83.0,162.0,32.0,132.0,31.0,,156.0,Third Pair,64,1085.85,4,11,15,2.95,46.67,51.52,24,1994-01-07,CAN,CAN,72,206,2013,7,206,8477346.0
2018-2019,Madison Bowey,DET,D,198.0,211.0,,169.0,224.0,219.0,167.0,163.0,116.0,80.0,219.0,77.0,,200.0,Third Pair,50,762.91666666667,2,8,10,2.54,48.15,41.85,23,1995-04-22,CAN,CAN,73,207,2013,2,53,8477474.0
2018-2019,Madison Bowey,WSH,D,198.0,211.0,,169.0,224.0,219.0,167.0,163.0,116.0,80.0,219.0,77.0,,200.0,Third Pair,50,762.91666666667,2,8,10,2.54,48.15,41.85,23,1995-04-22,CAN,CAN,73,207,2013,2,53,8477474.0
2018-2019,Marc Staal,NYR,D,207.0,197.0,,166.0,173.0,213.0,205.0,182.0,194.0,227.0,127.0,131.0,,189.0,Second Pair,79,1534.2,3,10,13,3.71,42.59,44.92,31,1987-01-13,CAN,CAN,76,208,2005,1,12,8471686.0
2018-2019,Marc-Edouard Vlasic,SJS,D,65.0,99.0,83.0,161.0,88.0,136.0,123.0,78.0,33.0,181.0,29.0,231.0,,71.0,Second Pair,72,1515.0666666667,3,22,25,5.47,44.92,49.75,31,1987-03-30,CAN,CAN,73,205,2005,2,35,8471709.0
2018-2019,Marco Scandella,BUF,D,196.0,175.0,,128.0,221.0,173.0,125.0,37.0,218.0,145.0,155.0,164.0,,137.0,Third Pair,63,1109.45,6,7,13,2.86,40.74,41.85,28,1990-02-23,CAN,CAN,75,212,2008,2,55,8474618.0
2018-2019,Marcus Pettersson,ANA,D,115.0,59.0,63.0,91.0,67.0,63.0,188.0,215.0,52.0,118.0,165.0,92.0,,148.0,Third Pair,84,1401.2833333333,2,23,25,3.98,58.33,51.77,22,1996-05-08,SWE,SWE,75,177,2014,2,38,8477969.0
2018-2019,Marcus Pettersson,PIT,D,115.0,59.0,63.0,91.0,67.0,63.0,188.0,215.0,52.0,118.0,165.0,92.0,,148.0,Third Pair,84,1401.2833333333,2,23,25,3.98,58.33,51.77,22,1996-05-08,SWE,SWE,75,177,2014,2,38,8477969.0
2018-2019,Mark Borowiecki,OTT,D,174.0,75.0,,24.0,191.0,201.0,83.0,139.0,192.0,219.0,217.0,1.0,,174.0,Third Pair,53,825.21666666667,1,4,5,2.98,37.10,45.99,29,1989-07-12,CAN,CAN,74,204,2008,5,139,8474697.0
2018-2019,Mark Giordano,CGY,D,8.0,7.0,19.0,97.0,15.0,19.0,14.0,13.0,16.0,112.0,181.0,174.0,,6.0,First Pair,78,1890.65,17,57,74,12.44,60.77,56.1,34,1983-10-03,CAN,CAN,72,205,-,-,-,8470966.0
2018-2019,Mark Pysyk,FLA,D,202.0,135.0,,65.0,187.0,91.0,186.0,190.0,179.0,187.0,82.0,84.0,,187.0,Second Pair,70,1278.8333333333,1,10,11,2.65,48.94,47.95,26,1992-01-11,CAN,CAN,73,198,2010,1,23,8475796.0
2018-2019,Markus Nutivaara,CBJ,D,77.0,114.0,,,105.0,56.0,136.0,45.0,69.0,57.0,8.0,161.0,,182.0,Third Pair,80,1414.3833333333,5,16,21,4.73,50.00,50.58,24,1994-06-06,FIN,FIN,73,187,2015,7,189,8478906.0
2018-2019,Mathew Dumba,MIN,D,26.0,113.0,2.0,130.0,52.0,86.0,50.0,3.0,130.0,125.0,55.0,102.0,,15.0,First Pair,32,748.03333333333,12,10,22,5.78,48.00,55.82,24,1994-07-25,CAN,CAN,72,181,2012,1,7,8476856.0
2018-2019,Matt Grzelcyk,BOS,D,176.0,44.0,85.0,,134.0,6.0,110.0,180.0,211.0,124.0,179.0,181.0,,170.0,Second Pair,66,1262.65,3,15,18,3.77,56.06,50.93,24,1994-01-05,USA,USA,70,176,2012,3,85,8476891.0
2018-2019,Matt Irwin,NSH,D,67.0,31.0,,,159.0,47.0,26.0,142.0,39.0,28.0,170.0,22.0,,207.0,Fringe,44,497.0,1,6,7,1.27,57.14,50.16,30,1987-11-29,CAN,CAN,74,200,-,-,-,8475625.0
2018-2019,Matt Niskanen,WSH,D,96.0,182.0,,100.0,182.0,157.0,66.0,58.0,84.0,172.0,126.0,68.0,,70.0,Second Pair,80,1754.5166666667,8,17,25,5.04,46.90,45.12,31,1986-12-06,USA,USA,73,203,2005,1,28,8471702.0
2018-2019,Matt Roy,LAK,D,123.0,221.0,,1.0,129.0,233.0,71.0,29.0,226.0,217.0,76.0,79.0,,97.0,Third Pair,25,428.26666666667,2,4,6,1.42,46.34,43.62,23,1995-03-01,USA,USA,73,205,2015,7,194,8478911.0
2018-2019,Matthew Benning,EDM,D,75.0,198.0,,104.0,109.0,123.0,63.0,69.0,96.0,101.0,102.0,45.0,,160.0,Third Pair,70,1046.1666666667,5,12,17,3.3,55.84,48.65,24,1994-05-25,CAN,CAN,73,203,2012,6,175,
2018-2019,Mattias Ekholm,NSH,D,69.0,81.0,58.0,85.0,51.0,34.0,126.0,123.0,54.0,150.0,87.0,184.0,,51.0,First Pair,80,1869.1166666667,8,36,44,6.91,57.02,53.33,28,1990-05-24,SWE,SWE,76,215,2009,4,102,8475218.0
2018-2019,Maxime Lajoie,OTT,D,205.0,222.0,75.0,140.0,222.0,226.0,153.0,81.0,196.0,147.0,195.0,186.0,,99.0,Second Pair,56,1058.7166666667,7,8,15,4.31,37.31,43.61,20,1997-11-05,CAN,CAN,73,196,2016,5,133,8479320.0
2018-2019,Michael Del Zotto,ANA,D,132.0,167.0,,142.0,124.0,179.0,121.0,113.0,127.0,47.0,49.0,8.0,,133.0,Third Pair,42,715.2,1,9,10,2.33,45.45,48.54,28,1990-06-24,CAN,CAN,72,195,2008,1,20,8474584.0
2018-2019,Michael Del Zotto,STL,D,132.0,167.0,,142.0,124.0,179.0,121.0,113.0,127.0,47.0,49.0,8.0,,133.0,Third Pair,42,715.2,1,9,10,2.33,45.45,48.54,28,1990-06-24,CAN,CAN,72,195,2008,1,20,8474584.0
2018-2019,Michael Del Zotto,VAN,D,132.0,167.0,,142.0,124.0,179.0,121.0,113.0,127.0,47.0,49.0,8.0,,133.0,Third Pair,42,715.2,1,9,10,2.33,45.45,48.54,28,1990-06-24,CAN,CAN,72,195,2008,1,20,8474584.0
2018-2019,Michal Kempny,WSH,D,39.0,136.0,,20.0,27.0,186.0,49.0,52.0,107.0,98.0,216.0,126.0,,88.0,Second Pair,71,1362.2666666667,6,19,25,3.82,56.91,47.9,27,1990-09-08,CZE,CZE,73,192,-,-,-,8479482.0
2018-2019,Mike Green,DET,D,105.0,193.0,79.0,,209.0,158.0,84.0,30.0,94.0,78.0,211.0,128.0,,38.0,Second Pair,43,932.3,5,21,26,4.42,48.53,44.1,32,1985-10-12,CAN,CAN,73,210,2004,1,29,8471242.0
2018-2019,Mike Matheson,FLA,D,127.0,199.0,30.0,41.0,151.0,184.0,80.0,41.0,191.0,139.0,100.0,185.0,,58.0,First Pair,75,1673.85,8,19,27,5.32,42.31,47.11,24,1994-02-27,CAN,CAN,74,193,2012,1,23,8476875.0
2018-2019,Mike Reilly,MTL,D,81.0,217.0,88.0,,53.0,139.0,76.0,128.0,128.0,89.0,38.0,159.0,,165.0,Second Pair,57,1064.5166666667,3,8,11,4.89,53.75,52.8,25,1993-07-13,USA,USA,73,196,2011,4,98,8476422.0
2018-2019,Mikhail Sergachev,TBL,D,10.0,117.0,42.0,,25.0,77.0,29.0,34.0,6.0,11.0,137.0,104.0,,74.0,Third Pair,75,1344.25,6,26,32,6.71,57.01,53.54,20,1998-06-25,RUS,RUS,73,217,2016,1,9,8479410.0
2018-2019,Mirco Mueller,NJD,D,227.0,47.0,,8.0,199.0,38.0,228.0,219.0,213.0,226.0,46.0,127.0,,212.0,Second Pair,53,957.81666666667,1,10,11,1.33,44.64,49.96,23,1995-03-21,CHE,CHE,75,210,2013,1,18,8477509.0
2018-2019,Miro Heiskanen,DAL,D,46.0,206.0,67.0,66.0,77.0,69.0,40.0,21.0,104.0,86.0,24.0,230.0,,69.0,First Pair,82,1895.2833333333,12,21,33,11.01,49.57,51.81,19,1999-07-18,FIN,FIN,73,195,2017,1,3,8480036.0
2018-2019,Morgan Rielly,TOR,D,3.0,224.0,1.0,73.0,4.0,223.0,13.0,7.0,10.0,128.0,16.0,199.0,,10.0,First Pair,82,1896.0166666667,20,52,72,10.41,59.28,50.36,24,1994-03-09,CAN,CAN,73,222,2012,1,5,8476853.0
2018-2019,Nate Schmidt,VGK,D,113.0,37.0,28.0,31.0,47.0,94.0,149.0,95.0,166.0,111.0,43.0,205.0,,53.0,Second Pair,61,1339.0,9,21,30,6.53,55.88,52.88,27,1991-07-16,USA,USA,72,195,-,-,-,8477220.0
2018-2019,Nathan Beaulieu,BUF,D,155.0,133.0,,,204.0,95.0,107.0,109.0,115.0,132.0,23.0,110.0,,177.0,Third Pair,48,744.3,3,9,12,2.02,53.85,46.24,25,1992-12-05,CAN,CAN,74,200,2011,1,17,8476470.0
2018-2019,Nathan Beaulieu,WPG,D,155.0,133.0,,,204.0,95.0,107.0,109.0,115.0,132.0,23.0,110.0,,177.0,Third Pair,48,744.3,3,9,12,2.02,53.85,46.24,25,1992-12-05,CAN,CAN,74,200,2011,1,17,8476470.0
2018-2019,Neal Pionk,NYR,D,195.0,215.0,5.0,171.0,218.0,218.0,72.0,175.0,188.0,215.0,51.0,78.0,,67.0,Second Pair,73,1545.1,6,20,26,5.54,40.00,45.17,23,1995-07-29,USA,USA,72,185,-,-,-,8480145.0
2018-2019,Nick Holden,VGK,D,84.0,89.0,,36.0,44.0,82.0,151.0,91.0,108.0,108.0,80.0,62.0,,154.0,Second Pair,61,1115.8333333333,3,12,15,3.67,49.41,55.6,31,1987-05-15,CAN,CAN,76,210,-,-,-,8474207.0
2018-2019,Nick Jensen,DET,D,144.0,109.0,,106.0,163.0,58.0,144.0,191.0,81.0,127.0,19.0,157.0,,168.0,Second Pair,80,1588.1666666667,2,18,20,3.89,51.85,49.88,27,1990-09-21,USA,USA,73,205,2009,5,150,8475324.0
2018-2019,Nick Jensen,WSH,D,144.0,109.0,,106.0,163.0,58.0,144.0,191.0,81.0,127.0,19.0,157.0,,168.0,Second Pair,80,1588.1666666667,2,18,20,3.89,51.85,49.88,27,1990-09-21,USA,USA,73,205,2009,5,150,8475324.0
2018-2019,Nick Leddy,NYI,D,147.0,216.0,33.0,,166.0,210.0,194.0,99.0,82.0,177.0,37.0,167.0,,81.0,Second Pair,82,1767.1,4,22,26,6.95,52.10,44.93,27,1991-03-20,USA,USA,72,205,2009,1,16,8475181.0
2018-2019,Nick Seeler,MIN,D,203.0,1.0,,5.0,225.0,41.0,106.0,150.0,198.0,159.0,143.0,64.0,,197.0,Fringe,71,875.63333333333,2,5,7,2.49,45.76,48.83,25,1993-06-03,USA,USA,74,201,2011,5,131,8476372.0
2018-2019,Nikita Zadorov,COL,D,92.0,130.0,,81.0,155.0,70.0,103.0,32.0,100.0,146.0,231.0,4.0,,164.0,Third Pair,70,1204.2666666667,7,7,14,4.31,61.04,50.29,23,1995-04-16,RUS,RUS,78,248,2013,1,16,8477507.0
2018-2019,Nikita Zaitsev,TOR,D,172.0,184.0,,119.0,28.0,190.0,222.0,143.0,219.0,213.0,134.0,69.0,,131.0,Second Pair,81,1658.3666666667,3,11,14,2.53,48.60,49.7,26,1991-10-29,RUS,RUS,74,192,-,-,-,8479458.0
2018-2019,Niklas Hjalmarsson,ARI,D,229.0,5.0,,74.0,178.0,32.0,232.0,222.0,205.0,233.0,177.0,222.0,,142.0,Second Pair,82,1615.2666666667,0,10,10,2.74,45.05,53.15,31,1987-06-06,SWE,SWE,75,197,2005,4,108,8471769.0
2018-2019,Niklas Kronwall,DET,D,228.0,165.0,78.0,92.0,200.0,108.0,230.0,199.0,216.0,24.0,207.0,140.0,,140.0,Second Pair,79,1576.45,3,24,27,3.05,45.10,44.37,37,1981-01-12,SWE,SWE,72,194,2000,1,29,8468509.0
2018-2019,Noah Hanifin,CGY,D,41.0,181.0,69.0,99.0,11.0,112.0,128.0,96.0,51.0,41.0,67.0,155.0,,91.0,Second Pair,80,1661.8666666667,5,28,33,7.32,52.54,52.99,21,1997-01-25,USA,USA,75,207,2015,1,5,8478396.0
2018-2019,Oliver Ekman-Larsson,ARI,D,71.0,203.0,36.0,83.0,117.0,135.0,74.0,62.0,78.0,100.0,68.0,70.0,,45.0,First Pair,81,1914.7833333333,14,30,44,10.74,43.93,48.86,27,1991-07-17,SWE,SWE,74,200,2009,1,6,8475171.0
2018-2019,Oliver Kylington,CGY,D,188.0,84.0,,,207.0,54.0,225.0,15.0,143.0,15.0,150.0,221.0,,219.0,Fringe,38,472.03333333333,3,5,8,1.31,55.56,47.56,21,1997-05-19,SWE,SWE,72,183,2015,2,60,8478430.0
2018-2019,Olli Määttä,PIT,D,79.0,74.0,90.0,29.0,85.0,124.0,91.0,185.0,46.0,130.0,88.0,90.0,,95.0,Second Pair,60,1115.4,1,13,14,3.01,53.75,51.55,24,1994-08-22,FIN,FIN,74,207,2012,1,22,8476874.0
2018-2019,Oscar Fantenberg,CGY,D,213.0,45.0,,17.0,226.0,17.0,132.0,86.0,225.0,20.0,57.0,56.0,,203.0,Third Pair,61,976.0,2,2,4,2.55,51.79,50.8,26,1991-10-07,SWE,SWE,72,206,-,-,-,8480147.0
2018-2019,Oscar Fantenberg,LAK,D,213.0,45.0,,17.0,226.0,17.0,132.0,86.0,225.0,20.0,57.0,56.0,,203.0,Third Pair,61,976.0,2,2,4,2.55,51.79,50.8,26,1991-10-07,SWE,SWE,72,206,-,-,-,8480147.0
2018-2019,Oscar Klefbom,EDM,D,49.0,104.0,31.0,134.0,72.0,144.0,8.0,159.0,136.0,182.0,84.0,200.0,,24.0,First Pair,61,1462.7,5,23,28,8.11,40.00,49.48,25,1993-07-20,SWE,SWE,75,216,2011,1,19,8476472.0
2018-2019,P.K. Subban,NSH,D,16.0,186.0,43.0,108.0,59.0,101.0,21.0,22.0,19.0,131.0,138.0,153.0,,26.0,First Pair,63,1427.85,9,22,31,5.98,50.54,50.89,29,1989-05-13,CAN,CAN,72,210,2007,2,43,8474056.0
2018-2019,Patrik Nemeth,COL,D,185.0,28.0,,58.0,138.0,92.0,203.0,197.0,139.0,231.0,198.0,76.0,,155.0,Third Pair,74,1220.0333333333,1,9,10,2.28,48.57,49.86,26,1992-02-08,SWE,SWE,76,230,2010,2,41,8475747.0
2018-2019,Paul LaDue,LAK,D,161.0,69.0,,,164.0,28.0,119.0,43.0,221.0,160.0,12.0,35.0,,224.0,Third Pair,33,436.3,2,3,5,1.23,51.61,52.57,25,1992-09-06,USA,USA,75,205,2012,6,181,8476983.0
2018-2019,Radim Simek,SJS,D,149.0,38.0,,113.0,91.0,7.0,152.0,188.0,134.0,52.0,33.0,53.0,,214.0,Third Pair,41,623.86666666667,1,8,9,1.36,55.77,55.21,25,1992-09-20,CZE,CZE,72,204,-,-,-,8480160.0
2018-2019,Radko Gudas,PHI,D,30.0,54.0,,62.0,148.0,61.0,11.0,145.0,15.0,211.0,162.0,5.0,,78.0,Third Pair,77,1376.4,4,16,20,3.95,51.14,49.95,28,1990-06-05,CZE,CZE,72,208,2010,3,66,8475462.0
2018-2019,Rasmus Andersson,CGY,D,192.0,53.0,71.0,,181.0,14.0,89.0,214.0,207.0,40.0,5.0,177.0,,157.0,Third Pair,79,1267.1166666667,2,17,19,3.83,57.83,51.26,21,1996-10-27,SWE,SWE,73,202,2015,2,53,8478397.0
2018-2019,Rasmus Dahlin,BUF,D,104.0,180.0,21.0,,99.0,68.0,77.0,107.0,148.0,19.0,122.0,134.0,,47.0,Second Pair,82,1734.75,9,35,44,8.5,50.43,51.44,18,2000-04-13,SWE,SWE,75,202,2018,1,1,8480839.0
2018-2019,Rasmus Ristolainen,BUF,D,156.0,161.0,18.0,133.0,176.0,174.0,96.0,156.0,154.0,143.0,98.0,25.0,,27.0,First Pair,78,1922.0333333333,5,38,43,9.15,40.80,48.34,23,1994-10-27,FIN,FIN,76,221,2013,1,8,8477499.0
2018-2019,Robert Bortuzzo,STL,D,72.0,16.0,,67.0,78.0,15.0,69.0,102.0,89.0,54.0,218.0,52.0,,181.0,Third Pair,59,911.85,2,8,10,3.39,54.41,56.37,29,1989-03-18,CAN,CAN,76,216,2007,3,78,8474145.0
2018-2019,Robert Hagg,PHI,D,134.0,160.0,,150.0,203.0,221.0,138.0,100.0,62.0,200.0,185.0,6.0,,132.0,Third Pair,82,1389.5166666667,5,15,20,5.07,46.79,44.55,23,1995-02-08,SWE,SWE,74,210,2013,2,41,8477462.0
2018-2019,Roman Josi,NSH,D,7.0,110.0,35.0,101.0,33.0,133.0,3.0,18.0,7.0,97.0,69.0,187.0,,5.0,First Pair,82,2063.5666666667,15,41,56,17.05,52.38,50.3,28,1990-06-01,CHE,CHE,73,201,2008,2,38,8474600.0
2018-2019,Roman Polak,DAL,D,199.0,124.0,,88.0,136.0,161.0,197.0,193.0,193.0,230.0,222.0,19.0,,169.0,Second Pair,77,1475.95,1,8,9,3.84,50.65,46.54,32,1986-04-28,CZE,CZE,74,240,2004,6,180,8471392.0
2018-2019,Ron Hainsey,TOR,D,141.0,194.0,,120.0,19.0,216.0,220.0,181.0,163.0,192.0,109.0,149.0,,118.0,Second Pair,81,1640.7333333333,5,18,23,2.83,56.39,48.72,37,1981-03-24,USA,USA,75,201,2000,1,13,8468493.0
2018-2019,Ryan Ellis,NSH,D,54.0,30.0,52.0,48.0,46.0,81.0,108.0,39.0,79.0,85.0,7.0,191.0,,25.0,First Pair,82,1969.1666666667,7,34,41,9.7,54.03,51.33,27,1991-01-03,CAN,CAN,70,180,2009,1,11,8475176.0
2018-2019,Ryan Graves,COL,D,14.0,15.0,,2.0,36.0,222.0,30.0,1.0,155.0,45.0,104.0,43.0,,126.0,Fringe,26,288.7,3,2,5,1.04,56.52,45.29,23,1995-05-21,CAN,CAN,77,220,2013,4,110,8477435.0
2018-2019,Ryan McDonagh,TBL,D,59.0,82.0,,56.0,66.0,141.0,147.0,57.0,38.0,179.0,34.0,158.0,,32.0,First Pair,82,1811.2333333333,9,37,46,7.01,60.00,52.69,29,1989-06-13,USA,USA,73,215,2007,1,12,8474151.0
2018-2019,Ryan Murray,CBJ,D,140.0,43.0,,11.0,82.0,72.0,213.0,223.0,45.0,122.0,117.0,215.0,,94.0,Second Pair,56,1200.6,1,28,29,4.57,55.24,53.92,24,1993-09-27,CAN,CAN,73,206,2012,1,2,8476850.0
2018-2019,Ryan Pulock,NYI,D,47.0,115.0,74.0,96.0,114.0,140.0,20.0,93.0,50.0,209.0,52.0,72.0,,33.0,First Pair,82,1833.8166666667,9,28,37,10.27,60.19,51.42,23,1994-10-06,CAN,CAN,74,216,2013,1,15,8477506.0
2018-2019,Ryan Suter,MIN,D,98.0,64.0,64.0,132.0,43.0,42.0,193.0,174.0,65.0,71.0,153.0,182.0,,37.0,First Pair,82,2188.75,7,40,47,7.03,49.63,55.35,33,1985-01-21,USA,USA,73,205,2003,1,7,8470600.0
2018-2019,Sami Niku,WPG,D,232.0,187.0,,,230.0,203.0,224.0,146.0,228.0,12.0,11.0,224.0,,229.0,Third Pair,30,417.53333333333,1,3,4,1.03,50.00,39.38,21,1996-10-10,FIN,FIN,73,176,2015,7,198,8478915.0
2018-2019,Sami Vatanen,NJD,D,116.0,149.0,39.0,86.0,147.0,164.0,92.0,194.0,73.0,153.0,21.0,129.0,,52.0,Second Pair,50,1086.4166666667,4,13,17,4.82,42.86,49.04,27,1991-06-03,FIN,FIN,70,185,2009,4,106,8475222.0
2018-2019,Samuel Girard,COL,D,178.0,132.0,65.0,,171.0,115.0,172.0,121.0,151.0,17.0,1.0,179.0,,128.0,Second Pair,82,1631.1833333333,4,23,27,5.29,55.14,47.98,20,1998-05-12,CAN,CAN,70,170,2016,2,47,8479398.0
2018-2019,Scott Harrington,CBJ,D,170.0,50.0,,15.0,185.0,172.0,173.0,97.0,114.0,55.0,130.0,103.0,,205.0,Third Pair,73,952.48333333333,2,15,17,3.12,51.47,48.17,25,1993-03-10,CAN,CAN,74,204,2011,2,54,8476449.0
2018-2019,Scott Mayfield,NYI,D,76.0,118.0,,155.0,108.0,114.0,85.0,110.0,74.0,174.0,152.0,67.0,,103.0,Second Pair,79,1480.0166666667,4,15,19,4.75,56.79,52.24,25,1992-10-14,USA,USA,77,220,2011,2,34,8476429.0
2018-2019,Sean Walker,LAK,D,74.0,131.0,,,152.0,178.0,78.0,82.0,47.0,151.0,33.0,116.0,,147.0,Third Pair,39,601.83333333333,3,7,10,2.31,42.59,50.37,23,1994-11-13,CAN,CAN,71,195,-,-,-,8480336.0
2018-2019,Seth Jones,CBJ,D,24.0,68.0,61.0,51.0,57.0,96.0,18.0,40.0,55.0,38.0,42.0,154.0,,14.0,First Pair,75,1936.7,9,37,46,10.59,49.64,50.5,23,1994-10-03,USA,USA,76,213,2013,1,4,8477495.0
2018-2019,Shayne Gostisbehere,PHI,D,83.0,85.0,4.0,,125.0,71.0,51.0,87.0,99.0,30.0,3.0,198.0,,21.0,Second Pair,78,1533.4166666667,9,28,37,9.43,42.00,49.7,25,1993-04-20,USA,USA,71,180,2012,3,78,8476906.0
2018-2019,Shea Theodore,VGK,D,17.0,70.0,14.0,,22.0,80.0,19.0,48.0,34.0,58.0,39.0,225.0,,43.0,Second Pair,79,1587.3666666667,12,25,37,10.11,47.96,56.99,23,1995-08-03,CAN,CAN,74,197,2013,1,26,8477447.0
2018-2019,Shea Weber,MTL,D,6.0,125.0,46.0,129.0,8.0,84.0,12.0,5.0,12.0,158.0,164.0,44.0,,9.0,First Pair,58,1360.4333333333,14,19,33,7.11,56.58,54.24,33,1985-08-14,CAN,CAN,76,230,2003,2,49,8470642.0
2018-2019,Slater Koekkoek,CHI,D,52.0,76.0,,151.0,76.0,167.0,61.0,17.0,106.0,79.0,204.0,57.0,,175.0,Third Pair,31,490.78333333333,2,4,6,1.3,55.56,49.72,24,1994-02-18,CAN,CAN,74,193,2012,1,10,8476886.0
2018-2019,Slater Koekkoek,TBL,D,52.0,76.0,,151.0,76.0,167.0,61.0,17.0,106.0,79.0,204.0,57.0,,175.0,Third Pair,31,490.78333333333,2,4,6,1.3,55.56,49.72,24,1994-02-18,CAN,CAN,74,193,2012,1,10,8476886.0
2018-2019,Steven Kampfer,BOS,D,167.0,10.0,89.0,,112.0,22.0,124.0,53.0,229.0,16.0,220.0,80.0,,201.0,Third Pair,35,511.9,3,3,6,1.95,39.39,53.7,29,1988-09-24,USA,USA,71,198,2007,4,93,8474000.0
2018-2019,Steven Santini,NJD,D,230.0,51.0,,13.0,233.0,85.0,146.0,153.0,212.0,221.0,133.0,23.0,,176.0,Third Pair,39,649.6,1,3,4,1.78,45.00,44.32,23,1995-03-07,USA,USA,74,209,2013,2,42,8477463.0
2018-2019,TJ Brodie,CGY,D,128.0,111.0,91.0,110.0,74.0,50.0,191.0,155.0,98.0,103.0,20.0,232.0,,86.0,Second Pair,79,1696.2166666667,9,25,34,5.58,57.63,53.52,28,1990-06-07,CAN,CAN,74,187,2008,4,114,8474673.0
2018-2019,Taylor Fedun,DAL,D,45.0,42.0,,22.0,71.0,10.0,22.0,36.0,124.0,155.0,173.0,218.0,,162.0,Third Pair,54,748.3,4,7,11,2.68,51.35,56.41,30,1988-06-04,CAN,CAN,73,200,-,-,-,8476166.0
2018-2019,Thomas Chabot,OTT,D,19.0,204.0,77.0,,48.0,220.0,32.0,6.0,56.0,51.0,45.0,171.0,,18.0,First Pair,70,1700.2166666667,14,41,55,10.0,48.45,50.5,21,1997-01-30,CAN,CAN,74,195,2015,1,18,8478469.0
2018-2019,Thomas Hickey,NYI,D,146.0,178.0,,125.0,118.0,171.0,135.0,184.0,135.0,202.0,161.0,132.0,,141.0,Second Pair,40,740.2,0,4,4,1.73,53.66,49.68,29,1989-02-08,CAN,CAN,72,185,2007,1,4,8474066.0
2018-2019,Tim Heed,SJS,D,40.0,62.0,48.0,,39.0,31.0,130.0,154.0,8.0,29.0,200.0,213.0,,127.0,Third Pair,37,531.63333333333,2,11,13,1.82,64.44,51.98,27,1991-01-27,SWE,SWE,72,180,2010,5,132,8475841.0
2018-2019,Tony DeAngelo,NYR,D,53.0,226.0,44.0,,56.0,227.0,34.0,104.0,101.0,123.0,125.0,152.0,,62.0,Second Pair,61,1178.9833333333,4,26,30,4.83,54.35,48.05,22,1995-10-24,USA,USA,71,180,2014,1,19,8477950.0
2018-2019,Torey Krug,BOS,D,28.0,87.0,3.0,,60.0,18.0,37.0,76.0,36.0,2.0,28.0,165.0,,16.0,Second Pair,64,1363.2166666667,6,47,53,7.72,58.11,54.06,27,1991-04-12,USA,USA,69,194,-,-,-,8476792.0
2018-2019,Travis Dermott,TOR,D,44.0,171.0,,145.0,21.0,52.0,38.0,88.0,126.0,48.0,25.0,81.0,,144.0,Third Pair,64,1107.6333333333,4,13,17,3.71,50.59,51.12,21,1996-12-22,CAN,CAN,72,202,2015,2,34,8478408.0
2018-2019,Travis Hamonic,CGY,D,38.0,55.0,,69.0,18.0,131.0,43.0,75.0,121.0,70.0,94.0,170.0,,72.0,Second Pair,69,1439.7333333333,7,12,19,4.94,53.45,55.43,28,1990-08-16,CAN,CAN,73,200,2008,2,53,8474612.0
2018-2019,Travis Sanheim,PHI,D,57.0,92.0,84.0,,107.0,51.0,114.0,65.0,21.0,84.0,81.0,203.0,,92.0,Second Pair,82,1602.7,9,26,35,6.57,50.00,51.46,22,1996-03-29,CAN,CAN,75,181,2014,1,17,8477948.0
2018-2019,Trevor Daley,DET,D,204.0,227.0,,173.0,208.0,232.0,179.0,112.0,204.0,196.0,116.0,228.0,,158.0,Second Pair,44,816.61666666667,2,6,8,2.74,44.64,39.19,34,1983-10-09,CAN,CAN,71,199,2002,2,43,8470110.0
2018-2019,Trevor van Riemsdyk,CAR,D,35.0,18.0,,9.0,20.0,37.0,58.0,98.0,80.0,44.0,58.0,212.0,,167.0,Third Pair,78,1174.5666666667,3,11,14,4.11,45.00,57.32,27,1991-07-24,USA,USA,75,191,-,-,-,8477845.0
2018-2019,Troy Stecher,VAN,D,153.0,145.0,95.0,21.0,168.0,155.0,143.0,216.0,60.0,104.0,2.0,130.0,,146.0,Second Pair,78,1553.5166666667,2,21,23,3.99,52.63,48.26,24,1994-04-07,CAN,CAN,70,184,-,-,-,8479442.0
2018-2019,Tyler Myers,WPG,D,70.0,183.0,20.0,163.0,130.0,145.0,31.0,54.0,109.0,99.0,214.0,151.0,,66.0,Second Pair,80,1627.75,9,22,31,8.04,48.18,48.0,28,1990-02-01,USA,CAN,80,229,2008,1,12,8474574.0
2018-2019,Tyson Barrie,COL,D,9.0,142.0,34.0,,90.0,143.0,9.0,8.0,4.0,4.0,103.0,202.0,,11.0,Second Pair,78,1698.5333333333,14,45,59,11.11,53.10,52.07,27,1991-07-26,CAN,CAN,71,197,2009,3,64,8475197.0
2018-2019,Victor Hedman,TBL,D,12.0,105.0,9.0,35.0,40.0,87.0,10.0,4.0,48.0,42.0,176.0,145.0,,7.0,First Pair,70,1593.9333333333,12,42,54,10.3,56.73,53.56,27,1990-12-18,SWE,SWE,79,244,2009,1,2,8475167.0
2018-2019,Victor Mete,MTL,D,139.0,154.0,,167.0,16.0,93.0,214.0,224.0,146.0,107.0,10.0,233.0,,199.0,Third Pair,71,1261.8833333333,0,13,13,4.81,58.14,54.66,20,1998-06-07,CAN,CAN,69,187,2016,4,100,8479376.0
2018-2019,Vince Dunn,STL,D,15.0,91.0,49.0,,13.0,26.0,42.0,20.0,28.0,5.0,147.0,195.0,,77.0,Third Pair,78,1366.5833333333,12,23,35,7.71,58.24,58.37,21,1996-10-29,CAN,CAN,72,200,2015,2,56,8478407.0
2018-2019,Will Butcher,NJD,D,151.0,88.0,53.0,,79.0,43.0,187.0,170.0,147.0,64.0,70.0,219.0,,107.0,Second Pair,78,1503.4166666667,4,26,30,6.05,47.71,52.35,23,1995-01-06,USA,USA,70,195,2013,5,123,8477355.0
2018-2019,Yannick Weber,NSH,D,136.0,103.0,,,184.0,53.0,87.0,141.0,117.0,9.0,182.0,85.0,,231.0,Fringe,62,738.61666666667,2,6,8,2.05,58.33,52.13,29,1988-09-23,CHE,CHE,71,200,2007,3,73,8474134.0
2018-2019,Zach Bogosian,BUF,D,164.0,123.0,,136.0,137.0,151.0,157.0,195.0,119.0,149.0,213.0,136.0,,96.0,Second Pair,65,1405.7333333333,3,16,19,3.48,48.54,48.01,28,1990-07-15,USA,USA,74,222,2008,1,3,8474567.0
2018-2019,Zach Werenski,CBJ,D,25.0,137.0,55.0,26.0,58.0,128.0,33.0,16.0,77.0,21.0,22.0,194.0,,36.0,First Pair,82,1877.7666666667,11,33,44,9.56,48.92,49.08,21,1997-07-19,USA,USA,74,213,2015,1,8,8478460.0
2018-2019,Zdeno Chara,BOS,D,66.0,61.0,,105.0,50.0,46.0,73.0,61.0,145.0,157.0,192.0,115.0,,87.0,Second Pair,62,1306.8166666667,5,9,14,5.15,56.04,53.53,41,1977-03-18,SVK,SVK,81,250,1996,3,56,8465009.0
