Season,Team,Team Abbreviation,Games Played,Wins,Losses,Overtime/Shootout Losses,Regulation Wins,Regulation/Overtime Wins,Points,Point %,Goals For,Goals Against,Goal Differential,GF,GA,xGF,xGA,SF,SA,SV%,EV_GF,EV_GA,EV_xGF,EV_xGA,EV_GF%,EV_xGF%,EV_SF%,EV_CF%,EV_FF%,EV_SH%,EV_SV%,PP_GF,PK_GA,SRS Rank History,Elo History,League Rank,Conference Rank,Division Rank,GAx,GSAx,gf_rank,ga_rank,xgf_rank,xga_rank,pp_rank,pk_rank,sf_rank,sa_rank,fn_rank,gt_rank
2019-2020,Boston Bruins,BOS,70,44,14,12,38,44,100,0.714,227,174,53,227,167,196.07,176.12,2247,2103,92.06,1.41,1.05,1.2243000000000002,1.1362,0.5732,0.5186999999999999,0.5171,0.5085000000000001,0.5092,0.08310000000000001,0.9338,51,33,"[15.0, 9.0, 4.0, 3.0, 1.0]","[1500.0, 1508.7411982555896, 1517.0458927405984, 1526.175371714127, 1514.415276690357, 1525.7970531798096, 1537.5694657765216, 1532.1871998699428, 1525.9352370507663, 1536.8927582918816, 1549.5017047335089, 1563.03714270239, 1573.5833472070417, 1582.4514229916208, 1591.9543867299762, 1582.508569906327, 1562.3782918216036, 1556.2576373335671, 1550.193120259102, 1561.5693259074142, 1556.7894374579116, 1570.004263344018, 1574.7559370768035, 1578.3007473564423, 1595.7083061625074, 1601.849310411612, 1605.3791392520927, 1611.7139296713844, 1619.4488778046823, 1608.3253078120206, 1590.0267872249656, 1569.049032723907, 1561.8341547716825, 1553.4144552426085, 1564.954715563141, 1555.0471039368808, 1549.8143528158494, 1541.5913762094092, 1560.4037675835405, 1572.4243473106603, 1576.9671972509273, 1569.717607437991, 1561.2038562387656, 1537.9706428493364, 1554.4682202892072, 1560.5580816597983, 1566.7713714532558, 1561.2919949184186, 1545.7262605524247, 1561.5268771411145, 1554.2702063875895, 1559.7469203909611, 1565.9661329453666, 1582.1444574205548, 1596.9217983946785, 1602.1142042803838, 1608.7836409449665, 1583.7919875148616, 1593.8184379662855, 1597.6117610317976, 1608.914661711719, 1614.1666059426334, 1619.510464292817, 1593.2882768005777, 1570.7071027998572, 1577.3820784086054, 1591.5009708819243, 1600.17737252121, 1604.1517517408329, 1589.8330763904548, 1605.4338138947458]",1,1,1,30.930000000000007,9.120000000000005,17,1,28,2,3,8,10,8,9,5
2019-2020,St. Louis Blues,STL,71,42,19,10,33,40,94,0.662,225,193,32,223,190,190.2,196.11,2180,2103,90.97,1.49,1.19,1.3092,1.3082,0.556,0.5002,0.5167,0.508,0.5077,0.0858,0.9268000000000001,46,36,"[9.0, 12.0, 16.0, 12.0, 5.0]","[1500.0, 1492.8684017444104, 1500.1804691214534, 1509.5186669532534, 1521.74073510353, 1505.7089243009625, 1499.3029805616798, 1494.9715858975385, 1478.5366886525196, 1494.1494227807843, 1507.5508860079897, 1494.9419395663624, 1500.3187511775045, 1506.5512081163783, 1511.1124977822628, 1516.6755490985745, 1524.97121494307, 1541.2190718164948, 1547.506260066836, 1542.002904501009, 1533.3462094100923, 1512.9125563487837, 1524.635819053863, 1537.517469192327, 1520.4136183511737, 1516.0509823133257, 1525.5258294274513, 1540.672583627279, 1553.9728316816595, 1568.7202206222314, 1551.679702528627, 1530.7042689800508, 1513.8590456243214, 1524.598841943651, 1530.1096225232288, 1547.9084236025642, 1553.16653176828, 1564.4627987288084, 1575.9263655657878, 1581.2157669321964, 1591.387761294198, 1574.5985472906764, 1556.4542714164236, 1549.8398653363683, 1554.6238294723655, 1565.2348275564154, 1576.1239791424991, 1582.7019170823185, 1573.1120331558218, 1560.0646218349552, 1547.5448547662131, 1550.4984866792972, 1537.088336886044, 1518.746738679456, 1533.8428872239651, 1517.1924873412097, 1509.8345616236172, 1503.7718066652044, 1494.5005802531152, 1487.1241086402597, 1499.7153511639162, 1506.4326379279405, 1527.3191920808242, 1543.6211255080343, 1549.228690500092, 1553.725768742951, 1556.4156118181238, 1570.104016509136, 1553.733637924265, 1565.3634689088724, 1554.3488547887232, 1563.339352453853]",2,1,1,32.80000000000001,6.110000000000014,13,4,25,11,7,10,21,4,8,6
2019-2020,Colorado Avalanche,COL,70,42,20,8,37,41,92,0.657,237,191,46,236,190,196.22,184.74,2257,2194,91.34,1.62,1.15,1.3111000000000002,1.2207,0.5848,0.5179,0.5136999999999999,0.516,0.5142,0.09119999999999999,0.9316,43,37,"[21.0, 30.0, 10.0, 15.0, 3.0]","[1500.0, 1511.5900106385327, 1522.1260728243735, 1533.8861678481442, 1538.789375905041, 1553.9857727680658, 1547.6102682699698, 1553.158677369874, 1570.3093688714282, 1554.6966347431637, 1573.073122845814, 1552.849302694641, 1544.3278364276712, 1533.6167487788498, 1519.204296179402, 1504.1527503544337, 1523.9132413417965, 1532.3721087392278, 1549.0028530604334, 1531.0825220343293, 1537.474544388295, 1544.1107083038248, 1534.779130136244, 1518.328913898512, 1533.2091821536487, 1548.7796078795095, 1561.684812712195, 1572.1271639219706, 1578.2252143901508, 1596.5237349772058, 1586.1861327321403, 1595.866439153623, 1600.7448271211904, 1582.946026041855, 1593.6822969747486, 1578.6723178078605, 1560.2016590323374, 1576.4791093797255, 1559.8537194314165, 1555.2438284553127, 1535.0214043586786, 1553.1656802329314, 1564.7104563595808, 1555.900206622802, 1540.665219363636, 1533.997278123156, 1527.2504058530274, 1539.0507135293894, 1552.098124850256, 1557.0493884381112, 1540.335616311548, 1555.1908108525224, 1565.247289717752, 1574.5227496562648, 1581.5893542368492, 1587.9276708008522, 1577.724786111222, 1556.2356748963557, 1551.7043551406412, 1561.044325146724, 1566.286387554678, 1566.9873006898583, 1572.0910908913238, 1579.593971686758, 1586.1200077278904, 1588.5020134062677, 1576.583638232035, 1557.30066523566, 1563.4231676561317, 1547.9856534892465, 1553.5641002370498]",3,2,2,39.78,-5.259999999999991,1,3,24,6,11,14,9,17,3,11
2019-2020,Tampa Bay Lightning,TBL,70,43,21,6,35,41,92,0.657,245,195,50,243,194,202.94,185.0,2176,2165,91.04,1.62,1.22,1.3618000000000001,1.1757,0.5704,0.5367000000000001,0.5053,0.5225,0.5157,0.0971,0.9253,46,42,"[8.0, 15.0, 3.0, 1.0, 2.0]","[1500.0, 1514.067449024315, 1505.9512625351424, 1500.3256560733696, 1519.858128017642, 1505.7040481190045, 1519.2352107076883, 1524.6174766142672, 1507.466785112713, 1514.9715274953423, 1508.320589128972, 1492.432314449153, 1498.492587990702, 1486.574962123809, 1495.9385451652058, 1507.696088646582, 1525.8684509222708, 1516.0868715062063, 1504.363608801127, 1518.275781562213, 1531.3837313032457, 1542.8091455679987, 1533.334298453873, 1528.2472478058094, 1518.7662006114126, 1524.8786611169076, 1515.9278001139903, 1532.608584012528, 1513.7718718638364, 1522.720766658798, 1531.140466187872, 1516.9980264887113, 1521.4647867229105, 1514.826129289743, 1505.945819133525, 1525.1691999248897, 1532.3489085596584, 1535.4215342374002, 1545.6504524970494, 1553.0265322844205, 1562.4106564491196, 1575.689641867607, 1592.332107108091, 1604.9375711735067, 1610.750330122361, 1591.9492373338155, 1591.2196865149906, 1580.315425465672, 1597.3510795277618, 1589.253700478058, 1596.7478192330802, 1601.291711582921, 1610.029340164548, 1617.4894891462177, 1627.094413882428, 1634.3557566959037, 1639.9657755483188, 1645.2212007910537, 1652.1163955967409, 1659.7644511679905, 1664.295770923705, 1646.279592315637, 1619.7110109609205, 1607.8832819332604, 1583.8845670555388, 1589.1220443262637, 1580.445642686978, 1591.5282010160447, 1605.8468763664223, 1595.1178184675064, 1585.3631926465998]",4,2,2,40.06,-9.0,1,5,11,3,5,25,19,12,2,13
2019-2020,Washington Capitals,WSH,69,41,20,8,31,37,90,0.652,240,215,25,236,212,209.78,194.14,2208,2084,89.83,1.56,1.42,1.3540999999999999,1.3075,0.5235,0.5088,0.5067,0.516,0.5133,0.09359999999999999,0.9125,36,39,"[1.0, 1.0, 13.0, 7.0, 7.0]","[1500.0, 1507.1315982555896, 1515.678824060872, 1508.2142567232931, 1500.2613541391263, 1493.2090744987909, 1509.2816842954976, 1494.0852874324728, 1502.1644153115228, 1515.7582223394245, 1528.7202834741724, 1541.0663686130445, 1535.039609802563, 1539.8877464893026, 1545.9322695472645, 1562.3527480547384, 1571.3962724022444, 1577.2118509739132, 1587.824247097772, 1581.0297566814186, 1584.244320256329, 1564.41808937026, 1569.1979778197626, 1579.2136986955509, 1559.899300575678, 1553.3284559399945, 1559.364797708151, 1564.451848356215, 1571.9676240744964, 1585.4037819672053, 1593.6829083431005, 1599.3180825814525, 1574.3332119368442, 1581.548089889069, 1595.6905295882295, 1574.0864913240998, 1583.4087127572554, 1592.2890229134734, 1573.4766315393422, 1577.7267565019952, 1564.370738410507, 1554.532995161097, 1563.4154914404753, 1566.4576350035074, 1576.4886580975, 1566.4688269345, 1539.1180150703974, 1551.7080830575217, 1561.3355201820384, 1572.6133623655012, 1582.426773170973, 1570.5895267693925, 1578.8792997353, 1569.5902633837063, 1575.6268320199736, 1550.5337157096628, 1534.769523517515, 1544.972408207145, 1529.5603462273302, 1521.7127413388696, 1512.926959317591, 1503.9082043099418, 1517.2068329775627, 1519.764990697251, 1504.3763711625706, 1514.079632765891, 1501.937279813289, 1497.1619052526607, 1514.5504657386182, 1508.8089996269723]",5,3,1,26.22,-17.860000000000014,4,20,9,14,18,17,11,9,11,20
2019-2020,Philadelphia Flyers,PHI,69,41,21,7,31,36,89,0.645,232,196,36,227,191,188.75,179.62,2167,1977,90.34,1.53,1.34,1.3007,1.2618,0.5331,0.5075999999999999,0.5125,0.5102,0.5088,0.09210000000000002,0.9152,45,36,"[16.0, 21.0, 17.0, 23.0, 4.0]","[1500.0, 1507.3548017444105, 1521.5812381851615, 1517.7697596154455, 1504.1931959826154, 1491.7773903667178, 1472.2076226745498, 1491.9329345069368, 1508.0265033788212, 1521.055369351163, 1509.8835671498307, 1492.2856327961713, 1495.7967818385837, 1490.8311659954854, 1506.472432250285, 1512.723381165222, 1517.5639212094277, 1523.6845756974642, 1520.4700121225535, 1511.9329007828658, 1508.882531480027, 1495.197435534666, 1510.1293484175346, 1503.2678805144385, 1510.6714457477688, 1518.325661773792, 1527.5572921165954, 1533.0966312095309, 1548.0561634645371, 1533.1283063921994, 1538.8175857921472, 1529.1372793706644, 1514.0590127565142, 1498.734841086891, 1511.1224072501436, 1526.8213247396725, 1529.9943587469847, 1543.6547436830504, 1518.00610256896, 1523.2334071977082, 1508.3088463020115, 1501.1654761487691, 1485.2385607866245, 1480.7855282073306, 1490.8053593703307, 1484.9926004214765, 1490.4719769563137, 1500.0618608828104, 1480.884215144084, 1492.9094319496392, 1511.1942168942105, 1506.520522634626, 1523.2342947611892, 1530.042056524476, 1503.0682539082622, 1528.161370218573, 1542.3730388880388, 1529.8477362292426, 1548.573134382038, 1540.9250788107884, 1556.6515506443675, 1562.9148732769784, 1572.5670836372535, 1578.98553215251, 1593.1683033752847, 1605.831781149811, 1617.9741341024128, 1627.124038923075, 1632.0095368103707, 1616.4087993060798]",6,4,2,38.25,-11.379999999999995,7,8,22,10,6,12,16,1,4,14
2019-2020,Pittsburgh Penguins,PIT,69,40,23,6,29,37,86,0.623,224,196,28,221,196,201.9,176.1,2205,2051,90.44,1.51,1.38,1.3167,1.2217,0.5225,0.5186999999999999,0.5153,0.5085999999999999,0.5139,0.08710000000000001,0.9154000000000001,36,30,"[2.0, 4.0, 12.0, 5.0, 8.0]","[1500.0, 1486.2252465400852, 1503.268635605739, 1485.2996354899567, 1493.9113773334764, 1509.007192710694, 1529.9311545074193, 1536.3066590055153, 1544.396605538339, 1526.3965737644544, 1513.086102605834, 1505.581360223205, 1520.6212224196806, 1538.21915677334, 1530.464137807314, 1520.9611740689586, 1529.4499635358718, 1530.8095153419058, 1524.2309432372367, 1514.452744072448, 1529.6558764506449, 1523.7825015546357, 1519.5124055845172, 1529.9531424597078, 1533.661797419502, 1543.7871452304785, 1525.4112693415225, 1512.1110212871415, 1529.1515393807458, 1541.0422399158142, 1547.4696526691405, 1526.8814612469898, 1531.109649955557, 1532.0452782315326, 1547.049438608983, 1559.299627787431, 1540.4040469666072, 1556.283950374337, 1565.942182893882, 1575.4714046850784, 1564.344729366093, 1569.503056040693, 1550.0782080868032, 1558.2774913637058, 1564.945432604186, 1568.1598485201005, 1579.1113853742822, 1563.3107687855925, 1565.2285301553015, 1572.4852009088263, 1554.200415964255, 1558.8741102238396, 1568.163146575433, 1558.5582218392228, 1566.7753193301558, 1561.5198940874209, 1572.079008186288, 1576.7756528768195, 1587.8044349798597, 1566.8977187265482, 1543.71811371681, 1530.419485049189, 1519.6009973356358, 1509.511483129318, 1487.232549024662, 1498.6616515178098, 1509.9604361832348, 1492.5718756972774, 1474.6542653778342, 1492.41759742832]",7,5,3,19.099999999999994,-19.900000000000006,9,12,17,7,18,4,12,6,15,22
2019-2020,Vegas Golden Knights,VGK,71,39,24,8,30,36,86,0.606,227,211,16,224,209,224.15,190.66,2452,2083,89.97,1.5,1.44,1.6388,1.2776,0.5102,0.5619,0.5442,0.5476,0.5498,0.07690000000000001,0.9118,40,46,"[None, None, 5.0, 14.0, 9.0]","[1500.0, 1514.067449024315, 1531.2414698849432, 1522.1119909114143, 1506.0789968462748, 1521.551047744237, 1536.976426509263, 1518.459203734683, 1519.962975356067, 1537.9630071299518, 1518.2376952975649, 1522.1088008383583, 1503.732312735708, 1518.9842846566692, 1512.0407836859508, 1503.734794340667, 1510.7597792586846, 1504.8947882243572, 1494.2823921004983, 1484.5753936706956, 1470.2870823800974, 1461.9245100521962, 1481.211611226945, 1492.1905691622471, 1484.6067387467558, 1472.1988094559408, 1464.2814231235775, 1471.8885620367091, 1476.6712324776165, 1495.7038355325533, 1502.5094277381984, 1497.693551196628, 1477.3656275825908, 1493.2451410612762, 1482.5053447419466, 1491.3438620190266, 1505.2707513011983, 1512.7390768147238, 1505.6293332787448, 1516.3309729953762, 1500.0535226479878, 1490.8920060326668, 1505.4609699554208, 1516.3093860847816, 1523.452756238024, 1530.0671623180792, 1521.8678790411766, 1500.293068469225, 1484.4134296440548, 1471.122816603097, 1482.2638667705407, 1478.8449149065618, 1473.3682009031902, 1484.0894174455614, 1500.8541233276328, 1493.393974345963, 1518.373891458273, 1514.005137653444, 1497.625616740048, 1503.688371698461, 1511.243023271996, 1519.0906281604566, 1537.1068067685246, 1547.520409298574, 1551.4341953229832, 1563.766980694499, 1571.7445335711195, 1547.3673577244488, 1557.8447411880009, 1539.2976656599974, 1552.3339539059334, 1559.1926481018293]",8,3,1,-0.15000000000000568,-18.340000000000003,11,17,1,8,14,26,1,2,22,19
2019-2020,Edmonton Oilers,EDM,71,37,25,9,31,35,83,0.585,225,217,8,223,215,197.35,206.01,2100,2274,90.55,1.41,1.57,1.3443,1.4228,0.4732,0.4858,0.48310000000000003,0.47869999999999996,0.48340000000000005,0.0843,0.9123,54,28,"[28.0, 6.0, 21.0, 24.0, 15.0]","[1500.0, 1507.3548017444105, 1514.5151444611136, 1530.7723392525231, 1536.1995263345611, 1552.446143131832, 1537.5324198937865, 1549.948225509684, 1555.3328162088835, 1549.711046499522, 1530.23161287095, 1536.2583716814315, 1515.070890866666, 1499.3686851556238, 1514.7892654714394, 1522.5442844374654, 1515.905576501034, 1499.6577196276091, 1512.891094627954, 1531.165547990102, 1513.1761835274683, 1531.096514553573, 1524.08750473151, 1539.0582987326093, 1516.7891687646832, 1529.197098055498, 1534.1492703298572, 1519.2690020747204, 1500.8862630633378, 1509.7657748279598, 1489.7348988316187, 1495.781838214472, 1487.9614595887165, 1473.0405311341976, 1466.46218164826, 1451.36096682764, 1462.8565142410068, 1457.598406075291, 1445.348216896843, 1454.406641724348, 1444.164469163095, 1427.706609871745, 1442.4942938177708, 1436.6651921395112, 1459.8984055289404, 1479.3640604899292, 1492.4045554438749, 1485.2694877963168, 1497.787282791799, 1514.020665205809, 1508.1458470305856, 1521.5559968238388, 1539.6233311096737, 1521.4394975317773, 1500.291271294928, 1507.2068817151332, 1518.5293202656424, 1511.6341254599552, 1528.2529631891475, 1535.582099580344, 1530.3301553494296, 1515.4352769000218, 1525.1646943454837, 1516.3675673783378, 1504.0347820068223, 1511.5378350727196, 1530.5125416558178, 1537.769786903812, 1529.6263899395587, 1541.9928139660308, 1535.134119770135, 1521.5970363131078]",9,4,2,25.650000000000006,-8.990000000000009,18,26,18,23,1,2,29,20,12,12
2019-2020,Dallas Stars,DAL,69,37,24,8,26,35,82,0.594,180,177,3,178,174,198.45,185.7,2115,2177,92.01,1.08,1.1,1.3341999999999998,1.1999,0.4954,0.5265,0.4974,0.49479999999999996,0.494,0.0665,0.9329999999999999,40,41,"[3.0, 26.0, 14.0, 17.0, 16.0]","[1500.0, 1491.2588017444104, 1483.9467343673675, 1477.3821441367552, 1485.3350467209218, 1480.759038791576, 1464.6864289948694, 1452.3645669900925, 1445.6698349167532, 1437.5798883839295, 1457.1496560760977, 1464.2482584701634, 1472.9988503607997, 1457.9589881643235, 1472.713229551081, 1483.4243171999024, 1500.0895738791892, 1515.1411197041575, 1508.6909928669647, 1522.2077965058463, 1535.733643678166, 1542.7426535002285, 1557.1627440452942, 1566.7039089198863, 1567.8217581398872, 1575.7391444722502, 1557.2564235587686, 1542.109669358941, 1537.725888797216, 1521.2384835496027, 1527.545812960686, 1539.850984744263, 1546.442861611561, 1537.604344334481, 1551.6924090058187, 1540.1968615924518, 1546.835519025619, 1530.6140859469438, 1508.6376048002496, 1513.2474957763534, 1525.8678228491126, 1536.3426084186674, 1542.5017213190004, 1548.481373942777, 1558.8794775381114, 1548.596107843228, 1555.3429801133566, 1533.5147455533147, 1510.0980272708146, 1518.1954063205185, 1505.5213961572458, 1510.8772092181075, 1524.2756353463749, 1517.8276098806234, 1508.6609262171844, 1516.0188519347766, 1531.320653193347, 1540.098267138958, 1545.6137816681223, 1535.6448057414102, 1541.6171094478725, 1520.7305552949886, 1527.0411168267158, 1544.6180656248189, 1537.9430900160703, 1535.2532469408975, 1527.9960016929035, 1513.4661702021383, 1503.665814770217, 1490.9609846378326]",10,5,3,-20.44999999999999,11.699999999999989,30,2,13,5,12,24,23,18,29,3
2019-2020,Toronto Maple Leafs,TOR,70,36,25,9,28,35,81,0.579,238,227,11,237,222,207.85,195.51,2302,2234,90.06,1.58,1.57,1.4642,1.3966999999999998,0.5015999999999999,0.5118,0.5095000000000001,0.5203,0.5133,0.0857,0.9115000000000001,39,37,"[29.0, 14.0, 6.0, 4.0, 11.0]","[1500.0, 1511.5900106385327, 1527.7071137298756, 1521.9735182287006, 1512.6353203969006, 1493.1028484526282, 1511.2525329309124, 1520.871664780387, 1512.792536901337, 1519.0444997205132, 1510.6641189043123, 1499.7065976631975, 1513.34370746791, 1498.1875154163597, 1492.1429923583978, 1497.108608201496, 1506.130810021465, 1511.9958010557928, 1507.155261011587, 1498.6265755809254, 1493.0433468834892, 1481.667141235177, 1466.4640088569802, 1455.485050921678, 1473.0546007535092, 1489.5048169912411, 1504.5078110332424, 1490.9074849643184, 1496.157628866671, 1481.1980966116646, 1470.755745401889, 1491.7311789504656, 1509.624826405618, 1497.8384374451057, 1512.9396522657255, 1523.8964078448817, 1538.95894416666, 1545.2087774494084, 1557.5874082052308, 1561.4670573963251, 1552.4842224367153, 1567.165227738187, 1580.9172395295527, 1592.1725425333811, 1572.7068875723924, 1565.781254790926, 1548.0843746956025, 1558.300662049069, 1551.651358010347, 1529.6765669375534, 1544.0462322024466, 1556.720242365719, 1559.4633689198336, 1545.5330392670735, 1531.4833594211343, 1534.936544397931, 1528.3082457025082, 1532.6562150822765, 1523.878601136665, 1532.6612190724811, 1513.757229507042, 1502.7284474040018, 1523.6351636573131, 1507.084909733347, 1518.9126387610072, 1532.1625027648054, 1543.056899956504, 1524.2091956184192, 1518.9135584066646, 1508.7028067590245, 1518.457432579931]",12,7,3,29.150000000000006,-26.49000000000001,6,28,4,21,15,14,6,19,10,27
2019-2020,Columbus Blue Jackets,CBJ,70,33,22,15,25,33,81,0.579,180,187,-7,180,183,184.24,165.8,2272,2092,91.25,1.25,1.22,1.3133000000000001,1.2158,0.5061,0.5193,0.5197999999999999,0.4911,0.5086999999999999,0.068,0.9281,28,26,"[26.0, 2.0, 15.0, 9.0, 24.0]","[1500.0, 1483.8828969086571, 1466.8395078430033, 1474.26729509806, 1466.8215940277062, 1477.6794361529244, 1484.3741682262637, 1478.8028906191523, 1472.2411688007378, 1480.6215496169384, 1487.2779419869732, 1474.249076014631, 1458.8284956988157, 1454.267206032931, 1439.028320308283, 1432.0033353902647, 1443.7224886917163, 1435.2636212942853, 1434.5664741967207, 1443.2231692876371, 1462.1876961333207, 1468.304677855985, 1461.6866954388356, 1470.193081883509, 1462.5388658574857, 1480.914741746442, 1471.6261103506008, 1459.4427819663415, 1451.8342275273735, 1439.9094178163307, 1464.894288460939, 1460.6660997523718, 1455.329840416239, 1476.9338786803687, 1485.9835226854543, 1491.335057005639, 1502.7559114108217, 1512.4429555210977, 1508.1928305584445, 1502.479570162889, 1517.9306740195198, 1526.4444252187452, 1515.185489063409, 1526.0902438009575, 1532.1897701996438, 1516.479413736258, 1532.3590525614284, 1547.9247869274222, 1555.3359485643598, 1566.435153007407, 1573.7955337256842, 1578.5899732177645, 1569.054346316597, 1575.9938661985143, 1581.5793765895055, 1584.7585791006984, 1575.4831191621856, 1569.8731003097705, 1560.3810141276845, 1545.0008389179827, 1539.1963550010255, 1523.469883167446, 1517.2065605348355, 1512.990705434031, 1515.9267347646207, 1508.2251867366317, 1488.5263488901207, 1500.7905688393766, 1495.2603591645816, 1482.8939351381096, 1492.0484583416855]",13,8,5,-4.240000000000009,-17.19999999999999,26,5,23,4,25,1,8,7,23,18
2019-2020,Carolina Hurricanes,CAR,68,38,25,5,27,33,81,0.596,222,193,29,217,193,222.69,193.13,2262,1995,90.33,1.41,1.36,1.4358000000000002,1.2934,0.509,0.5261,0.5287,0.5429999999999999,0.5359,0.08109999999999999,0.9122,44,36,"[24.0, 22.0, 23.0, 13.0, 6.0]","[1500.0, 1503.1386701595557, 1510.6032374971346, 1516.2288439589074, 1531.800097666278, 1543.782175710386, 1532.9243335851677, 1544.5180129573162, 1526.479050063189, 1515.1873637085848, 1508.53097133855, 1521.887678404884, 1528.1666207883004, 1539.188203787858, 1521.197927575729, 1505.5566613209294, 1491.0849834030614, 1475.796161918007, 1494.558680777371, 1501.5214666417703, 1507.5855488966913, 1521.9796616950534, 1507.0477488121849, 1519.8068730275604, 1528.514381286961, 1520.3921224543767, 1501.2639434105888, 1510.7449906049856, 1503.0100424716877, 1505.886699915823, 1522.886487862879, 1537.8074163173978, 1530.9626369777184, 1548.9403814261816, 1565.1014670924317, 1580.11144625932, 1563.8068542925616, 1551.428223536739, 1536.6076652155773, 1549.9636833070654, 1559.7099013776203, 1550.827405098242, 1537.5484196797547, 1542.0014522590486, 1554.9977711835418, 1562.6321239536298, 1550.0420559665056, 1542.630894329568, 1531.989910092057, 1533.9604597264663, 1545.3514861702863, 1534.6302696279154, 1538.7173076299248, 1523.6211590854157, 1535.5562601625916, 1539.925013967421, 1524.6232127088506, 1535.7012013614403, 1528.372064970244, 1543.6806354515727, 1526.878765640029, 1543.4290195639956, 1525.852070765893, 1518.3491899704586, 1511.1583374941822, 1502.00843267352, 1507.831915938603, 1525.7495262580462, 1532.6368791136383]",11,6,4,-5.689999999999998,0.12999999999999545,14,13,3,15,8,16,3,3,25,8
2019-2020,New York Islanders,NYI,68,35,23,10,24,32,80,0.588,192,193,-1,189,190,182.98,187.89,2016,2124,91.05,1.26,1.33,1.3041999999999998,1.3581,0.4865,0.4899,0.4794,0.4645,0.4667,0.0788,0.9233,26,28,"[12.0, 16.0, 24.0, 6.0, 19.0]","[1500.0, 1491.4527741947174, 1505.6296190586606, 1489.372424267251, 1477.3903462231433, 1480.5097742519415, 1486.915717991224, 1500.4818155962732, 1507.0435374146878, 1520.0580653700374, 1531.1129303334906, 1542.2847325348232, 1554.2023584017163, 1561.943929743332, 1571.815193438587, 1563.3264039716737, 1569.4429403714075, 1575.0261690688435, 1578.0765383716823, 1583.949913267692, 1588.2200092378102, 1579.6180680820084, 1558.9110492007817, 1538.5455192231625, 1547.8341506190034, 1555.6731300610609, 1539.6136289653891, 1544.4295055069597, 1532.1243337233825, 1550.961045872074, 1563.103767033926, 1567.349881920408, 1541.9979834066278, 1547.2307345276593, 1537.2142532723933, 1527.5272091621173, 1509.922397061279, 1524.448508264568, 1534.286251513978, 1522.875214561096, 1511.6199115572676, 1520.4301612940465, 1525.4352249060582, 1519.2219351126007, 1501.5892475103542, 1510.6361778245391, 1501.7647466818505, 1490.4869044983875, 1488.5163548639784, 1503.1047650970063, 1497.496464030878, 1503.944489496629, 1511.8590664825904, 1504.5977236691149, 1520.3619158612626, 1532.8872185200587, 1511.168760506755, 1503.61410893322, 1495.4316685437536, 1486.0916985376707, 1492.8087323802397, 1504.3931198902208, 1498.7905992073877, 1494.2935209645284, 1480.1746284912094, 1460.8410915528416, 1451.6184291479074, 1445.7949458828243, 1443.867123817996]",14,9,6,6.02000000000001,-2.1100000000000136,22,10,15,22,28,3,28,15,18,10
2019-2020,Winnipeg Jets,WPG,71,37,28,6,30,34,80,0.563,216,203,13,213,201,189.0,214.4,2222,2315,91.32,1.38,1.42,1.2131999999999998,1.5776,0.4929,0.4347,0.4778,0.4855,0.47590000000000005,0.0805,0.9242,41,36,"[22.0, 20.0, 1.0, 8.0, 10.0]","[1500.0, 1488.4099893614673, 1493.6013609558163, 1479.424516091873, 1497.3935162076557, 1510.3609843448814, 1516.765591533096, 1495.8416297363708, 1482.050925055414, 1468.4848274503647, 1474.106597159726, 1465.3114114655448, 1471.6065671668414, 1459.5012010036153, 1468.0164901921862, 1476.3224795374704, 1470.9904618644655, 1488.2831174482428, 1494.7332442854358, 1478.1024999642302, 1487.9822535718947, 1497.7638329879592, 1506.1741703167256, 1496.6330054421337, 1503.2509878592823, 1521.713404622246, 1536.0257808191282, 1526.2371288293632, 1542.7245340769764, 1536.4172046658932, 1542.0157654091556, 1548.5318709399287, 1522.8758354293402, 1538.2000070989634, 1522.038921432713, 1501.5015326875855, 1524.4803464695506, 1504.121253486212, 1498.8318521198034, 1488.6598577578018, 1508.882281854436, 1495.1302700630702, 1489.4624134889486, 1498.0012020323995, 1504.9268348138658, 1498.8369734432747, 1490.0825494243882, 1508.5551839193326, 1491.5195298572428, 1478.873997313499, 1467.482970869679, 1462.6885313775988, 1456.4693188231936, 1474.8109170297816, 1467.5039564406145, 1484.1543563233702, 1494.537115394985, 1509.709117345045, 1492.544480031182, 1482.3592414984362, 1490.0959180911266, 1500.6876677474247, 1514.8175519032684, 1505.165341542993, 1496.760564558526, 1494.2024068388378, 1509.5910263735182, 1502.0879733076208, 1511.5516225119768, 1530.0986980399805, 1540.6765069002947, 1554.213590357322]",15,6,4,24.0,13.400000000000006,19,13,29,31,13,10,17,25,14,2
2019-2020,New York Rangers,NYR,70,37,28,5,31,36,79,0.564,234,222,12,233,220,200.25,234.82,2175,2382,90.76,1.5,1.43,1.3374000000000001,1.5029,0.5119,0.47090000000000004,0.4853,0.4673,0.47509999999999997,0.0889,0.9201,48,48,"[11.0, 5.0, 25.0, 26.0, 12.0]","[1500.0, 1511.5900106385327, 1527.1099672165633, 1510.8633504192924, 1492.7844950046103, 1479.190687976709, 1471.3563002475898, 1465.861678116172, 1486.8141939521008, 1473.2787559832198, 1489.1670306630388, 1499.3406183265247, 1477.6648358221482, 1489.394548790402, 1503.86622670827, 1499.1449150458425, 1505.7234871505116, 1487.5511248748228, 1480.7744916315912, 1500.088889751464, 1485.4686912282534, 1494.8335250930986, 1500.158694449496, 1508.2809532820804, 1504.7511244415996, 1520.6878968619833, 1501.6552938070463, 1509.2638482460145, 1499.2771285174963, 1519.6050521315335, 1503.9089561761432, 1517.858291525476, 1510.500515450928, 1491.7598617428305, 1476.697325421052, 1490.958891042228, 1477.2985061061624, 1492.1190644273245, 1501.1018993869343, 1486.3142154409086, 1478.5456054751048, 1472.5290888718112, 1487.7640761309772, 1499.1206457253604, 1488.2314941392767, 1505.8641817415232, 1514.7356128842118, 1507.375232165935, 1492.7868219329068, 1498.0083536089187, 1502.09255269133, 1488.694126563063, 1502.7438064090022, 1491.8770238207242, 1501.1836183611128, 1518.3482556749757, 1523.2783281496595, 1538.6585033593612, 1527.35560267944, 1542.0954597178566, 1558.8973295294, 1563.5654733077602, 1569.1679939905937, 1581.2503332055303, 1567.0675619827557, 1554.4040842082295, 1540.7156795172173, 1545.4910540778455, 1528.7856593059607, 1541.4904894383449, 1535.9120426905413]",16,10,7,32.75,14.819999999999993,10,19,16,29,4,30,20,30,7,1
2019-2020,Calgary Flames,CGY,70,36,27,7,25,30,79,0.564,210,215,-5,204,214,203.68,198.74,2213,2271,90.58,1.33,1.46,1.4079,1.3753,0.4767,0.5059,0.4917,0.5025,0.4963,0.0764,0.9189,39,31,"[25.0, 17.0, 22.0, 2.0, 22.0]","[1500.0, 1488.4099893614673, 1502.693384881488, 1495.3003044307454, 1499.876312360091, 1484.404261462129, 1471.632609330001, 1485.2091729628312, 1501.10181426816, 1484.6617667180883, 1495.0606409544946, 1482.7145558156226, 1486.3380397903686, 1480.042884089072, 1473.7639417056555, 1482.9418588105452, 1498.1807445351935, 1489.1372201876875, 1496.4503414659805, 1508.9620089265502, 1502.674820676209, 1489.1580170373272, 1476.6616149757538, 1457.374513801005, 1450.7383498854751, 1437.8566997470111, 1444.7181676501073, 1441.0095126903132, 1448.7960112065878, 1461.3540668396572, 1469.2846600053103, 1475.68656472753, 1486.0241669725954, 1504.9515235552435, 1516.737912515756, 1498.7601680672926, 1483.756007689842, 1477.0669310246049, 1499.043412171299, 1484.847502429266, 1501.305361720616, 1484.7198350397357, 1470.9050669072974, 1478.6736768731012, 1484.2472442663511, 1493.2331386246424, 1500.7212024741475, 1507.8562701217058, 1494.005393438413, 1500.654697477135, 1481.05674505995, 1478.103113146866, 1483.9779313220895, 1465.9105970362548, 1450.2134772488469, 1442.155812023807, 1466.427369132079, 1484.763837124066, 1468.5482605297143, 1488.3650062932577, 1468.895342838498, 1479.526203197582, 1474.1823448473983, 1481.47011295624, 1504.0512869569602, 1497.911894038823, 1492.674416768098, 1509.176356014856, 1514.7065656896511, 1522.0102827321623, 1508.9739944862265]",17,7,3,0.3199999999999932,-15.259999999999991,20,22,6,17,15,5,15,24,21,16
2019-2020,Nashville Predators,NSH,69,35,26,8,28,32,78,0.565,215,217,-2,212,214,202.07,189.33,2287,2158,90.08,1.52,1.35,1.3444,1.2919,0.5296,0.51,0.5132,0.5095000000000001,0.5164,0.08560000000000001,0.9198000000000001,36,46,"[13.0, 13.0, 2.0, 10.0, 20.0]","[1500.0, 1514.067449024315, 1499.686365811536, 1511.7384598626863, 1518.790739503022, 1502.7281908431914, 1521.245413617772, 1506.5637373829836, 1500.970205445994, 1520.2879147606288, 1533.2338621612655, 1539.884800527636, 1550.4408244294566, 1541.2629073245669, 1531.089319661081, 1544.545197225078, 1524.784706237715, 1519.5534850897436, 1507.3121132773551, 1485.5796440846043, 1477.169306755838, 1460.7049738500082, 1477.8088246911616, 1482.1714607290096, 1474.5643218158782, 1493.692500859666, 1479.7193494549658, 1473.6068889494709, 1482.7651406362625, 1493.4291540741715, 1486.1046907304467, 1472.016626059109, 1490.7572797672065, 1516.1091782809867, 1508.8909512163773, 1517.1139278228177, 1524.2228317913489, 1508.342928383619, 1498.684695864074, 1488.2099102945192, 1503.559680609524, 1497.987864516261, 1481.49028707639, 1498.351799269065, 1507.1062232879517, 1494.5884282924692, 1476.3675314496747, 1483.816598890982, 1469.4469336260888, 1481.2841800276697, 1484.962200213536, 1468.1974943314644, 1475.5044549206316, 1483.5621201456718, 1476.6465097254666, 1462.6960870874505, 1484.414545100754, 1493.6857715128433, 1501.062243125699, 1485.7536726443705, 1479.7058211059973, 1483.9216762068015, 1488.924357467827, 1495.063750385964, 1488.5377143448316, 1469.5630077617334, 1460.3694479565193, 1474.8992794472845, 1484.699634879206, 1497.6266468189856]",19,8,5,9.930000000000007,-24.669999999999987,8,11,10,13,18,28,5,16,16,25
2019-2020,Vancouver Canucks,VAN,69,36,27,6,27,32,78,0.565,228,217,11,224,214,190.6,212.83,2153,2297,90.68,1.42,1.45,1.3292,1.421,0.49479999999999996,0.4833,0.4797,0.4843,0.49060000000000004,0.086,0.919,52,39,"[30.0, 28.0, 27.0, 22.0, 14.0]","[1500.0, 1492.6451982555895, 1478.3618027355687, 1498.131919654745, 1501.9433982244611, 1517.7849329422895, 1522.1163276064312, 1512.8580377621788, 1520.692425491298, 1534.577859218984, 1529.7297225322443, 1546.14657390569, 1555.4208900231265, 1548.836519371664, 1560.3142090049844, 1552.018543160489, 1532.275520021831, 1514.982864438054, 1504.1615486550745, 1516.4029204674628, 1502.8770732951434, 1496.4850509411776, 1482.064960396112, 1498.5292933019418, 1505.1001379376255, 1497.6965727042952, 1487.571224893319, 1505.9539639047014, 1497.0744521400793, 1509.263779784378, 1514.1434499772758, 1496.2498025221234, 1503.094581861803, 1488.5736298341285, 1474.6467405519563, 1461.414574606828, 1468.524318142807, 1487.4198989636309, 1497.662071524884, 1503.8712319655965, 1520.4567586464766, 1531.1058659821597, 1537.1223825854534, 1520.4799173449696, 1506.3675666279812, 1519.9242655348446, 1535.1372282319794, 1516.664593737035, 1528.2465079746696, 1538.182075906338, 1550.70184297508, 1562.0460548467818, 1567.6543559129102, 1563.5673179109008, 1548.789976936777, 1534.5671582352911, 1510.295601127019, 1524.246023765035, 1536.5926054568938, 1510.9082842184134, 1505.7137523275849, 1531.9359398198244, 1537.7700325990368, 1515.3472145861565, 1504.452817394458, 1492.188597445202, 1478.719189646689, 1498.0021626430637, 1488.8476394394877, 1490.775461504316]",20,9,4,33.400000000000006,-1.1699999999999875,16,24,14,27,2,17,18,28,6,9
2019-2020,Florida Panthers,FLA,69,35,26,8,30,32,78,0.565,231,228,3,228,224,190.04,200.97,2254,2227,89.94,1.58,1.54,1.3037999999999998,1.4033000000000002,0.5064,0.4816,0.5036999999999999,0.4979,0.5007,0.0901,0.9109,43,39,"[4.0, 23.0, 19.0, 18.0, 17.0]","[1500.0, 1485.932550975685, 1494.0487374648576, 1478.4774837574869, 1476.7166959008532, 1473.597267872055, 1486.271268351138, 1480.7228592512336, 1486.3163911882232, 1499.6268623468436, 1496.0033783720976, 1517.190859186863, 1500.7740078134177, 1509.2954740803873, 1520.6938082936294, 1514.878229721961, 1508.7616933222268, 1513.4830049846544, 1519.5475220591195, 1509.667768451455, 1516.4444016946866, 1530.1294976400477, 1534.4737563251424, 1521.7146321097666, 1501.5861056080682, 1495.5497638399115, 1509.522915244612, 1495.4741028221938, 1507.3989125332369, 1521.376866201945, 1512.4279714069833, 1500.2852502451312, 1488.7449899245987, 1505.5195596537746, 1521.7409927324495, 1538.045584699208, 1518.8222039078437, 1522.1623164583614, 1529.2325185782115, 1513.7814147215813, 1527.6993041039818, 1518.0528424191723, 1537.4776903730624, 1519.597249809141, 1533.7096005261294, 1551.406480621453, 1556.1807911215296, 1562.7725764351544, 1569.81883092999, 1577.563156464934, 1555.8447726234235, 1569.7751022761834, 1564.189591885192, 1539.209674772882, 1530.992577281949, 1516.7809086124832, 1528.4334434896075, 1509.7080453368123, 1493.0892076076198, 1505.7460248700545, 1518.8867717956764, 1508.3961885527158, 1497.9825860226665, 1506.6462141738186, 1493.3963501700205, 1488.5020467684385, 1472.0001075216803, 1468.0257283020578, 1482.6805743032871, 1493.6951884234363]",18,11,4,37.96000000000001,-23.03,3,27,19,26,9,17,7,22,5,23
2019-2020,Minnesota Wild,MIN,69,35,27,7,30,33,77,0.558,220,220,0,218,217,175.8,165.81,2077,2115,89.74,1.56,1.4,1.2495,1.1046,0.527,0.5307999999999999,0.5,0.496,0.4971,0.0943,0.9154000000000001,43,40,"[14.0, 3.0, 8.0, 21.0, 18.0]","[1500.0, 1485.932550975685, 1475.3964887898442, 1462.4290206526184, 1447.3332052754008, 1462.295784449947, 1452.6766526004724, 1438.735236867754, 1448.2539099721355, 1467.7333436007077, 1454.7873962000708, 1471.3471232099246, 1456.592881823167, 1450.3604248842933, 1444.7973735679818, 1461.867669399049, 1454.0310152776178, 1464.8309460275416, 1451.032759964823, 1460.585946549675, 1454.521864294754, 1472.5613971175808, 1481.8929752851616, 1478.3481650055228, 1473.0229956491253, 1481.068316405897, 1498.7692147587509, 1503.1529953204758, 1517.201807742894, 1526.1526687458113, 1509.1528807987554, 1502.9313836207705, 1509.5097331067082, 1524.5879997208583, 1509.5292150700582, 1502.0608895565329, 1519.4998481678786, 1496.5210343859137, 1510.7169441279464, 1527.3423340762556, 1512.8162228729668, 1498.135217571495, 1503.8030741456166, 1498.229506752367, 1490.7414429028613, 1475.5284802057265, 1464.5769433515447, 1475.4812044008634, 1498.8979226833635, 1491.851668188528, 1497.2372425932672, 1481.058918118079, 1488.0535269316604, 1502.276345633146, 1511.443029296585, 1504.3764247160009, 1520.7559456293964, 1515.8258731547126, 1499.2068884739697, 1504.4014203647982, 1519.296298814206, 1502.994365386996, 1510.6959134149852, 1519.724009432571, 1539.4228472790817, 1529.7195856757614, 1538.9131454809756, 1545.8819837526432, 1524.571805736727, 1529.236088500044]",21,10,6,42.19999999999999,-51.19,4,18,26,1,9,21,25,11,1,31
2019-2020,Arizona Coyotes,ARI,70,33,29,8,26,28,74,0.529,195,187,8,190,183,186.67,194.79,2220,2270,91.94,1.28,1.27,1.3206,1.3768,0.502,0.48960000000000004,0.4951,0.48369999999999996,0.4832,0.0727,0.9293,38,32,"[27.0, 29.0, 28.0, 19.0, 13.0]","[1500.0, 1492.6451982555895, 1484.3405037705809, 1500.3734978357202, 1495.4702897788234, 1509.2609944597802, 1523.9426706945685, 1534.8555309269711, 1540.350153058389, 1527.335625103039, 1538.3970465948933, 1545.5881599201289, 1526.861974618375, 1541.274427217823, 1547.9131351542542, 1540.6000138759612, 1528.8808605745094, 1518.0809298245856, 1524.875420240939, 1530.378775806766, 1520.825589221914, 1533.3219912834877, 1543.0951466453423, 1525.5255968135111, 1532.379475515464, 1527.427303241105, 1529.137048466751, 1524.3543780258435, 1509.1840708884329, 1521.3673992726922, 1536.29525634503, 1524.4045558099615, 1528.0464163858317, 1509.1190598031835, 1520.9006609183728, 1508.6344622597817, 1515.820127631854, 1498.3811690205082, 1507.8001352665156, 1500.691231297984, 1486.1222673752302, 1473.501940302471, 1490.291154305993, 1499.3895166338937, 1515.3164319960383, 1533.1968725599595, 1520.5914084945437, 1507.5950895700505, 1504.380673654136, 1516.4712699029471, 1504.8893556653125, 1488.6559732513022, 1473.6083788300623, 1465.0418445419673, 1461.9022270074383, 1480.0860605853347, 1468.1509595081588, 1461.4815228435762, 1471.5025064494812, 1467.154537069713, 1457.660815829308, 1473.0728778091227, 1481.255318198589, 1475.283014492127, 1468.5657277281027, 1495.1343090828193, 1486.4706809316672, 1499.3126101730606, 1512.7820179715736, 1505.4783009290622, 1494.9004920687478]",22,11,5,3.3300000000000125,11.789999999999992,24,7,21,18,17,6,14,23,19,4
2019-2020,Chicago Blackhawks,CHI,70,32,30,8,23,28,72,0.514,212,218,-6,208,214,199.97,217.43,2227,2459,91.3,1.47,1.47,1.3844999999999998,1.5508000000000002,0.5,0.4717,0.4707,0.48450000000000004,0.47979999999999995,0.0842,0.9251,29,34,"[7.0, 7.0, 20.0, 20.0, 21.0]","[1500.0, 1492.6451982555895, 1482.6408625578056, 1476.236255369591, 1491.1499786076365, 1496.721256214748, 1483.7591950799997, 1479.888089539206, 1463.7945206673216, 1450.4378136009875, 1466.2929616391718, 1455.7369377373514, 1449.2054456211033, 1458.4960200964267, 1445.742497883977, 1465.4855210226349, 1464.1259692166009, 1472.6546546472623, 1486.9429659378604, 1508.6754351306113, 1521.954356826568, 1507.560244028206, 1493.6480712671198, 1492.530222047119, 1511.0129429606006, 1495.44251723474, 1482.5373124020543, 1467.7899234614824, 1478.9134934541444, 1481.956193686812, 1478.314333110942, 1462.434819632257, 1450.6532185170674, 1445.1424379374896, 1460.2012225882895, 1449.464951655396, 1470.002340400524, 1488.4729991760469, 1460.4703760698162, 1478.0751881706544, 1483.7884485662096, 1497.603216698648, 1486.9541093629648, 1493.204071287519, 1484.2181769292276, 1467.3566647365528, 1476.563996757436, 1482.0739628974377, 1498.1326855357338, 1520.1074766085271, 1532.7530091522708, 1525.0086836173268, 1528.1483011518558, 1521.1536923382744, 1515.961286452569, 1500.7892845025092, 1489.466845952, 1477.1202642601413, 1496.5899277149008, 1488.8532511222104, 1474.1133940837938, 1480.161245622167, 1473.8506840904397, 1468.243119098382, 1492.2418339761036, 1497.1361373776858, 1508.6459070307135, 1516.7893039949668, 1502.790810617698, 1491.1609796330906, 1504.7135945978664]",23,12,7,8.030000000000001,3.430000000000007,12,23,7,30,24,9,13,31,17,7
2019-2020,Montreal Canadiens,MTL,71,31,31,9,19,27,71,0.5,212,221,-9,208,220,205.46,190.54,2423,2208,90.04,1.47,1.42,1.5072999999999999,1.281,0.5086999999999999,0.5406,0.5344,0.5443,0.5374,0.07490000000000001,0.917,28,41,"[19.0, 8.0, 29.0, 16.0, 23.0]","[1500.0, 1496.8613298404443, 1502.5949253416193, 1497.3523637629487, 1483.9915392336277, 1500.023350036195, 1486.4921874475117, 1500.43360318023, 1516.8685004252486, 1507.3498273208668, 1492.2223119445816, 1507.378503996132, 1526.104689297886, 1533.0481902686042, 1516.3829335893174, 1525.8287504129669, 1519.5778014980297, 1524.485601645624, 1525.1827487431883, 1545.0089796292575, 1535.260778502516, 1516.2962516568325, 1508.2300410533849, 1498.8652071885397, 1481.4576483824746, 1465.854481141418, 1460.3151420484824, 1453.9803516291906, 1470.0398527248624, 1463.9418022566822, 1473.9285219852002, 1494.5167134073508, 1499.945548889951, 1487.3285164567988, 1500.5606824019271, 1507.2497590671644, 1498.1913342396597, 1518.550427222998, 1511.3707185882292, 1504.3005164683789, 1494.554298397824, 1487.1782186104529, 1482.0198919358525, 1473.4811033924016, 1462.1757596272512, 1449.1352646733055, 1455.5045120643972, 1469.35538874769, 1453.2966661093938, 1472.47431184812, 1475.893263712099, 1466.0798529066271, 1479.27688761763, 1500.9952714591404, 1494.0557515772232, 1497.108895383883, 1501.4171726661823, 1508.0454713616052, 1498.0244877557002, 1487.998037304276, 1477.438923205409, 1471.923408676245, 1459.7502857531767, 1468.5360677744557, 1481.9651222894204, 1476.131029510208, 1464.0486902952712, 1471.2395427715476, 1490.5730797099154, 1479.4905213808486, 1464.8356753796193, 1451.9086634398398]",24,12,5,2.539999999999992,-29.460000000000008,15,13,2,9,27,20,2,13,20,28
2019-2020,Buffalo Sabres,BUF,69,30,31,8,22,28,68,0.493,195,217,-22,193,215,168.45,189.56,2021,2149,90.0,1.3,1.34,1.1588,1.2772,0.4924,0.4757,0.4813,0.4913,0.4865,0.08199999999999999,0.9215000000000001,34,45,"[20.0, 24.0, 31.0, 25.0, 25.0]","[1500.0, 1513.7747534599148, 1529.8017696264117, 1522.373982371355, 1527.6165439500255, 1529.3773318066592, 1541.699193811436, 1526.4274047970073, 1540.2466340671715, 1547.5797895071826, 1551.6840659966272, 1530.7315501606984, 1540.6440095335013, 1533.4528962082657, 1517.0324177007917, 1509.290846359176, 1499.927263317779, 1488.169719836403, 1481.2069339720035, 1492.9846982577317, 1479.7057765617749, 1461.666243738948, 1456.9145700061624, 1477.0430965078608, 1465.6176822431078, 1457.8311837268332, 1471.4315097957572, 1466.1813658934043, 1482.7161402511065, 1474.7855470854531, 1469.9058768925554, 1477.7262555183108, 1494.5714788740402, 1501.8959422177652, 1497.6498273312832, 1486.6930717521273, 1470.9941542625984, 1478.195428146228, 1466.0414309458918, 1454.020851218772, 1449.478001278505, 1439.2490830188558, 1445.0781846971154, 1454.724646381925, 1444.113648297875, 1430.5569493910116, 1444.7864909830053, 1458.077104023963, 1479.905338584005, 1472.4562711426977, 1452.573218608644, 1439.3761838976409, 1448.9118107988083, 1434.056616257834, 1425.4572249920918, 1436.32400758037, 1427.4328834702717, 1432.2398550108917, 1441.7319411929775, 1460.6359307584169, 1443.4095383201218, 1466.58914332986, 1474.993920314327, 1469.8901301128617, 1461.9125772362406, 1449.0706479948471, 1439.6069987904912, 1428.308214125066, 1423.4227162377704, 1429.164182349416]",25,13,6,24.55000000000001,-25.439999999999998,21,8,30,12,22,27,30,14,13,26
2019-2020,New Jersey Devils,NJD,69,28,29,12,22,24,68,0.493,189,230,-41,185,224,190.4,194.81,2118,2257,90.08,1.22,1.56,1.2198,1.3947,0.4388,0.46659999999999996,0.4704,0.4608,0.46880000000000005,0.07690000000000001,0.9127,36,36,"[23.0, 27.0, 18.0, 28.0, 28.0]","[1500.0, 1494.8086284056508, 1478.781612239154, 1464.5551757984026, 1459.1279887163646, 1447.7462122269117, 1435.0722117478288, 1453.1510671625108, 1462.4093570067632, 1451.3479355149093, 1445.2876619733602, 1441.7765129309478, 1459.766789143077, 1465.0988068160816, 1452.587139355512, 1439.3537643551672, 1450.1750801381468, 1436.989595816413, 1446.7677949812016, 1456.5159961079432, 1443.3011702218369, 1432.8604333466462, 1447.2706223489654, 1439.225301592194, 1454.8284688332508, 1438.891696412867, 1422.3569220551651, 1415.55132984952, 1412.5086296168524, 1403.3503779300609, 1396.758501062763, 1391.8801130951958, 1404.1463117537871, 1417.817089570365, 1408.494868137209, 1397.074013732027, 1425.0766368382576, 1421.1969876471633, 1429.8182892694356, 1437.0678790823715, 1448.4789160352536, 1436.9341399086045, 1431.9290762965925, 1420.5725067022092, 1447.9233185663118, 1466.724411354857, 1456.5081240013906, 1446.8806868768738, 1435.7814824338266, 1440.0935872998416, 1436.4155671139754, 1431.0597540531137, 1428.0066102464536, 1454.9804128626674, 1466.3913175866528, 1454.7387827095283, 1462.6905484062008, 1451.612559753611, 1457.4170436705683, 1444.8258011469115, 1452.4306528391835, 1461.4494078468324, 1470.509407665326, 1463.5277635642851, 1456.5646553927968, 1471.9905739716116, 1461.5131905080596, 1477.8835690929309, 1494.5889638648157, 1476.8256318143297]",26,14,8,-5.400000000000006,-29.189999999999998,27,29,27,25,18,12,22,26,24,29
2019-2020,Anaheim Ducks,ANA,71,29,33,9,20,24,67,0.472,187,226,-39,182,225,191.86,209.52,2108,2285,90.15,1.3,1.48,1.3403,1.518,0.46759999999999996,0.4689,0.4804,0.48310000000000003,0.4833,0.0776,0.9183,25,42,"[10.0, 10.0, 11.0, 29.0, 27.0]","[1500.0, 1507.3548017444105, 1517.3765774162991, 1531.3047768803171, 1522.6930350367977, 1530.138736107151, 1518.366323510439, 1533.638112524868, 1544.9297988794722, 1534.530924643066, 1515.2132153284313, 1506.462623437795, 1526.686443588968, 1511.4344716680068, 1523.539837831233, 1530.1242084826954, 1520.833634007372, 1503.7633381763048, 1485.4888848141568, 1476.5888054817945, 1462.7462169554344, 1483.179870016743, 1473.1641491409548, 1468.81989045586, 1455.7119407148273, 1476.418959596054, 1474.709214370408, 1460.3968381735258, 1471.8952564940917, 1466.2600822557397, 1460.661521512477, 1466.883018690462, 1457.450891589481, 1464.8086676640291, 1452.4211015007766, 1438.7503236841987, 1448.7668049394647, 1434.505239318289, 1443.6667559336097, 1438.4394513048614, 1427.5910351755006, 1418.4926728475996, 1424.0644889408627, 1417.9649625421764, 1407.566858946842, 1398.3595269259588, 1391.7815889861397, 1410.002485828934, 1420.643470066445, 1409.459883619343, 1424.5074780405828, 1419.963585690742, 1434.102135634219, 1438.592898343133, 1434.2846210608334, 1430.831436084037, 1439.7225601941352, 1419.9058144305925, 1445.5901356690729, 1434.9592753099887, 1421.8185283843668, 1416.576465976413, 1412.6626799520036, 1421.4598069191495, 1431.5493211254673, 1416.1234025466524, 1404.6136328936248, 1416.5320080678575, 1426.7427597154976, 1422.0784769521806, 1435.5952667511513, 1426.6047690860214]",27,13,6,-9.860000000000014,-15.47999999999999,23,21,20,28,31,23,27,21,26,17
2019-2020,Los Angeles Kings,LAK,70,29,35,6,21,28,64,0.457,178,212,-34,177,209,202.44,196.56,2325,2079,89.95,1.18,1.4,1.4484000000000001,1.3573,0.45740000000000003,0.5162,0.5279,0.531,0.5276,0.0639,0.9153,31,41,"[6.0, 19.0, 7.0, 31.0, 26.0]","[1500.0, 1492.839657283297, 1500.2327377340396, 1480.4626208148634, 1496.525169474694, 1481.0997907096676, 1469.506111337519, 1455.6868820673546, 1472.1269296174262, 1480.9221153116075, 1467.5206520844022, 1450.9609250745484, 1435.1057770363643, 1425.831460918928, 1432.362953035176, 1423.3407512152066, 1418.5785409950174, 1413.670740847423, 1427.4689269101416, 1433.2315635769885, 1441.5941359048898, 1431.820980543035, 1454.090110510961, 1447.236231809008, 1441.253591231843, 1461.6191212094625, 1448.4180755164396, 1458.2067275062043, 1446.7083091856389, 1438.4291828097437, 1432.3822434268905, 1425.9803387046709, 1441.676434660061, 1451.108561761042, 1450.1729334850663, 1460.637969111454, 1470.5455807377143, 1465.1940464175295, 1457.9927725339, 1446.5292056969206, 1452.9908075514036, 1446.7816471106912, 1461.706208006388, 1446.356437691383, 1435.4516829538345, 1429.4720303300578, 1451.0468409020093, 1443.4124881319212, 1444.1420389507464, 1439.3677284506698, 1427.3425116451149, 1419.8483928900926, 1428.4149271781876, 1414.2763772347107, 1408.2398085984437, 1400.3252316124824, 1388.914326888497, 1379.6077323481084, 1395.8233089424598, 1417.3124201573262, 1406.720670501028, 1417.211253743989, 1416.5103406088083, 1406.7809231633464, 1417.5994108768996, 1424.562519048388, 1448.939694895059, 1454.2353321068133, 1475.5455101227296, 1490.9830242896148, 1496.0572248323276]",28,14,7,-25.439999999999998,-12.439999999999998,29,13,5,16,23,22,4,5,31,15
2019-2020,San Jose Sharks,SJS,70,29,36,5,22,27,63,0.45,182,226,-44,180,225,196.8,205.98,2102,2141,89.49,1.23,1.62,1.3544999999999998,1.3896000000000002,0.4316,0.4936,0.5011,0.5055,0.501,0.0747,0.9012,28,32,"[5.0, 11.0, 9.0, 11.0, 29.0]","[1500.0, 1485.932550975685, 1468.7585301150568, 1458.736754443168, 1446.6846603920178, 1456.6889960898018, 1469.4606482219297, 1487.4996111160567, 1480.166455676046, 1476.0621791866013, 1491.1896945628864, 1477.552584758174, 1461.738568650318, 1451.1923641456665, 1442.6770749570956, 1431.1993853237752, 1443.952907536225, 1451.789561657656, 1457.0207828056275, 1475.0101472682609, 1488.852735794621, 1490.14530554462, 1475.1745115435208, 1482.758341959012, 1491.360283114814, 1497.342923691979, 1478.8805069290156, 1492.0815526220383, 1507.2518597594492, 1493.8157018667405, 1490.9390444226046, 1474.2582605240668, 1460.2803068553587, 1449.6162934174497, 1435.6669580681166, 1450.1879100957913, 1443.0022447237188, 1431.7059777631905, 1421.004338046559, 1414.542736192076, 1440.1913773061665, 1423.688789110778, 1434.8154644297638, 1446.0744005851, 1443.0322570220678, 1438.2482928860704, 1453.9586493494562, 1464.2420190443397, 1452.1514227955283, 1440.3511151191665, 1430.415547187498, 1441.5991336346, 1430.254921762898, 1421.517293181271, 1437.214412968679, 1458.3626392055282, 1440.0261712135414, 1450.2114097462872, 1466.83039442703, 1454.1735771645954, 1446.5687254723234, 1441.9005816939632, 1430.316194183982, 1423.8977456687255, 1430.8793897697665, 1453.1583238744224, 1472.006028212507, 1465.0371899408394, 1456.232208931918, 1450.1097065114466, 1436.5570915466708]",29,15,8,-16.80000000000001,-19.02000000000001,28,30,12,20,25,6,26,10,28,21
2019-2020,Ottawa Senators,OTT,71,25,34,12,18,24,62,0.437,191,243,-52,190,238,206.11,214.17,2175,2384,90.02,1.29,1.55,1.3969,1.4257,0.4542,0.4949,0.47869999999999996,0.4826,0.4855,0.0756,0.9166,27,48,"[17.0, 18.0, 30.0, 30.0, 30.0]","[1500.0, 1488.4099893614673, 1472.8900327834367, 1460.66796463316, 1474.8220445317977, 1459.859465357251, 1458.355693735867, 1447.4428335034645, 1440.3442311093984, 1454.9689122332036, 1443.9140472697504, 1459.7280633776063, 1450.859987593027, 1472.5357700974034, 1462.6645064021486, 1467.4267166223378, 1482.715538107392, 1463.9530192480283, 1477.1385035697622, 1485.67561490945, 1473.8978506237222, 1481.2294082473825, 1489.29561885083, 1503.9158173740404, 1495.409430929367, 1489.2684266802626, 1471.5675283274084, 1459.009472694339, 1446.8201450500403, 1466.8510210463814, 1461.1617416464337, 1482.1394961474923, 1476.7106606648922, 1482.046920001025, 1465.272350271849, 1460.80559003765, 1468.0238171022595, 1464.8507830949472, 1477.0047802952834, 1468.383478673011, 1458.8542568818148, 1444.9363674994142, 1435.552243334715, 1425.5212202407224, 1420.050950369152, 1413.6817029780605, 1408.1717368380591, 1397.0306866706153, 1416.6286390878004, 1412.316534221785, 1432.1995867558392, 1423.9098137899314, 1421.1666872358169, 1416.675924526903, 1406.6194456616734, 1396.2366865900583, 1389.8983700260555, 1399.3920912664605, 1390.6094733306445, 1400.5784492573566, 1417.8048416956517, 1403.674957539808, 1390.2459030248433, 1387.3098736942536, 1382.3071924332285, 1404.7300104461087, 1404.562237994762, 1393.1331355016143, 1402.3557979065486, 1411.16077891547, 1397.6439891164994, 1392.5697885737866]",30,15,7,-16.110000000000014,-23.830000000000013,25,25,8,24,29,29,24,29,27,24
2019-2020,Detroit Red Wings,DET,71,17,49,5,13,14,39,0.275,145,267,-122,142,265,164.43,220.79,1924,2330,88.63,0.92,1.68,1.1228,1.4083,0.3538,0.4436,0.4583,0.45990000000000003,0.4596,0.0611,0.9056000000000001,27,54,"[18.0, 25.0, 26.0, 27.0, 31.0]","[1500.0, 1514.381083212779, 1520.9456734433911, 1507.017473979373, 1520.3782985086946, 1502.2286140304104, 1486.3870793125818, 1470.494438007253, 1465.1098473080535, 1451.2244135803674, 1436.5997324565622, 1426.6872730837592, 1421.3104614726174, 1437.0126671836597, 1425.991084184102, 1414.5927499708598, 1401.1368724068627, 1389.407159438609, 1409.5374375233323, 1419.244435953135, 1428.1445152854974, 1422.3818786186505, 1421.0893088686514, 1413.7577512449914, 1407.6407695223274, 1393.2305805200083, 1384.5230722606077, 1369.5200782186066, 1360.2884478758033, 1352.7726721575216, 1344.933692715464, 1338.5062799621378, 1331.9901744313647, 1357.6462099419532, 1370.2632423751054, 1359.7982067487176, 1350.748562743632, 1344.4987294608836, 1335.0797632148765, 1331.7396506643584, 1328.6670249866163, 1345.169613182005, 1339.010500281672, 1332.760538357118, 1344.0658821222682, 1349.5361519938383, 1335.3066104018449, 1326.25968008766, 1324.3419187179509, 1317.750133404326, 1312.7988698164709, 1307.4132954117315, 1302.19176373572, 1298.1075646533086, 1291.2998028900215, 1299.8991941557638, 1296.719991644571, 1321.711645074676, 1316.9046735340562, 1308.9529078373837, 1305.1595847718718, 1300.46294008134, 1312.6360630044082, 1305.9190291618393, 1298.6312610529976, 1289.5712612345042, 1280.5431652169184, 1280.7109376682652, 1278.328931989888, 1292.3274253671568, 1303.056483266073, 1296.1691304104806]",31,16,8,-22.430000000000007,-44.21000000000001,31,31,31,19,29,31,31,27,30,30
